clause_id,n_folds_selected,selection_frequency,worst_holdout_gt_hurt,n_folds_holdout_gt_zero,n_folds_holdout_productive,sum_holdout_n_neg,nested_loso_portability_ok
S::resid_mean::high_tail::t0.564674735069,6,0.8571428571428571,0,6,0,0,0
AND::abs_ratio_m1::low_tail::t0.371002078056::resid_mean::high_tail::t0.564674735069,6,0.8571428571428571,0,6,0,0,0
AND::score_m_bridge::high_tail::t0.03481099382::resid_mean::high_tail::t0.564674735069,5,0.7142857142857143,0,5,0,0,0
AND::score_m_bridge::low_tail::t0.39499360323::resid_mean::high_tail::t0.564674735069,5,0.7142857142857143,0,5,0,0,0
AND::abs_log_h::high_tail::t0.000758876209::resid_mean::high_tail::t0.564674735069,5,0.7142857142857143,0,5,0,0,0
AND::abs_log_h::low_tail::t0.448460966349::resid_mean::high_tail::t0.564674735069,5,0.7142857142857143,0,5,0,0,0
AND::dist_h::low_tail::t0.473614424467::resid_mean::high_tail::t0.564674735069,5,0.7142857142857143,0,5,0,0,0
AND::abs_ratio_m1::high_tail::t0.000758588314::resid_mean::high_tail::t0.564674735069,5,0.7142857142857143,0,5,0,0,0
AND::dist_h::high_tail::t0.005157791544::resid_mean::high_tail::t0.564674735069,5,0.7142857142857143,0,5,0,0,0
AND::score_m_bridge::high_tail::t0.157571278512::resid_mean::high_tail::t0.564674735069,4,0.5714285714285714,0,4,0,0,0
AND::score_m_bridge::high_tail::t0.138738501072::resid_mean::high_tail::t0.564674735069,2,0.2857142857142857,0,2,0,0,0
AND::score_m_bridge::low_tail::t0.08112179637::abs_log_h::low_tail::t0.005895621656,2,0.2857142857142857,0,2,0,0,0
AND::score_m_bridge::low_tail::t0.063411528431::dist_h::high_tail::t0.052736393735,2,0.2857142857142857,0,2,0,0,0
AND::score_m_bridge::low_tail::t0.08112179637::abs_ratio_m1::low_tail::t0.005878266692,2,0.2857142857142857,0,2,0,0,0
AND::score_m_bridge::high_tail::t0.063411528431::resid_mean::high_tail::t0.564674735069,2,0.2857142857142857,0,2,0,0,0
AND::score_m_bridge::high_tail::t0.073820904642::resid_mean::high_tail::t0.564674735069,2,0.2857142857142857,0,2,0,0,0
AND::score_m_bridge::high_tail::t0.08112179637::resid_mean::high_tail::t0.564674735069,2,0.2857142857142857,0,2,0,0,0
AND::score_m_bridge::high_tail::t0.167546021938::resid_mean::high_tail::t0.564674735069,2,0.2857142857142857,0,2,0,0,0
AND::score_m_bridge::high_tail::t0.233206450939::resid_mean::high_tail::t0.564674735069,2,0.2857142857142857,0,2,0,0,0
AND::score_m_bridge::high_tail::t0.261727982759::resid_mean::high_tail::t0.564674735069,2,0.2857142857142857,0,2,0,0,0
AND::score_m_bridge::high_tail::t0.326739701629::resid_mean::high_tail::t0.564674735069,2,0.2857142857142857,0,2,0,0,0
AND::abs_log_h::high_tail::t0.005895621656::resid_mean::high_tail::t0.564674735069,2,0.2857142857142857,0,2,0,0,0
AND::dist_h::high_tail::t0.031087464001::resid_mean::high_tail::t0.564674735069,2,0.2857142857142857,0,2,0,0,0
AND::dist_h::high_tail::t0.052736393735::resid_mean::high_tail::t0.564674735069,2,0.2857142857142857,0,2,0,0,0
AND::dist_h::high_tail::t0.214476028085::resid_mean::high_tail::t0.564674735069,2,0.2857142857142857,0,2,0,0,0
AND::dist_h::low_tail::t0.410284969211::resid_mean::high_tail::t0.564674735069,2,0.2857142857142857,0,2,0,0,0
AND::abs_ratio_m1::high_tail::t0.005878266692::resid_mean::high_tail::t0.564674735069,2,0.2857142857142857,0,2,0,0,0
AND::score_m_bridge::high_tail::t0.326923546195::resid_mean::high_tail::t0.564674735069,2,0.2857142857142857,0,2,0,0,0
AND::abs_log_h::high_tail::t0.00994430529::resid_mean::high_tail::t0.564674735069,2,0.2857142857142857,0,2,0,0,0
AND::abs_log_h::high_tail::t0.018592662737::resid_mean::high_tail::t0.564674735069,2,0.2857142857142857,0,2,0,0,0
AND::abs_log_h::high_tail::t0.030764308386::resid_mean::high_tail::t0.564674735069,2,0.2857142857142857,0,2,0,0,0
AND::abs_log_h::high_tail::t0.066175352782::resid_mean::high_tail::t0.564674735069,2,0.2857142857142857,0,2,0,0,0
AND::abs_log_h::high_tail::t0.222835043073::resid_mean::high_tail::t0.564674735069,2,0.2857142857142857,0,2,0,0,0
AND::dist_h::low_tail::t0.374009492993::resid_mean::high_tail::t0.564674735069,2,0.2857142857142857,0,2,0,0,0
AND::abs_ratio_m1::high_tail::t0.009894943237::resid_mean::high_tail::t0.564674735069,2,0.2857142857142857,0,2,0,0,0
AND::abs_ratio_m1::high_tail::t0.018491435051::resid_mean::high_tail::t0.564674735069,2,0.2857142857142857,0,2,0,0,0
AND::abs_ratio_m1::high_tail::t0.030945068598::resid_mean::high_tail::t0.564674735069,2,0.2857142857142857,0,2,0,0,0
AND::abs_ratio_m1::high_tail::t0.066067308187::resid_mean::high_tail::t0.564674735069,2,0.2857142857142857,0,2,0,0,0
AND::abs_ratio_m1::high_tail::t0.249615430832::resid_mean::high_tail::t0.564674735069,2,0.2857142857142857,0,2,0,0,0
AND::score_m_bridge::high_tail::t0.255725756288::resid_mean::high_tail::t0.564674735069,2,0.2857142857142857,0,2,0,0,0
AND::dist_h::high_tail::t0.154382057488::resid_mean::high_tail::t0.564674735069,2,0.2857142857142857,0,2,0,0,0
AND::score_m_bridge::low_tail::t0.096744535863::abs_log_h::high_tail::t0.27826962471,1,0.14285714285714285,0,1,0,0,0
AND::score_m_bridge::low_tail::t0.096744535863::abs_log_h::high_tail::t0.380730289221,1,0.14285714285714285,0,1,0,0,0
AND::score_m_bridge::low_tail::t0.106039814651::abs_log_h::high_tail::t0.27826962471,1,0.14285714285714285,0,1,0,0,0
AND::score_m_bridge::low_tail::t0.106039814651::abs_log_h::high_tail::t0.380730289221,1,0.14285714285714285,0,1,0,0,0
AND::score_m_bridge::low_tail::t0.11631911248::abs_log_h::high_tail::t0.27826962471,1,0.14285714285714285,0,1,0,0,0
AND::score_m_bridge::low_tail::t0.11631911248::abs_log_h::high_tail::t0.380730289221,1,0.14285714285714285,0,1,0,0,0
AND::score_m_bridge::low_tail::t0.121946451068::abs_log_h::high_tail::t0.27826962471,1,0.14285714285714285,0,1,0,0,0
AND::score_m_bridge::low_tail::t0.121946451068::abs_log_h::high_tail::t0.380730289221,1,0.14285714285714285,0,1,0,0,0
AND::score_m_bridge::low_tail::t0.12457010746::abs_log_h::high_tail::t0.27826962471,1,0.14285714285714285,0,1,0,0,0
AND::score_m_bridge::low_tail::t0.12457010746::abs_log_h::high_tail::t0.380730289221,1,0.14285714285714285,0,1,0,0,0
AND::score_m_bridge::low_tail::t0.138738501072::abs_log_h::high_tail::t0.27826962471,1,0.14285714285714285,0,1,0,0,0
AND::score_m_bridge::low_tail::t0.138738501072::abs_log_h::high_tail::t0.380730289221,1,0.14285714285714285,0,1,0,0,0
AND::score_m_bridge::low_tail::t0.145949050784::abs_log_h::high_tail::t0.380730289221,1,0.14285714285714285,0,1,0,0,0
AND::score_m_bridge::low_tail::t0.152856138349::abs_log_h::high_tail::t0.380730289221,1,0.14285714285714285,0,1,0,0,0
AND::score_m_bridge::low_tail::t0.16759930253::abs_log_h::high_tail::t0.380730289221,1,0.14285714285714285,0,1,0,0,0
AND::score_m_bridge::low_tail::t0.082705932856::abs_log_h::low_tail::t0.006314496323,1,0.14285714285714285,0,1,0,0,0
AND::score_m_bridge::low_tail::t0.082705932856::abs_log_h::low_tail::t0.009772189707,1,0.14285714285714285,0,1,0,0,0
AND::score_m_bridge::low_tail::t0.096744535863::abs_log_h::low_tail::t0.006314496323,1,0.14285714285714285,0,1,0,0,0
AND::score_m_bridge::low_tail::t0.096744535863::abs_log_h::low_tail::t0.009772189707,1,0.14285714285714285,0,1,0,0,0
AND::score_m_bridge::low_tail::t0.057362759858::dist_h::high_tail::t0.038242764771,1,0.14285714285714285,0,1,0,0,0
AND::score_m_bridge::low_tail::t0.096744535863::abs_ratio_m1::high_tail::t0.273691833019,1,0.14285714285714285,0,1,0,0,0
AND::score_m_bridge::low_tail::t0.096744535863::abs_ratio_m1::high_tail::t0.334022116661,1,0.14285714285714285,0,1,0,0,0
AND::score_m_bridge::low_tail::t0.106039814651::abs_ratio_m1::high_tail::t0.273691833019,1,0.14285714285714285,0,1,0,0,0
AND::score_m_bridge::low_tail::t0.106039814651::abs_ratio_m1::high_tail::t0.334022116661,1,0.14285714285714285,0,1,0,0,0
AND::score_m_bridge::low_tail::t0.11631911248::abs_ratio_m1::high_tail::t0.273691833019,1,0.14285714285714285,0,1,0,0,0
AND::score_m_bridge::low_tail::t0.11631911248::abs_ratio_m1::high_tail::t0.334022116661,1,0.14285714285714285,0,1,0,0,0
AND::score_m_bridge::low_tail::t0.121946451068::abs_ratio_m1::high_tail::t0.273691833019,1,0.14285714285714285,0,1,0,0,0
AND::score_m_bridge::low_tail::t0.121946451068::abs_ratio_m1::high_tail::t0.334022116661,1,0.14285714285714285,0,1,0,0,0
AND::score_m_bridge::low_tail::t0.12457010746::abs_ratio_m1::high_tail::t0.273691833019,1,0.14285714285714285,0,1,0,0,0
AND::score_m_bridge::low_tail::t0.12457010746::abs_ratio_m1::high_tail::t0.334022116661,1,0.14285714285714285,0,1,0,0,0
AND::score_m_bridge::low_tail::t0.138738501072::abs_ratio_m1::high_tail::t0.273691833019,1,0.14285714285714285,0,1,0,0,0
AND::score_m_bridge::low_tail::t0.138738501072::abs_ratio_m1::high_tail::t0.334022116661,1,0.14285714285714285,0,1,0,0,0
AND::score_m_bridge::low_tail::t0.082705932856::abs_ratio_m1::low_tail::t0.006313502789,1,0.14285714285714285,0,1,0,0,0
AND::score_m_bridge::low_tail::t0.082705932856::abs_ratio_m1::low_tail::t0.009743118286,1,0.14285714285714285,0,1,0,0,0
AND::score_m_bridge::low_tail::t0.096744535863::abs_ratio_m1::low_tail::t0.006313502789,1,0.14285714285714285,0,1,0,0,0
AND::score_m_bridge::low_tail::t0.096744535863::abs_ratio_m1::low_tail::t0.009743118286,1,0.14285714285714285,0,1,0,0,0
AND::score_m_bridge::high_tail::t0.057362759858::resid_mean::high_tail::t0.564674735069,1,0.14285714285714285,0,1,0,0,0
AND::score_m_bridge::high_tail::t0.071812923253::resid_mean::high_tail::t0.564674735069,1,0.14285714285714285,0,1,0,0,0
AND::score_m_bridge::high_tail::t0.082705932856::resid_mean::high_tail::t0.564674735069,1,0.14285714285714285,0,1,0,0,0
AND::score_m_bridge::high_tail::t0.096744535863::resid_mean::high_tail::t0.564674735069,1,0.14285714285714285,0,1,0,0,0
AND::score_m_bridge::high_tail::t0.106039814651::resid_mean::high_tail::t0.564674735069,1,0.14285714285714285,0,1,0,0,0
AND::score_m_bridge::high_tail::t0.11631911248::resid_mean::high_tail::t0.564674735069,1,0.14285714285714285,0,1,0,0,0
AND::score_m_bridge::high_tail::t0.121946451068::resid_mean::high_tail::t0.564674735069,1,0.14285714285714285,0,1,0,0,0
AND::score_m_bridge::high_tail::t0.12457010746::resid_mean::high_tail::t0.564674735069,1,0.14285714285714285,0,1,0,0,0
AND::score_m_bridge::high_tail::t0.145949050784::resid_mean::high_tail::t0.564674735069,1,0.14285714285714285,0,1,0,0,0
AND::score_m_bridge::high_tail::t0.152856138349::resid_mean::high_tail::t0.564674735069,1,0.14285714285714285,0,1,0,0,0
AND::score_m_bridge::high_tail::t0.16759930253::resid_mean::high_tail::t0.564674735069,1,0.14285714285714285,0,1,0,0,0
AND::score_m_bridge::high_tail::t0.186189988256::resid_mean::high_tail::t0.564674735069,1,0.14285714285714285,0,1,0,0,0
AND::score_m_bridge::high_tail::t0.203241720796::resid_mean::high_tail::t0.564674735069,1,0.14285714285714285,0,1,0,0,0
AND::score_m_bridge::high_tail::t0.216340243816::resid_mean::high_tail::t0.564674735069,1,0.14285714285714285,0,1,0,0,0
AND::score_m_bridge::high_tail::t0.251654964685::resid_mean::high_tail::t0.564674735069,1,0.14285714285714285,0,1,0,0,0
AND::score_m_bridge::high_tail::t0.266867023706::resid_mean::high_tail::t0.564674735069,1,0.14285714285714285,0,1,0,0,0
AND::score_m_bridge::high_tail::t0.302983438969::resid_mean::high_tail::t0.564674735069,1,0.14285714285714285,0,1,0,0,0
AND::score_m_bridge::high_tail::t0.327169561386::resid_mean::high_tail::t0.564674735069,1,0.14285714285714285,0,1,0,0,0
AND::score_m_bridge::high_tail::t0.12457010746::resid_mean::low_tail::t0.083408424258,1,0.14285714285714285,0,1,0,0,0
AND::score_m_bridge::high_tail::t0.138738501072::resid_mean::low_tail::t0.083408424258,1,0.14285714285714285,0,1,0,0,0
AND::score_m_bridge::high_tail::t0.145949050784::resid_mean::low_tail::t0.083408424258,1,0.14285714285714285,0,1,0,0,0
AND::score_m_bridge::high_tail::t0.145949050784::resid_mean::low_tail::t0.09543556869,1,0.14285714285714285,0,1,0,0,0
AND::score_m_bridge::high_tail::t0.145949050784::resid_mean::low_tail::t0.112051576376,1,0.14285714285714285,0,1,0,0,0
AND::score_m_bridge::high_tail::t0.145949050784::resid_mean::low_tail::t0.118021474779,1,0.14285714285714285,0,1,0,0,0
AND::score_m_bridge::low_tail::t0.057362759858::resid_mean::high_tail::t0.083408424258,1,0.14285714285714285,0,1,0,0,0
AND::score_m_bridge::low_tail::t0.057362759858::resid_mean::high_tail::t0.09543556869,1,0.14285714285714285,0,1,0,0,0
AND::score_m_bridge::low_tail::t0.057362759858::resid_mean::high_tail::t0.112051576376,1,0.14285714285714285,0,1,0,0,0
AND::score_m_bridge::low_tail::t0.057362759858::resid_mean::high_tail::t0.118021474779,1,0.14285714285714285,0,1,0,0,0
AND::score_m_bridge::low_tail::t0.057362759858::resid_mean::high_tail::t0.140798649192,1,0.14285714285714285,0,1,0,0,0
AND::score_m_bridge::low_tail::t0.057362759858::resid_mean::high_tail::t0.15789809823,1,0.14285714285714285,0,1,0,0,0
AND::score_m_bridge::low_tail::t0.057362759858::resid_mean::high_tail::t0.172105413675,1,0.14285714285714285,0,1,0,0,0
AND::score_m_bridge::low_tail::t0.057362759858::resid_mean::high_tail::t0.180801525712,1,0.14285714285714285,0,1,0,0,0
AND::score_m_bridge::low_tail::t0.057362759858::resid_mean::high_tail::t0.186590689421,1,0.14285714285714285,0,1,0,0,0
AND::score_m_bridge::low_tail::t0.071812923253::resid_mean::high_tail::t0.118021474779,1,0.14285714285714285,0,1,0,0,0
AND::score_m_bridge::low_tail::t0.071812923253::resid_mean::high_tail::t0.140798649192,1,0.14285714285714285,0,1,0,0,0
AND::score_m_bridge::low_tail::t0.071812923253::resid_mean::high_tail::t0.15789809823,1,0.14285714285714285,0,1,0,0,0
AND::score_m_bridge::low_tail::t0.071812923253::resid_mean::high_tail::t0.172105413675,1,0.14285714285714285,0,1,0,0,0
AND::score_m_bridge::low_tail::t0.071812923253::resid_mean::high_tail::t0.180801525712,1,0.14285714285714285,0,1,0,0,0
AND::score_m_bridge::low_tail::t0.071812923253::resid_mean::high_tail::t0.186590689421,1,0.14285714285714285,0,1,0,0,0
AND::score_m_bridge::low_tail::t0.082705932856::resid_mean::high_tail::t0.118021474779,1,0.14285714285714285,2,0,0,0,0
AND::score_m_bridge::low_tail::t0.082705932856::resid_mean::high_tail::t0.140798649192,1,0.14285714285714285,2,0,0,0,0
AND::score_m_bridge::low_tail::t0.082705932856::resid_mean::high_tail::t0.15789809823,1,0.14285714285714285,2,0,0,0,0
AND::score_m_bridge::low_tail::t0.082705932856::resid_mean::high_tail::t0.172105413675,1,0.14285714285714285,2,0,0,0,0
AND::score_m_bridge::low_tail::t0.082705932856::resid_mean::high_tail::t0.180801525712,1,0.14285714285714285,2,0,0,0,0
AND::score_m_bridge::low_tail::t0.082705932856::resid_mean::high_tail::t0.186590689421,1,0.14285714285714285,1,0,0,0,0
AND::abs_log_h::low_tail::t0.006314496323::dist_h::low_tail::t0.07399854064,1,0.14285714285714285,0,1,0,0,0
AND::abs_log_h::low_tail::t0.006314496323::dist_h::low_tail::t0.091736523807,1,0.14285714285714285,0,1,0,0,0
AND::abs_log_h::high_tail::t0.02910669893::abs_ratio_m1::low_tail::t0.028987050056,1,0.14285714285714285,0,1,0,0,0
AND::abs_log_h::high_tail::t0.27826962471::abs_ratio_m1::low_tail::t0.273691833019,1,0.14285714285714285,0,1,0,0,0
AND::abs_log_h::low_tail::t0.185914617777::abs_ratio_m1::high_tail::t0.183313727379,1,0.14285714285714285,0,1,0,0,0
AND::abs_log_h::low_tail::t0.19344856441::abs_ratio_m1::high_tail::t0.183313727379,1,0.14285714285714285,0,1,0,0,0
AND::abs_log_h::low_tail::t0.27826962471::abs_ratio_m1::high_tail::t0.273691833019,1,0.14285714285714285,0,1,0,0,0
AND::abs_log_h::high_tail::t0.006314496323::resid_mean::high_tail::t0.564674735069,1,0.14285714285714285,0,1,0,0,0
AND::abs_log_h::high_tail::t0.009772189707::resid_mean::high_tail::t0.564674735069,1,0.14285714285714285,0,1,0,0,0
AND::abs_log_h::high_tail::t0.01421249155::resid_mean::high_tail::t0.564674735069,1,0.14285714285714285,0,1,0,0,0
AND::abs_log_h::high_tail::t0.018687288091::resid_mean::high_tail::t0.564674735069,1,0.14285714285714285,0,1,0,0,0
AND::abs_log_h::high_tail::t0.02910669893::resid_mean::high_tail::t0.564674735069,1,0.14285714285714285,0,1,0,0,0
AND::abs_log_h::high_tail::t0.032943758368::resid_mean::high_tail::t0.564674735069,1,0.14285714285714285,0,1,0,0,0
AND::abs_log_h::high_tail::t0.045788195729::resid_mean::high_tail::t0.564674735069,1,0.14285714285714285,0,1,0,0,0
AND::abs_log_h::high_tail::t0.05120447576::resid_mean::high_tail::t0.564674735069,1,0.14285714285714285,0,1,0,0,0
AND::abs_log_h::high_tail::t0.058579172194::resid_mean::high_tail::t0.564674735069,1,0.14285714285714285,0,1,0,0,0
AND::abs_log_h::high_tail::t0.07390588522::resid_mean::high_tail::t0.564674735069,1,0.14285714285714285,0,1,0,0,0
AND::abs_log_h::high_tail::t0.092215624452::resid_mean::high_tail::t0.564674735069,1,0.14285714285714285,0,1,0,0,0
AND::abs_log_h::high_tail::t0.108247543871::resid_mean::high_tail::t0.564674735069,1,0.14285714285714285,0,1,0,0,0
AND::abs_log_h::high_tail::t0.120638878644::resid_mean::high_tail::t0.564674735069,1,0.14285714285714285,0,1,0,0,0
AND::abs_log_h::high_tail::t0.127115532756::resid_mean::high_tail::t0.564674735069,1,0.14285714285714285,0,1,0,0,0
AND::abs_log_h::high_tail::t0.168087020516::resid_mean::high_tail::t0.564674735069,1,0.14285714285714285,0,1,0,0,0
AND::abs_log_h::high_tail::t0.185914617777::resid_mean::high_tail::t0.564674735069,1,0.14285714285714285,0,1,0,0,0
AND::abs_log_h::high_tail::t0.19344856441::resid_mean::high_tail::t0.564674735069,1,0.14285714285714285,0,1,0,0,0
AND::abs_log_h::high_tail::t0.27826962471::resid_mean::low_tail::t0.118021474779,1,0.14285714285714285,0,1,0,0,0
AND::abs_log_h::low_tail::t0.27826962471::resid_mean::high_tail::t0.564674735069,1,0.14285714285714285,0,1,0,0,0
AND::abs_log_h::low_tail::t0.380730289221::resid_mean::high_tail::t0.564674735069,1,0.14285714285714285,0,1,0,0,0
AND::dist_h::low_tail::t0.07399854064::abs_ratio_m1::low_tail::t0.006313502789,1,0.14285714285714285,0,1,0,0,0
AND::dist_h::low_tail::t0.091736523807::abs_ratio_m1::low_tail::t0.006313502789,1,0.14285714285714285,0,1,0,0,0
AND::dist_h::high_tail::t0.012143719941::resid_mean::high_tail::t0.564674735069,1,0.14285714285714285,0,1,0,0,0
AND::dist_h::high_tail::t0.038242764771::resid_mean::high_tail::t0.564674735069,1,0.14285714285714285,0,1,0,0,0
AND::dist_h::high_tail::t0.054458805174::resid_mean::high_tail::t0.564674735069,1,0.14285714285714285,0,1,0,0,0
AND::dist_h::high_tail::t0.05951211527::resid_mean::high_tail::t0.564674735069,1,0.14285714285714285,0,1,0,0,0
AND::dist_h::high_tail::t0.066367147863::resid_mean::high_tail::t0.564674735069,1,0.14285714285714285,0,1,0,0,0
AND::dist_h::high_tail::t0.07399854064::resid_mean::high_tail::t0.564674735069,1,0.14285714285714285,0,1,0,0,0
AND::dist_h::high_tail::t0.091736523807::resid_mean::high_tail::t0.564674735069,1,0.14285714285714285,0,1,0,0,0
AND::dist_h::high_tail::t0.097961352766::resid_mean::high_tail::t0.564674735069,1,0.14285714285714285,0,1,0,0,0
AND::dist_h::high_tail::t0.106969712675::resid_mean::high_tail::t0.564674735069,1,0.14285714285714285,0,1,0,0,0
AND::dist_h::high_tail::t0.11865388006::resid_mean::high_tail::t0.564674735069,1,0.14285714285714285,0,1,0,0,0
AND::dist_h::high_tail::t0.126542717218::resid_mean::high_tail::t0.564674735069,1,0.14285714285714285,0,1,0,0,0
AND::dist_h::high_tail::t0.149553123116::resid_mean::high_tail::t0.564674735069,1,0.14285714285714285,0,1,0,0,0
AND::dist_h::high_tail::t0.16407558322::resid_mean::high_tail::t0.564674735069,1,0.14285714285714285,0,1,0,0,0
AND::dist_h::high_tail::t0.176848861575::resid_mean::high_tail::t0.564674735069,1,0.14285714285714285,0,1,0,0,0
AND::dist_h::high_tail::t0.19862498641::resid_mean::high_tail::t0.564674735069,1,0.14285714285714285,0,1,0,0,0
AND::dist_h::high_tail::t0.217775389552::resid_mean::high_tail::t0.564674735069,1,0.14285714285714285,0,1,0,0,0
AND::dist_h::high_tail::t0.25051137507::resid_mean::high_tail::t0.564674735069,1,0.14285714285714285,0,1,0,0,0
AND::dist_h::high_tail::t0.285446482897::resid_mean::high_tail::t0.564674735069,1,0.14285714285714285,0,1,0,0,0
AND::dist_h::high_tail::t0.16407558322::resid_mean::low_tail::t0.083408424258,1,0.14285714285714285,0,1,0,0,0
AND::dist_h::low_tail::t0.324556523561::resid_mean::high_tail::t0.564674735069,1,0.14285714285714285,0,1,0,0,0
AND::dist_h::low_tail::t0.38805924058::resid_mean::high_tail::t0.564674735069,1,0.14285714285714285,0,1,0,0,0
AND::abs_ratio_m1::high_tail::t0.006313502789::resid_mean::high_tail::t0.564674735069,1,0.14285714285714285,0,1,0,0,0
AND::abs_ratio_m1::high_tail::t0.009743118286::resid_mean::high_tail::t0.564674735069,1,0.14285714285714285,0,1,0,0,0
AND::abs_ratio_m1::high_tail::t0.01427116394::resid_mean::high_tail::t0.564674735069,1,0.14285714285714285,0,1,0,0,0
AND::abs_ratio_m1::high_tail::t0.018725419044::resid_mean::high_tail::t0.564674735069,1,0.14285714285714285,0,1,0,0,0
AND::abs_ratio_m1::high_tail::t0.028987050056::resid_mean::high_tail::t0.564674735069,1,0.14285714285714285,0,1,0,0,0
AND::abs_ratio_m1::high_tail::t0.032405483723::resid_mean::high_tail::t0.564674735069,1,0.14285714285714285,0,1,0,0,0
AND::abs_ratio_m1::high_tail::t0.046496760845::resid_mean::high_tail::t0.564674735069,1,0.14285714285714285,0,1,0,0,0
AND::abs_ratio_m1::high_tail::t0.052477896214::resid_mean::high_tail::t0.564674735069,1,0.14285714285714285,0,1,0,0,0
AND::abs_ratio_m1::high_tail::t0.056894874573::resid_mean::high_tail::t0.564674735069,1,0.14285714285714285,0,1,0,0,0
AND::abs_ratio_m1::high_tail::t0.071240901947::resid_mean::high_tail::t0.564674735069,1,0.14285714285714285,0,1,0,0,0
AND::abs_ratio_m1::high_tail::t0.088091468811::resid_mean::high_tail::t0.564674735069,1,0.14285714285714285,0,1,0,0,0
AND::abs_ratio_m1::high_tail::t0.103874099255::resid_mean::high_tail::t0.564674735069,1,0.14285714285714285,0,1,0,0,0
AND::abs_ratio_m1::high_tail::t0.113646006584::resid_mean::high_tail::t0.564674735069,1,0.14285714285714285,0,1,0,0,0
AND::abs_ratio_m1::high_tail::t0.135011470318::resid_mean::high_tail::t0.564674735069,1,0.14285714285714285,0,1,0,0,0
AND::abs_ratio_m1::high_tail::t0.167541146278::resid_mean::high_tail::t0.564674735069,1,0.14285714285714285,0,1,0,0,0
AND::abs_ratio_m1::high_tail::t0.171608519554::resid_mean::high_tail::t0.564674735069,1,0.14285714285714285,0,1,0,0,0
AND::abs_ratio_m1::high_tail::t0.183313727379::resid_mean::high_tail::t0.564674735069,1,0.14285714285714285,0,1,0,0,0
AND::abs_ratio_m1::low_tail::t0.273691833019::resid_mean::high_tail::t0.564674735069,1,0.14285714285714285,0,1,0,0,0
AND::abs_ratio_m1::low_tail::t0.334022116661::resid_mean::high_tail::t0.564674735069,1,0.14285714285714285,0,1,0,0,0
AND::score_m_bridge::high_tail::t0.141332727671::abs_log_h::low_tail::t0.005895621656,1,0.14285714285714285,0,1,0,0,0
AND::score_m_bridge::high_tail::t0.149008958042::abs_log_h::low_tail::t0.005895621656,1,0.14285714285714285,0,1,0,0,0
AND::score_m_bridge::high_tail::t0.157571278512::abs_log_h::low_tail::t0.005895621656,1,0.14285714285714285,0,1,0,0,0
AND::score_m_bridge::high_tail::t0.326739701629::abs_log_h::low_tail::t0.028973741923,1,0.14285714285714285,0,1,0,0,0
AND::score_m_bridge::high_tail::t0.326739701629::abs_log_h::low_tail::t0.039576689899,1,0.14285714285714285,1,0,0,0,0
AND::score_m_bridge::high_tail::t0.326739701629::abs_log_h::low_tail::t0.045822620019,1,0.14285714285714285,1,0,0,0,0
AND::score_m_bridge::high_tail::t0.326739701629::abs_log_h::low_tail::t0.051935681701,1,0.14285714285714285,1,0,0,0,0
AND::score_m_bridge::high_tail::t0.326739701629::abs_log_h::low_tail::t0.064724708349,1,0.14285714285714285,1,0,0,0,0
AND::score_m_bridge::high_tail::t0.344474604726::abs_log_h::low_tail::t0.028973741923,1,0.14285714285714285,0,1,0,0,0
AND::score_m_bridge::high_tail::t0.344474604726::abs_log_h::low_tail::t0.039576689899,1,0.14285714285714285,0,1,0,0,0
AND::score_m_bridge::high_tail::t0.344474604726::abs_log_h::low_tail::t0.045822620019,1,0.14285714285714285,0,1,0,0,0
AND::score_m_bridge::high_tail::t0.344474604726::abs_log_h::low_tail::t0.051935681701,1,0.14285714285714285,0,1,0,0,0
AND::score_m_bridge::high_tail::t0.344474604726::abs_log_h::low_tail::t0.064724708349,1,0.14285714285714285,0,1,0,0,0
AND::score_m_bridge::low_tail::t0.095463649929::abs_log_h::high_tail::t0.228337480128,1,0.14285714285714285,0,1,0,0,0
AND::score_m_bridge::low_tail::t0.095463649929::abs_log_h::high_tail::t0.36504316479,1,0.14285714285714285,0,1,0,0,0
AND::score_m_bridge::low_tail::t0.107211342081::abs_log_h::high_tail::t0.228337480128,1,0.14285714285714285,0,1,0,0,0
AND::score_m_bridge::low_tail::t0.107211342081::abs_log_h::high_tail::t0.36504316479,1,0.14285714285714285,0,1,0,0,0
AND::score_m_bridge::low_tail::t0.121850348264::abs_log_h::high_tail::t0.228337480128,1,0.14285714285714285,0,1,0,0,0
AND::score_m_bridge::low_tail::t0.121850348264::abs_log_h::high_tail::t0.36504316479,1,0.14285714285714285,0,1,0,0,0
AND::score_m_bridge::low_tail::t0.125422158092::abs_log_h::high_tail::t0.228337480128,1,0.14285714285714285,0,1,0,0,0
AND::score_m_bridge::low_tail::t0.125422158092::abs_log_h::high_tail::t0.36504316479,1,0.14285714285714285,0,1,0,0,0
AND::score_m_bridge::low_tail::t0.141332727671::abs_log_h::high_tail::t0.228337480128,1,0.14285714285714285,0,1,0,0,0
AND::score_m_bridge::low_tail::t0.141332727671::abs_log_h::high_tail::t0.36504316479,1,0.14285714285714285,0,1,0,0,0
AND::score_m_bridge::low_tail::t0.149008958042::abs_log_h::high_tail::t0.36504316479,1,0.14285714285714285,0,1,0,0,0
AND::score_m_bridge::low_tail::t0.157571278512::abs_log_h::high_tail::t0.36504316479,1,0.14285714285714285,0,1,0,0,0
AND::score_m_bridge::low_tail::t0.167546021938::abs_log_h::high_tail::t0.36504316479,1,0.14285714285714285,0,1,0,0,0
AND::score_m_bridge::low_tail::t0.08112179637::abs_log_h::low_tail::t0.011403228343,1,0.14285714285714285,0,1,0,0,0
AND::score_m_bridge::low_tail::t0.095463649929::abs_log_h::low_tail::t0.005895621656,1,0.14285714285714285,0,1,0,0,0
AND::score_m_bridge::low_tail::t0.095463649929::abs_log_h::low_tail::t0.011403228343,1,0.14285714285714285,0,1,0,0,0
AND::score_m_bridge::high_tail::t0.141332727671::abs_ratio_m1::low_tail::t0.005878266692,1,0.14285714285714285,0,1,0,0,0
AND::score_m_bridge::high_tail::t0.149008958042::abs_ratio_m1::low_tail::t0.005878266692,1,0.14285714285714285,0,1,0,0,0
AND::score_m_bridge::high_tail::t0.157571278512::abs_ratio_m1::low_tail::t0.005878266692,1,0.14285714285714285,0,1,0,0,0
AND::score_m_bridge::high_tail::t0.326739701629::abs_ratio_m1::low_tail::t0.028912082314,1,0.14285714285714285,0,1,0,0,0
AND::score_m_bridge::high_tail::t0.326739701629::abs_ratio_m1::low_tail::t0.039332008362,1,0.14285714285714285,1,0,0,0,0
AND::score_m_bridge::high_tail::t0.326739701629::abs_ratio_m1::low_tail::t0.046889388561,1,0.14285714285714285,1,0,0,0,0
AND::score_m_bridge::high_tail::t0.326739701629::abs_ratio_m1::low_tail::t0.053126990795,1,0.14285714285714285,1,0,0,0,0
AND::score_m_bridge::high_tail::t0.326739701629::abs_ratio_m1::low_tail::t0.062666198611,1,0.14285714285714285,1,0,0,0,0
AND::score_m_bridge::high_tail::t0.344474604726::abs_ratio_m1::low_tail::t0.028912082314,1,0.14285714285714285,0,1,0,0,0
AND::score_m_bridge::high_tail::t0.344474604726::abs_ratio_m1::low_tail::t0.039332008362,1,0.14285714285714285,0,1,0,0,0
AND::score_m_bridge::high_tail::t0.344474604726::abs_ratio_m1::low_tail::t0.046889388561,1,0.14285714285714285,0,1,0,0,0
AND::score_m_bridge::high_tail::t0.344474604726::abs_ratio_m1::low_tail::t0.053126990795,1,0.14285714285714285,0,1,0,0,0
AND::score_m_bridge::high_tail::t0.344474604726::abs_ratio_m1::low_tail::t0.062666198611,1,0.14285714285714285,0,1,0,0,0
AND::score_m_bridge::low_tail::t0.095463649929::abs_ratio_m1::high_tail::t0.252156144381,1,0.14285714285714285,0,1,0,0,0
AND::score_m_bridge::low_tail::t0.095463649929::abs_ratio_m1::high_tail::t0.325192561746,1,0.14285714285714285,0,1,0,0,0
AND::score_m_bridge::low_tail::t0.107211342081::abs_ratio_m1::high_tail::t0.252156144381,1,0.14285714285714285,0,1,0,0,0
AND::score_m_bridge::low_tail::t0.107211342081::abs_ratio_m1::high_tail::t0.325192561746,1,0.14285714285714285,0,1,0,0,0
AND::score_m_bridge::low_tail::t0.121850348264::abs_ratio_m1::high_tail::t0.252156144381,1,0.14285714285714285,0,1,0,0,0
AND::score_m_bridge::low_tail::t0.121850348264::abs_ratio_m1::high_tail::t0.325192561746,1,0.14285714285714285,0,1,0,0,0
AND::score_m_bridge::low_tail::t0.125422158092::abs_ratio_m1::high_tail::t0.252156144381,1,0.14285714285714285,0,1,0,0,0
AND::score_m_bridge::low_tail::t0.125422158092::abs_ratio_m1::high_tail::t0.325192561746,1,0.14285714285714285,0,1,0,0,0
AND::score_m_bridge::low_tail::t0.141332727671::abs_ratio_m1::high_tail::t0.252156144381,1,0.14285714285714285,0,1,0,0,0
AND::score_m_bridge::low_tail::t0.141332727671::abs_ratio_m1::high_tail::t0.325192561746,1,0.14285714285714285,0,1,0,0,0
AND::score_m_bridge::low_tail::t0.08112179637::abs_ratio_m1::low_tail::t0.011338454485,1,0.14285714285714285,0,1,0,0,0
AND::score_m_bridge::low_tail::t0.095463649929::abs_ratio_m1::low_tail::t0.005878266692,1,0.14285714285714285,0,1,0,0,0
AND::score_m_bridge::low_tail::t0.095463649929::abs_ratio_m1::low_tail::t0.011338454485,1,0.14285714285714285,0,1,0,0,0
AND::score_m_bridge::high_tail::t0.095463649929::resid_mean::high_tail::t0.564674735069,1,0.14285714285714285,0,1,0,0,0
AND::score_m_bridge::high_tail::t0.107211342081::resid_mean::high_tail::t0.564674735069,1,0.14285714285714285,0,1,0,0,0
AND::score_m_bridge::high_tail::t0.121850348264::resid_mean::high_tail::t0.564674735069,1,0.14285714285714285,0,1,0,0,0
AND::score_m_bridge::high_tail::t0.125422158092::resid_mean::high_tail::t0.564674735069,1,0.14285714285714285,0,1,0,0,0
AND::score_m_bridge::high_tail::t0.141332727671::resid_mean::high_tail::t0.564674735069,1,0.14285714285714285,0,1,0,0,0
AND::score_m_bridge::high_tail::t0.149008958042::resid_mean::high_tail::t0.564674735069,1,0.14285714285714285,0,1,0,0,0
AND::score_m_bridge::high_tail::t0.181177091599::resid_mean::high_tail::t0.564674735069,1,0.14285714285714285,0,1,0,0,0
AND::score_m_bridge::high_tail::t0.196080127358::resid_mean::high_tail::t0.564674735069,1,0.14285714285714285,0,1,0,0,0
AND::score_m_bridge::high_tail::t0.212579146028::resid_mean::high_tail::t0.564674735069,1,0.14285714285714285,0,1,0,0,0
AND::score_m_bridge::high_tail::t0.30287835449::resid_mean::high_tail::t0.564674735069,1,0.14285714285714285,0,1,0,0,0
AND::score_m_bridge::high_tail::t0.141332727671::resid_mean::low_tail::t0.090885681659,1,0.14285714285714285,0,1,0,0,0
AND::score_m_bridge::high_tail::t0.141332727671::resid_mean::low_tail::t0.110430279374,1,0.14285714285714285,0,1,0,0,0
AND::score_m_bridge::high_tail::t0.141332727671::resid_mean::low_tail::t0.118568787351,1,0.14285714285714285,0,1,0,0,0
AND::score_m_bridge::low_tail::t0.063411528431::resid_mean::high_tail::t0.079592494667,1,0.14285714285714285,0,1,0,0,0
AND::score_m_bridge::low_tail::t0.063411528431::resid_mean::high_tail::t0.090885681659,1,0.14285714285714285,0,1,0,0,0
AND::score_m_bridge::low_tail::t0.063411528431::resid_mean::high_tail::t0.110430279374,1,0.14285714285714285,0,1,0,0,0
AND::score_m_bridge::low_tail::t0.063411528431::resid_mean::high_tail::t0.118568787351,1,0.14285714285714285,0,1,0,0,0
AND::score_m_bridge::low_tail::t0.063411528431::resid_mean::high_tail::t0.140157090127,1,0.14285714285714285,0,1,0,0,0
AND::score_m_bridge::low_tail::t0.063411528431::resid_mean::high_tail::t0.156203012168,1,0.14285714285714285,0,1,0,0,0
AND::score_m_bridge::low_tail::t0.063411528431::resid_mean::high_tail::t0.172802394629,1,0.14285714285714285,0,1,0,0,0
AND::score_m_bridge::low_tail::t0.063411528431::resid_mean::high_tail::t0.18353740871,1,0.14285714285714285,0,1,0,0,0
AND::score_m_bridge::low_tail::t0.063411528431::resid_mean::high_tail::t0.189661107957,1,0.14285714285714285,0,1,0,0,0
AND::score_m_bridge::low_tail::t0.073820904642::resid_mean::high_tail::t0.118568787351,1,0.14285714285714285,0,1,0,0,0
AND::score_m_bridge::low_tail::t0.073820904642::resid_mean::high_tail::t0.140157090127,1,0.14285714285714285,0,1,0,0,0
AND::score_m_bridge::low_tail::t0.073820904642::resid_mean::high_tail::t0.156203012168,1,0.14285714285714285,0,1,0,0,0
AND::score_m_bridge::low_tail::t0.073820904642::resid_mean::high_tail::t0.172802394629,1,0.14285714285714285,0,1,0,0,0
AND::score_m_bridge::low_tail::t0.073820904642::resid_mean::high_tail::t0.18353740871,1,0.14285714285714285,0,1,0,0,0
AND::score_m_bridge::low_tail::t0.073820904642::resid_mean::high_tail::t0.189661107957,1,0.14285714285714285,0,1,0,0,0
AND::score_m_bridge::low_tail::t0.212579146028::resid_mean::high_tail::t0.344785001874,1,0.14285714285714285,0,1,0,0,0
AND::score_m_bridge::low_tail::t0.212579146028::resid_mean::high_tail::t0.396841770411,1,0.14285714285714285,0,1,0,0,0
AND::score_m_bridge::low_tail::t0.233206450939::resid_mean::high_tail::t0.396841770411,1,0.14285714285714285,0,1,0,0,0
AND::score_m_bridge::low_tail::t0.261727982759::resid_mean::high_tail::t0.396841770411,1,0.14285714285714285,0,1,0,0,0
AND::score_m_bridge::low_tail::t0.30287835449::resid_mean::high_tail::t0.396841770411,1,0.14285714285714285,0,1,0,0,0
AND::score_m_bridge::low_tail::t0.344474604726::resid_mean::high_tail::t0.564674735069,1,0.14285714285714285,0,1,0,0,0
AND::abs_log_h::low_tail::t0.028973741923::dist_h::high_tail::t0.298784328997,1,0.14285714285714285,0,1,0,0,0
AND::abs_log_h::low_tail::t0.028973741923::dist_h::high_tail::t0.353845027089,1,0.14285714285714285,0,1,0,0,0
AND::abs_log_h::low_tail::t0.005895621656::dist_h::low_tail::t0.078527629375,1,0.14285714285714285,0,1,0,0,0
AND::abs_log_h::low_tail::t0.005895621656::dist_h::low_tail::t0.091983503848,1,0.14285714285714285,0,1,0,0,0
AND::abs_log_h::high_tail::t0.028973741923::abs_ratio_m1::low_tail::t0.028912082314,1,0.14285714285714285,0,1,0,0,0
AND::abs_log_h::low_tail::t0.108525960147::abs_ratio_m1::high_tail::t0.103534185886,1,0.14285714285714285,1,0,0,0,0
AND::abs_log_h::high_tail::t0.011403228343::resid_mean::high_tail::t0.564674735069,1,0.14285714285714285,0,1,0,0,0
AND::abs_log_h::high_tail::t0.015220448608::resid_mean::high_tail::t0.564674735069,1,0.14285714285714285,0,1,0,0,0
AND::abs_log_h::high_tail::t0.022295620665::resid_mean::high_tail::t0.564674735069,1,0.14285714285714285,0,1,0,0,0
AND::abs_log_h::high_tail::t0.028973741923::resid_mean::high_tail::t0.564674735069,1,0.14285714285714285,0,1,0,0,0
AND::abs_log_h::high_tail::t0.039576689899::resid_mean::high_tail::t0.564674735069,1,0.14285714285714285,0,1,0,0,0
AND::abs_log_h::high_tail::t0.045822620019::resid_mean::high_tail::t0.564674735069,1,0.14285714285714285,0,1,0,0,0
AND::abs_log_h::high_tail::t0.051935681701::resid_mean::high_tail::t0.564674735069,1,0.14285714285714285,0,1,0,0,0
AND::abs_log_h::high_tail::t0.064724708349::resid_mean::high_tail::t0.564674735069,1,0.14285714285714285,0,1,0,0,0
AND::abs_log_h::high_tail::t0.087379291654::resid_mean::high_tail::t0.564674735069,1,0.14285714285714285,0,1,0,0,0
AND::abs_log_h::high_tail::t0.095249708742::resid_mean::high_tail::t0.564674735069,1,0.14285714285714285,0,1,0,0,0
AND::abs_log_h::high_tail::t0.108525960147::resid_mean::high_tail::t0.564674735069,1,0.14285714285714285,0,1,0,0,0
AND::abs_log_h::high_tail::t0.120696916059::resid_mean::high_tail::t0.564674735069,1,0.14285714285714285,0,1,0,0,0
AND::abs_log_h::high_tail::t0.132417140901::resid_mean::high_tail::t0.564674735069,1,0.14285714285714285,0,1,0,0,0
AND::abs_log_h::high_tail::t0.168159432709::resid_mean::high_tail::t0.396841770411,1,0.14285714285714285,0,1,0,0,0
AND::abs_log_h::high_tail::t0.168159432709::resid_mean::high_tail::t0.564674735069,1,0.14285714285714285,0,1,0,0,0
AND::abs_log_h::high_tail::t0.187570691109::resid_mean::high_tail::t0.396841770411,1,0.14285714285714285,0,1,0,0,0
AND::abs_log_h::high_tail::t0.187570691109::resid_mean::high_tail::t0.564674735069,1,0.14285714285714285,0,1,0,0,0
AND::abs_log_h::high_tail::t0.199742830545::resid_mean::high_tail::t0.396841770411,1,0.14285714285714285,0,1,0,0,0
AND::abs_log_h::high_tail::t0.199742830545::resid_mean::high_tail::t0.564674735069,1,0.14285714285714285,0,1,0,0,0
AND::abs_log_h::high_tail::t0.199742830545::resid_mean::low_tail::t0.079592494667,1,0.14285714285714285,0,1,0,0,0
AND::abs_log_h::high_tail::t0.199742830545::resid_mean::low_tail::t0.090885681659,1,0.14285714285714285,0,1,0,0,0
AND::abs_log_h::high_tail::t0.228337480128::resid_mean::low_tail::t0.118568787351,1,0.14285714285714285,0,1,0,0,0
AND::abs_log_h::low_tail::t0.005895621656::resid_mean::high_tail::t0.140157090127,1,0.14285714285714285,0,1,0,0,0
AND::abs_log_h::low_tail::t0.005895621656::resid_mean::high_tail::t0.156203012168,1,0.14285714285714285,0,1,0,0,0
AND::abs_log_h::low_tail::t0.005895621656::resid_mean::high_tail::t0.172802394629,1,0.14285714285714285,0,1,0,0,0
AND::abs_log_h::low_tail::t0.005895621656::resid_mean::high_tail::t0.18353740871,1,0.14285714285714285,0,1,0,0,0
AND::abs_log_h::low_tail::t0.005895621656::resid_mean::high_tail::t0.189661107957,1,0.14285714285714285,0,1,0,0,0
AND::abs_log_h::low_tail::t0.228337480128::resid_mean::high_tail::t0.564674735069,1,0.14285714285714285,0,1,0,0,0
AND::abs_log_h::low_tail::t0.36504316479::resid_mean::high_tail::t0.564674735069,1,0.14285714285714285,0,1,0,0,0
AND::dist_h::high_tail::t0.298784328997::abs_ratio_m1::low_tail::t0.028912082314,1,0.14285714285714285,0,1,0,0,0
AND::dist_h::high_tail::t0.353845027089::abs_ratio_m1::low_tail::t0.028912082314,1,0.14285714285714285,0,1,0,0,0
AND::dist_h::low_tail::t0.078527629375::abs_ratio_m1::low_tail::t0.005878266692,1,0.14285714285714285,0,1,0,0,0
AND::dist_h::low_tail::t0.091983503848::abs_ratio_m1::low_tail::t0.005878266692,1,0.14285714285714285,0,1,0,0,0
AND::dist_h::high_tail::t0.058756927587::resid_mean::high_tail::t0.564674735069,1,0.14285714285714285,0,1,0,0,0
AND::dist_h::high_tail::t0.066807064414::resid_mean::high_tail::t0.564674735069,1,0.14285714285714285,0,1,0,0,0
AND::dist_h::high_tail::t0.078527629375::resid_mean::high_tail::t0.564674735069,1,0.14285714285714285,0,1,0,0,0
AND::dist_h::high_tail::t0.091983503848::resid_mean::high_tail::t0.564674735069,1,0.14285714285714285,0,1,0,0,0
AND::dist_h::high_tail::t0.102145851403::resid_mean::high_tail::t0.564674735069,1,0.14285714285714285,0,1,0,0,0
AND::dist_h::high_tail::t0.109156437218::resid_mean::high_tail::t0.564674735069,1,0.14285714285714285,0,1,0,0,0
AND::dist_h::high_tail::t0.12443401292::resid_mean::high_tail::t0.564674735069,1,0.14285714285714285,0,1,0,0,0
AND::dist_h::high_tail::t0.149876967072::resid_mean::high_tail::t0.564674735069,1,0.14285714285714285,0,1,0,0,0
AND::dist_h::high_tail::t0.158620770276::resid_mean::high_tail::t0.564674735069,1,0.14285714285714285,0,1,0,0,0
AND::dist_h::high_tail::t0.166106155515::resid_mean::high_tail::t0.564674735069,1,0.14285714285714285,0,1,0,0,0
AND::dist_h::high_tail::t0.177044620365::resid_mean::high_tail::t0.564674735069,1,0.14285714285714285,0,1,0,0,0
AND::dist_h::high_tail::t0.234388552606::resid_mean::high_tail::t0.564674735069,1,0.14285714285714285,0,1,0,0,0
AND::dist_h::high_tail::t0.270248627663::resid_mean::high_tail::t0.396841770411,1,0.14285714285714285,0,1,0,0,0
AND::dist_h::high_tail::t0.270248627663::resid_mean::high_tail::t0.564674735069,1,0.14285714285714285,0,1,0,0,0
AND::dist_h::high_tail::t0.298784328997::resid_mean::high_tail::t0.396841770411,1,0.14285714285714285,0,1,0,0,0
AND::dist_h::high_tail::t0.353845027089::resid_mean::high_tail::t0.327450948954,1,0.14285714285714285,0,1,0,0,0
AND::dist_h::low_tail::t0.298784328997::resid_mean::high_tail::t0.564674735069,1,0.14285714285714285,0,1,0,0,0
AND::dist_h::low_tail::t0.353845027089::resid_mean::high_tail::t0.564674735069,1,0.14285714285714285,0,1,0,0,0
AND::abs_ratio_m1::high_tail::t0.011338454485::resid_mean::high_tail::t0.564674735069,1,0.14285714285714285,0,1,0,0,0
AND::abs_ratio_m1::high_tail::t0.015105172992::resid_mean::high_tail::t0.564674735069,1,0.14285714285714285,0,1,0,0,0
AND::abs_ratio_m1::high_tail::t0.022547602654::resid_mean::high_tail::t0.564674735069,1,0.14285714285714285,0,1,0,0,0
AND::abs_ratio_m1::high_tail::t0.028912082314::resid_mean::high_tail::t0.564674735069,1,0.14285714285714285,0,1,0,0,0
AND::abs_ratio_m1::high_tail::t0.039332008362::resid_mean::high_tail::t0.564674735069,1,0.14285714285714285,0,1,0,0,0
AND::abs_ratio_m1::high_tail::t0.046889388561::resid_mean::high_tail::t0.564674735069,1,0.14285714285714285,0,1,0,0,0
AND::abs_ratio_m1::high_tail::t0.053126990795::resid_mean::high_tail::t0.564674735069,1,0.14285714285714285,0,1,0,0,0
AND::abs_ratio_m1::high_tail::t0.062666198611::resid_mean::high_tail::t0.564674735069,1,0.14285714285714285,0,1,0,0,0
AND::abs_ratio_m1::high_tail::t0.086970180273::resid_mean::high_tail::t0.564674735069,1,0.14285714285714285,0,1,0,0,0
AND::abs_ratio_m1::high_tail::t0.090851908922::resid_mean::high_tail::t0.564674735069,1,0.14285714285714285,0,1,0,0,0
AND::abs_ratio_m1::high_tail::t0.103534185886::resid_mean::high_tail::t0.564674735069,1,0.14285714285714285,0,1,0,0,0
AND::abs_ratio_m1::high_tail::t0.113697442412::resid_mean::high_tail::t0.564674735069,1,0.14285714285714285,0,1,0,0,0
AND::abs_ratio_m1::high_tail::t0.134166377783::resid_mean::high_tail::t0.564674735069,1,0.14285714285714285,0,1,0,0,0
AND::abs_ratio_m1::high_tail::t0.167859464884::resid_mean::high_tail::t0.396841770411,1,0.14285714285714285,0,1,0,0,0
AND::abs_ratio_m1::high_tail::t0.167859464884::resid_mean::high_tail::t0.564674735069,1,0.14285714285714285,0,1,0,0,0
AND::abs_ratio_m1::high_tail::t0.172816586494::resid_mean::high_tail::t0.396841770411,1,0.14285714285714285,0,1,0,0,0
AND::abs_ratio_m1::high_tail::t0.172816586494::resid_mean::high_tail::t0.564674735069,1,0.14285714285714285,0,1,0,0,0
AND::abs_ratio_m1::high_tail::t0.184935334325::resid_mean::high_tail::t0.396841770411,1,0.14285714285714285,0,1,0,0,0
AND::abs_ratio_m1::high_tail::t0.184935334325::resid_mean::high_tail::t0.564674735069,1,0.14285714285714285,0,1,0,0,0
AND::abs_ratio_m1::high_tail::t0.172816586494::resid_mean::low_tail::t0.079592494667,1,0.14285714285714285,0,1,0,0,0
AND::abs_ratio_m1::high_tail::t0.184935334325::resid_mean::low_tail::t0.079592494667,1,0.14285714285714285,0,1,0,0,0
AND::abs_ratio_m1::high_tail::t0.184935334325::resid_mean::low_tail::t0.090885681659,1,0.14285714285714285,0,1,0,0,0
AND::abs_ratio_m1::high_tail::t0.252156144381::resid_mean::low_tail::t0.118568787351,1,0.14285714285714285,0,1,0,0,0
AND::abs_ratio_m1::low_tail::t0.005878266692::resid_mean::high_tail::t0.140157090127,1,0.14285714285714285,0,1,0,0,0
AND::abs_ratio_m1::low_tail::t0.005878266692::resid_mean::high_tail::t0.156203012168,1,0.14285714285714285,0,1,0,0,0
AND::abs_ratio_m1::low_tail::t0.005878266692::resid_mean::high_tail::t0.172802394629,1,0.14285714285714285,0,1,0,0,0
AND::abs_ratio_m1::low_tail::t0.005878266692::resid_mean::high_tail::t0.18353740871,1,0.14285714285714285,0,1,0,0,0
AND::abs_ratio_m1::low_tail::t0.005878266692::resid_mean::high_tail::t0.189661107957,1,0.14285714285714285,0,1,0,0,0
AND::abs_ratio_m1::low_tail::t0.252156144381::resid_mean::high_tail::t0.564674735069,1,0.14285714285714285,0,1,0,0,0
AND::abs_ratio_m1::low_tail::t0.325192561746::resid_mean::high_tail::t0.564674735069,1,0.14285714285714285,0,1,0,0,0
S::score_m_bridge::low_tail::t0.05069103837,1,0.14285714285714285,2,0,0,0,0
S::score_m_bridge::low_tail::t0.052963655442,1,0.14285714285714285,2,0,0,0,0
S::dist_h::high_tail::t0.47145602107,1,0.14285714285714285,1,0,0,0,0
AND::score_m_bridge::low_tail::t0.05069103837::abs_log_h::high_tail::t0.000758876209,1,0.14285714285714285,2,0,0,0,0
AND::score_m_bridge::low_tail::t0.05069103837::abs_log_h::high_tail::t0.006459435425,1,0.14285714285714285,2,0,0,0,0
AND::score_m_bridge::low_tail::t0.05069103837::abs_log_h::high_tail::t0.00994430529,1,0.14285714285714285,2,0,0,0,0
AND::score_m_bridge::low_tail::t0.05069103837::abs_log_h::high_tail::t0.014449248044,1,0.14285714285714285,1,0,0,0,0
AND::score_m_bridge::low_tail::t0.05069103837::abs_log_h::high_tail::t0.018592662737,1,0.14285714285714285,1,0,0,0,0
AND::score_m_bridge::low_tail::t0.05069103837::abs_log_h::high_tail::t0.027042008936,1,0.14285714285714285,1,0,0,0,0
AND::score_m_bridge::low_tail::t0.05069103837::abs_log_h::high_tail::t0.030764308386,1,0.14285714285714285,1,0,0,0,0
AND::score_m_bridge::low_tail::t0.05069103837::abs_log_h::high_tail::t0.040761755221,1,0.14285714285714285,1,0,0,0,0
AND::score_m_bridge::low_tail::t0.05069103837::abs_log_h::high_tail::t0.047993644327,1,0.14285714285714285,1,0,0,0,0
AND::score_m_bridge::low_tail::t0.05069103837::abs_log_h::high_tail::t0.05514558237,1,0.14285714285714285,1,0,0,0,0
AND::score_m_bridge::low_tail::t0.05069103837::abs_log_h::high_tail::t0.066175352782,1,0.14285714285714285,1,0,0,0,0
AND::score_m_bridge::low_tail::t0.075979778916::abs_log_h::high_tail::t0.047993644327,1,0.14285714285714285,3,0,0,0,0
AND::score_m_bridge::low_tail::t0.075979778916::abs_log_h::high_tail::t0.05514558237,1,0.14285714285714285,3,0,0,0,0
AND::score_m_bridge::low_tail::t0.075979778916::abs_log_h::high_tail::t0.066175352782,1,0.14285714285714285,3,0,0,0,0
AND::score_m_bridge::low_tail::t0.096811310947::abs_log_h::high_tail::t0.222835043073,1,0.14285714285714285,0,1,0,0,0
AND::score_m_bridge::low_tail::t0.096811310947::abs_log_h::high_tail::t0.35001065582,1,0.14285714285714285,0,1,0,0,0
AND::score_m_bridge::low_tail::t0.106763499975::abs_log_h::high_tail::t0.222835043073,1,0.14285714285714285,0,1,0,0,0
AND::score_m_bridge::low_tail::t0.106763499975::abs_log_h::high_tail::t0.35001065582,1,0.14285714285714285,0,1,0,0,0
AND::score_m_bridge::low_tail::t0.11890248768::abs_log_h::high_tail::t0.222835043073,1,0.14285714285714285,0,1,0,0,0
AND::score_m_bridge::low_tail::t0.11890248768::abs_log_h::high_tail::t0.35001065582,1,0.14285714285714285,0,1,0,0,0
AND::score_m_bridge::low_tail::t0.122963758558::abs_log_h::high_tail::t0.222835043073,1,0.14285714285714285,0,1,1,1,0
AND::score_m_bridge::low_tail::t0.122963758558::abs_log_h::high_tail::t0.35001065582,1,0.14285714285714285,0,1,0,0,0
AND::score_m_bridge::low_tail::t0.13887032792::abs_log_h::high_tail::t0.222835043073,1,0.14285714285714285,0,1,1,1,0
AND::score_m_bridge::low_tail::t0.13887032792::abs_log_h::high_tail::t0.35001065582,1,0.14285714285714285,0,1,0,0,0
AND::score_m_bridge::low_tail::t0.148634570837::abs_log_h::high_tail::t0.35001065582,1,0.14285714285714285,0,1,0,0,0
AND::score_m_bridge::low_tail::t0.156670081615::abs_log_h::high_tail::t0.35001065582,1,0.14285714285714285,0,1,0,0,0
AND::score_m_bridge::low_tail::t0.164511650801::abs_log_h::high_tail::t0.35001065582,1,0.14285714285714285,0,1,0,0,0
AND::score_m_bridge::low_tail::t0.05069103837::abs_log_h::low_tail::t0.084381631762,1,0.14285714285714285,1,0,0,0,0
AND::score_m_bridge::low_tail::t0.05069103837::abs_log_h::low_tail::t0.092976048589,1,0.14285714285714285,1,0,0,0,0
AND::score_m_bridge::low_tail::t0.05069103837::abs_log_h::low_tail::t0.106816808134,1,0.14285714285714285,1,0,0,0,0
AND::score_m_bridge::low_tail::t0.05069103837::abs_log_h::low_tail::t0.117396195978,1,0.14285714285714285,1,0,0,0,0
AND::score_m_bridge::low_tail::t0.05069103837::abs_log_h::low_tail::t0.142886117101,1,0.14285714285714285,1,0,0,0,0
AND::score_m_bridge::low_tail::t0.05069103837::abs_log_h::low_tail::t0.168318739533,1,0.14285714285714285,1,0,0,0,0
AND::score_m_bridge::low_tail::t0.05069103837::abs_log_h::low_tail::t0.191466833651,1,0.14285714285714285,2,0,0,0,0
AND::score_m_bridge::low_tail::t0.05069103837::abs_log_h::low_tail::t0.222835043073,1,0.14285714285714285,2,0,0,0,0
AND::score_m_bridge::low_tail::t0.05069103837::abs_log_h::low_tail::t0.35001065582,1,0.14285714285714285,2,0,0,0,0
AND::score_m_bridge::low_tail::t0.05069103837::abs_log_h::low_tail::t0.448460966349,1,0.14285714285714285,2,0,0,0,0
AND::score_m_bridge::high_tail::t0.05069103837::dist_h::high_tail::t0.47145602107,1,0.14285714285714285,1,0,0,0,0
AND::score_m_bridge::high_tail::t0.075979778916::dist_h::high_tail::t0.47145602107,1,0.14285714285714285,1,0,0,0,0
AND::score_m_bridge::high_tail::t0.08851210475::dist_h::high_tail::t0.47145602107,1,0.14285714285714285,1,0,0,0,0
AND::score_m_bridge::high_tail::t0.096811310947::dist_h::high_tail::t0.47145602107,1,0.14285714285714285,1,0,0,0,0
AND::score_m_bridge::high_tail::t0.106763499975::dist_h::high_tail::t0.47145602107,1,0.14285714285714285,1,0,0,0,0
AND::score_m_bridge::high_tail::t0.11890248768::dist_h::high_tail::t0.47145602107,1,0.14285714285714285,1,0,0,0,0
AND::score_m_bridge::high_tail::t0.122963758558::dist_h::high_tail::t0.47145602107,1,0.14285714285714285,1,0,0,0,0
AND::score_m_bridge::high_tail::t0.13887032792::dist_h::high_tail::t0.47145602107,1,0.14285714285714285,1,0,0,0,0
AND::score_m_bridge::high_tail::t0.148634570837::dist_h::high_tail::t0.47145602107,1,0.14285714285714285,1,0,0,0,0
AND::score_m_bridge::high_tail::t0.156670081615::dist_h::high_tail::t0.47145602107,1,0.14285714285714285,1,0,0,0,0
AND::score_m_bridge::high_tail::t0.164511650801::dist_h::high_tail::t0.47145602107,1,0.14285714285714285,1,0,0,0,0
AND::score_m_bridge::high_tail::t0.178747823089::dist_h::high_tail::t0.47145602107,1,0.14285714285714285,1,0,0,0,0
AND::score_m_bridge::high_tail::t0.197817289829::dist_h::high_tail::t0.47145602107,1,0.14285714285714285,1,0,0,0,0
AND::score_m_bridge::high_tail::t0.211745636165::dist_h::high_tail::t0.47145602107,1,0.14285714285714285,1,0,0,0,0
AND::score_m_bridge::low_tail::t0.05069103837::dist_h::high_tail::t0.005157791544,1,0.14285714285714285,2,0,0,0,0
AND::score_m_bridge::low_tail::t0.05069103837::dist_h::high_tail::t0.047581697628,1,0.14285714285714285,0,1,0,0,0
OR::score_m_bridge::low_tail::t0.05069103837::dist_h::high_tail::t0.47145602107,1,0.14285714285714285,3,0,0,0,0
AND::score_m_bridge::low_tail::t0.228364168108::dist_h::high_tail::t0.47145602107,1,0.14285714285714285,0,1,0,0,0
AND::score_m_bridge::low_tail::t0.261743858457::dist_h::high_tail::t0.47145602107,1,0.14285714285714285,0,1,0,0,0
AND::score_m_bridge::low_tail::t0.288136857748::dist_h::high_tail::t0.47145602107,1,0.14285714285714285,0,1,0,0,0
AND::score_m_bridge::low_tail::t0.316207659245::dist_h::high_tail::t0.47145602107,1,0.14285714285714285,0,1,0,0,0
AND::score_m_bridge::low_tail::t0.326923546195::dist_h::high_tail::t0.47145602107,1,0.14285714285714285,0,1,0,0,0
AND::score_m_bridge::low_tail::t0.343868987262::dist_h::high_tail::t0.47145602107,1,0.14285714285714285,0,1,0,0,0
AND::score_m_bridge::low_tail::t0.379681617022::dist_h::high_tail::t0.47145602107,1,0.14285714285714285,0,1,0,0,0
AND::score_m_bridge::low_tail::t0.05069103837::dist_h::low_tail::t0.055063869432,1,0.14285714285714285,2,0,0,0,0
AND::score_m_bridge::low_tail::t0.05069103837::dist_h::low_tail::t0.066097033396,1,0.14285714285714285,2,0,0,0,0
AND::score_m_bridge::low_tail::t0.05069103837::dist_h::low_tail::t0.082013228536,1,0.14285714285714285,2,0,0,0,0
AND::score_m_bridge::low_tail::t0.05069103837::dist_h::low_tail::t0.095765098929,1,0.14285714285714285,2,0,0,0,0
AND::score_m_bridge::low_tail::t0.05069103837::dist_h::low_tail::t0.099984550476,1,0.14285714285714285,2,0,0,0,0
AND::score_m_bridge::low_tail::t0.05069103837::dist_h::low_tail::t0.109542358667,1,0.14285714285714285,2,0,0,0,0
AND::score_m_bridge::low_tail::t0.05069103837::dist_h::low_tail::t0.121797148883,1,0.14285714285714285,2,0,0,0,0
AND::score_m_bridge::low_tail::t0.05069103837::dist_h::low_tail::t0.152775718272,1,0.14285714285714285,2,0,0,0,0
AND::score_m_bridge::low_tail::t0.05069103837::dist_h::low_tail::t0.16064555198,1,0.14285714285714285,2,0,0,0,0
AND::score_m_bridge::low_tail::t0.05069103837::dist_h::low_tail::t0.169761972129,1,0.14285714285714285,2,0,0,0,0
AND::score_m_bridge::low_tail::t0.05069103837::dist_h::low_tail::t0.178793755174,1,0.14285714285714285,2,0,0,0,0
AND::score_m_bridge::low_tail::t0.05069103837::dist_h::low_tail::t0.214291825145,1,0.14285714285714285,2,0,0,0,0
AND::score_m_bridge::low_tail::t0.05069103837::dist_h::low_tail::t0.235396057367,1,0.14285714285714285,2,0,0,0,0
AND::score_m_bridge::low_tail::t0.05069103837::dist_h::low_tail::t0.270344465971,1,0.14285714285714285,2,0,0,0,0
AND::score_m_bridge::low_tail::t0.05069103837::dist_h::low_tail::t0.290708065033,1,0.14285714285714285,2,0,0,0,0
AND::score_m_bridge::low_tail::t0.05069103837::dist_h::low_tail::t0.326888220012,1,0.14285714285714285,2,0,0,0,0
AND::score_m_bridge::low_tail::t0.05069103837::dist_h::low_tail::t0.374009492993,1,0.14285714285714285,2,0,0,0,0
AND::score_m_bridge::low_tail::t0.05069103837::dist_h::low_tail::t0.408774138987,1,0.14285714285714285,2,0,0,0,0
AND::score_m_bridge::low_tail::t0.05069103837::dist_h::low_tail::t0.47145602107,1,0.14285714285714285,2,0,0,0,0
AND::score_m_bridge::low_tail::t0.075979778916::dist_h::low_tail::t0.055063869432,1,0.14285714285714285,3,0,0,0,0
AND::score_m_bridge::low_tail::t0.05069103837::abs_ratio_m1::high_tail::t0.000758588314,1,0.14285714285714285,2,0,0,0,0
AND::score_m_bridge::low_tail::t0.05069103837::abs_ratio_m1::high_tail::t0.006464645267,1,0.14285714285714285,2,0,0,0,0
AND::score_m_bridge::low_tail::t0.05069103837::abs_ratio_m1::high_tail::t0.009894943237,1,0.14285714285714285,2,0,0,0,0
AND::score_m_bridge::low_tail::t0.05069103837::abs_ratio_m1::high_tail::t0.014414983988,1,0.14285714285714285,1,0,0,0,0
AND::score_m_bridge::low_tail::t0.05069103837::abs_ratio_m1::high_tail::t0.018491435051,1,0.14285714285714285,1,0,0,0,0
AND::score_m_bridge::low_tail::t0.05069103837::abs_ratio_m1::high_tail::t0.026914089918,1,0.14285714285714285,1,0,0,0,0
AND::score_m_bridge::low_tail::t0.05069103837::abs_ratio_m1::high_tail::t0.030945068598,1,0.14285714285714285,1,0,0,0,0
AND::score_m_bridge::low_tail::t0.05069103837::abs_ratio_m1::high_tail::t0.041605454683,1,0.14285714285714285,1,0,0,0,0
AND::score_m_bridge::low_tail::t0.05069103837::abs_ratio_m1::high_tail::t0.04916408062,1,0.14285714285714285,1,0,0,0,0
AND::score_m_bridge::low_tail::t0.05069103837::abs_ratio_m1::high_tail::t0.054063341022,1,0.14285714285714285,1,0,0,0,0
AND::score_m_bridge::low_tail::t0.05069103837::abs_ratio_m1::high_tail::t0.066067308187,1,0.14285714285714285,1,0,0,0,0
AND::score_m_bridge::low_tail::t0.075979778916::abs_ratio_m1::high_tail::t0.04916408062,1,0.14285714285714285,3,0,0,0,0
AND::score_m_bridge::low_tail::t0.075979778916::abs_ratio_m1::high_tail::t0.054063341022,1,0.14285714285714285,3,0,0,0,0
AND::score_m_bridge::low_tail::t0.075979778916::abs_ratio_m1::high_tail::t0.066067308187,1,0.14285714285714285,3,0,0,0,0
AND::score_m_bridge::low_tail::t0.096811310947::abs_ratio_m1::high_tail::t0.249615430832,1,0.14285714285714285,0,1,0,0,0
AND::score_m_bridge::low_tail::t0.096811310947::abs_ratio_m1::high_tail::t0.33161405623,1,0.14285714285714285,0,1,0,0,0
AND::score_m_bridge::low_tail::t0.106763499975::abs_ratio_m1::high_tail::t0.249615430832,1,0.14285714285714285,0,1,0,0,0
AND::score_m_bridge::low_tail::t0.106763499975::abs_ratio_m1::high_tail::t0.33161405623,1,0.14285714285714285,0,1,0,0,0
AND::score_m_bridge::low_tail::t0.11890248768::abs_ratio_m1::high_tail::t0.249615430832,1,0.14285714285714285,0,1,0,0,0
AND::score_m_bridge::low_tail::t0.11890248768::abs_ratio_m1::high_tail::t0.33161405623,1,0.14285714285714285,0,1,0,0,0
AND::score_m_bridge::low_tail::t0.122963758558::abs_ratio_m1::high_tail::t0.249615430832,1,0.14285714285714285,0,1,1,1,0
AND::score_m_bridge::low_tail::t0.122963758558::abs_ratio_m1::high_tail::t0.33161405623,1,0.14285714285714285,0,1,0,0,0
AND::score_m_bridge::low_tail::t0.13887032792::abs_ratio_m1::high_tail::t0.249615430832,1,0.14285714285714285,0,1,1,1,0
AND::score_m_bridge::low_tail::t0.13887032792::abs_ratio_m1::high_tail::t0.33161405623,1,0.14285714285714285,0,1,0,0,0
AND::score_m_bridge::low_tail::t0.05069103837::abs_ratio_m1::low_tail::t0.081249836087,1,0.14285714285714285,1,0,0,0,0
AND::score_m_bridge::low_tail::t0.05069103837::abs_ratio_m1::low_tail::t0.088812422752,1,0.14285714285714285,1,0,0,0,0
AND::score_m_bridge::low_tail::t0.05069103837::abs_ratio_m1::low_tail::t0.103267067671,1,0.14285714285714285,1,0,0,0,0
AND::score_m_bridge::low_tail::t0.05069103837::abs_ratio_m1::low_tail::t0.113258689642,1,0.14285714285714285,1,0,0,0,0
AND::score_m_bridge::low_tail::t0.05069103837::abs_ratio_m1::low_tail::t0.136362507939,1,0.14285714285714285,1,0,0,0,0
AND::score_m_bridge::low_tail::t0.05069103837::abs_ratio_m1::low_tail::t0.170240664482,1,0.14285714285714285,1,0,0,0,0
AND::score_m_bridge::low_tail::t0.05069103837::abs_ratio_m1::low_tail::t0.18315950036,1,0.14285714285714285,2,0,0,0,0
AND::score_m_bridge::low_tail::t0.05069103837::abs_ratio_m1::low_tail::t0.249615430832,1,0.14285714285714285,2,0,0,0,0
AND::score_m_bridge::low_tail::t0.05069103837::abs_ratio_m1::low_tail::t0.33161405623,1,0.14285714285714285,2,0,0,0,0
AND::score_m_bridge::low_tail::t0.05069103837::abs_ratio_m1::low_tail::t0.371002078056,1,0.14285714285714285,2,0,0,0,0
AND::score_m_bridge::high_tail::t0.05069103837::resid_mean::high_tail::t0.564674735069,1,0.14285714285714285,0,1,0,0,0
AND::score_m_bridge::high_tail::t0.075979778916::resid_mean::high_tail::t0.564674735069,1,0.14285714285714285,0,1,0,0,0
AND::score_m_bridge::high_tail::t0.08851210475::resid_mean::high_tail::t0.564674735069,1,0.14285714285714285,0,1,0,0,0
AND::score_m_bridge::high_tail::t0.096811310947::resid_mean::high_tail::t0.564674735069,1,0.14285714285714285,0,1,0,0,0
AND::score_m_bridge::high_tail::t0.106763499975::resid_mean::high_tail::t0.564674735069,1,0.14285714285714285,0,1,0,0,0
AND::score_m_bridge::high_tail::t0.11890248768::resid_mean::high_tail::t0.564674735069,1,0.14285714285714285,0,1,0,0,0
AND::score_m_bridge::high_tail::t0.122963758558::resid_mean::high_tail::t0.564674735069,1,0.14285714285714285,0,1,0,0,0
AND::score_m_bridge::high_tail::t0.13887032792::resid_mean::high_tail::t0.564674735069,1,0.14285714285714285,0,1,0,0,0
AND::score_m_bridge::high_tail::t0.148634570837::resid_mean::high_tail::t0.564674735069,1,0.14285714285714285,0,1,0,0,0
AND::score_m_bridge::high_tail::t0.156670081615::resid_mean::high_tail::t0.564674735069,1,0.14285714285714285,0,1,0,0,0
AND::score_m_bridge::high_tail::t0.164511650801::resid_mean::high_tail::t0.564674735069,1,0.14285714285714285,0,1,0,0,0
AND::score_m_bridge::high_tail::t0.178747823089::resid_mean::high_tail::t0.564674735069,1,0.14285714285714285,0,1,0,0,0
AND::score_m_bridge::high_tail::t0.197817289829::resid_mean::high_tail::t0.564674735069,1,0.14285714285714285,0,1,0,0,0
AND::score_m_bridge::high_tail::t0.211745636165::resid_mean::high_tail::t0.564674735069,1,0.14285714285714285,0,1,0,0,0
AND::score_m_bridge::high_tail::t0.228364168108::resid_mean::high_tail::t0.564674735069,1,0.14285714285714285,0,1,0,0,0
AND::score_m_bridge::high_tail::t0.261743858457::resid_mean::high_tail::t0.564674735069,1,0.14285714285714285,0,1,0,0,0
AND::score_m_bridge::high_tail::t0.288136857748::resid_mean::high_tail::t0.564674735069,1,0.14285714285714285,0,1,0,0,0
AND::score_m_bridge::high_tail::t0.316207659245::resid_mean::high_tail::t0.564674735069,1,0.14285714285714285,0,1,0,0,0
AND::score_m_bridge::high_tail::t0.13887032792::resid_mean::low_tail::t0.083232226223,1,0.14285714285714285,0,1,0,0,0
AND::score_m_bridge::low_tail::t0.05069103837::resid_mean::high_tail::t0.051077269018,1,0.14285714285714285,2,0,0,0,0
AND::score_m_bridge::low_tail::t0.05069103837::resid_mean::high_tail::t0.079507756233,1,0.14285714285714285,1,0,0,0,0
OR::score_m_bridge::low_tail::t0.05069103837::resid_mean::high_tail::t0.564674735069,1,0.14285714285714285,2,0,0,0,0
AND::score_m_bridge::low_tail::t0.075979778916::resid_mean::high_tail::t0.117708724737,1,0.14285714285714285,0,1,0,0,0
AND::score_m_bridge::low_tail::t0.075979778916::resid_mean::high_tail::t0.134587921202,1,0.14285714285714285,0,1,0,0,0
AND::score_m_bridge::low_tail::t0.075979778916::resid_mean::high_tail::t0.155692307651,1,0.14285714285714285,0,1,0,0,0
AND::score_m_bridge::low_tail::t0.075979778916::resid_mean::high_tail::t0.172920052707,1,0.14285714285714285,0,1,0,0,0
AND::score_m_bridge::low_tail::t0.075979778916::resid_mean::high_tail::t0.182446628809,1,0.14285714285714285,0,1,0,0,0
AND::score_m_bridge::low_tail::t0.075979778916::resid_mean::high_tail::t0.186822363734,1,0.14285714285714285,0,1,0,0,0
AND::score_m_bridge::low_tail::t0.211745636165::resid_mean::high_tail::t0.343878436089,1,0.14285714285714285,0,1,0,0,0
AND::score_m_bridge::low_tail::t0.211745636165::resid_mean::high_tail::t0.400020414591,1,0.14285714285714285,0,1,0,0,0
AND::score_m_bridge::low_tail::t0.228364168108::resid_mean::high_tail::t0.400020414591,1,0.14285714285714285,0,1,0,0,0
AND::score_m_bridge::low_tail::t0.261743858457::resid_mean::high_tail::t0.400020414591,1,0.14285714285714285,0,1,0,0,0
AND::score_m_bridge::low_tail::t0.288136857748::resid_mean::high_tail::t0.400020414591,1,0.14285714285714285,0,1,0,0,0
AND::score_m_bridge::low_tail::t0.343868987262::resid_mean::high_tail::t0.564674735069,1,0.14285714285714285,0,1,0,0,0
AND::score_m_bridge::low_tail::t0.379681617022::resid_mean::high_tail::t0.564674735069,1,0.14285714285714285,0,1,0,0,0
AND::score_m_bridge::low_tail::t0.05069103837::resid_mean::low_tail::t0.083232226223,1,0.14285714285714285,2,0,0,0,0
AND::score_m_bridge::low_tail::t0.05069103837::resid_mean::low_tail::t0.103016678616,1,0.14285714285714285,2,0,0,0,0
AND::score_m_bridge::low_tail::t0.05069103837::resid_mean::low_tail::t0.117708724737,1,0.14285714285714285,2,0,0,0,0
AND::score_m_bridge::low_tail::t0.05069103837::resid_mean::low_tail::t0.134587921202,1,0.14285714285714285,2,0,0,0,0
AND::score_m_bridge::low_tail::t0.05069103837::resid_mean::low_tail::t0.155692307651,1,0.14285714285714285,2,0,0,0,0
AND::score_m_bridge::low_tail::t0.05069103837::resid_mean::low_tail::t0.172920052707,1,0.14285714285714285,2,0,0,0,0
AND::score_m_bridge::low_tail::t0.05069103837::resid_mean::low_tail::t0.182446628809,1,0.14285714285714285,2,0,0,0,0
AND::score_m_bridge::low_tail::t0.05069103837::resid_mean::low_tail::t0.186822363734,1,0.14285714285714285,2,0,0,0,0
AND::score_m_bridge::low_tail::t0.05069103837::resid_mean::low_tail::t0.194234922528,1,0.14285714285714285,2,0,0,0,0
AND::score_m_bridge::low_tail::t0.05069103837::resid_mean::low_tail::t0.20077187717,1,0.14285714285714285,2,0,0,0,0
AND::score_m_bridge::low_tail::t0.05069103837::resid_mean::low_tail::t0.21494114697,1,0.14285714285714285,2,0,0,0,0
AND::score_m_bridge::low_tail::t0.05069103837::resid_mean::low_tail::t0.2196428895,1,0.14285714285714285,2,0,0,0,0
AND::score_m_bridge::low_tail::t0.05069103837::resid_mean::low_tail::t0.256627629697,1,0.14285714285714285,2,0,0,0,0
AND::score_m_bridge::low_tail::t0.05069103837::resid_mean::low_tail::t0.29188977927,1,0.14285714285714285,2,0,0,0,0
AND::score_m_bridge::low_tail::t0.05069103837::resid_mean::low_tail::t0.308655881882,1,0.14285714285714285,2,0,0,0,0
AND::score_m_bridge::low_tail::t0.05069103837::resid_mean::low_tail::t0.324874830246,1,0.14285714285714285,2,0,0,0,0
AND::score_m_bridge::low_tail::t0.05069103837::resid_mean::low_tail::t0.343878436089,1,0.14285714285714285,2,0,0,0,0
AND::score_m_bridge::low_tail::t0.05069103837::resid_mean::low_tail::t0.400020414591,1,0.14285714285714285,2,0,0,0,0
AND::score_m_bridge::low_tail::t0.05069103837::resid_mean::low_tail::t0.564674735069,1,0.14285714285714285,2,0,0,0,0
AND::abs_log_h::high_tail::t0.000758876209::dist_h::high_tail::t0.47145602107,1,0.14285714285714285,1,0,0,0,0
AND::abs_log_h::high_tail::t0.006459435425::dist_h::high_tail::t0.47145602107,1,0.14285714285714285,1,0,0,0,0
AND::abs_log_h::high_tail::t0.00994430529::dist_h::high_tail::t0.47145602107,1,0.14285714285714285,1,0,0,0,0
AND::abs_log_h::high_tail::t0.014449248044::dist_h::high_tail::t0.47145602107,1,0.14285714285714285,1,0,0,0,0
AND::abs_log_h::high_tail::t0.018592662737::dist_h::high_tail::t0.47145602107,1,0.14285714285714285,1,0,0,0,0
AND::abs_log_h::high_tail::t0.027042008936::dist_h::high_tail::t0.47145602107,1,0.14285714285714285,1,0,0,0,0
AND::abs_log_h::high_tail::t0.030764308386::dist_h::high_tail::t0.47145602107,1,0.14285714285714285,1,0,0,0,0
AND::abs_log_h::high_tail::t0.040761755221::dist_h::high_tail::t0.47145602107,1,0.14285714285714285,1,0,0,0,0
AND::abs_log_h::high_tail::t0.047993644327::dist_h::high_tail::t0.47145602107,1,0.14285714285714285,1,0,0,0,0
AND::abs_log_h::high_tail::t0.05514558237::dist_h::high_tail::t0.47145602107,1,0.14285714285714285,1,0,0,0,0
AND::abs_log_h::high_tail::t0.066175352782::dist_h::high_tail::t0.47145602107,1,0.14285714285714285,1,0,0,0,0
AND::abs_log_h::high_tail::t0.084381631762::dist_h::high_tail::t0.47145602107,1,0.14285714285714285,1,0,0,0,0
AND::abs_log_h::high_tail::t0.092976048589::dist_h::high_tail::t0.47145602107,1,0.14285714285714285,1,0,0,0,0
AND::abs_log_h::high_tail::t0.106816808134::dist_h::high_tail::t0.47145602107,1,0.14285714285714285,1,0,0,0,0
AND::abs_log_h::high_tail::t0.117396195978::dist_h::high_tail::t0.47145602107,1,0.14285714285714285,0,1,0,0,0
AND::abs_log_h::low_tail::t0.142886117101::dist_h::high_tail::t0.47145602107,1,0.14285714285714285,1,0,0,0,0
AND::abs_log_h::low_tail::t0.168318739533::dist_h::high_tail::t0.47145602107,1,0.14285714285714285,1,0,0,0,0
AND::abs_log_h::low_tail::t0.191466833651::dist_h::high_tail::t0.47145602107,1,0.14285714285714285,1,0,0,0,0
AND::abs_log_h::low_tail::t0.222835043073::dist_h::high_tail::t0.47145602107,1,0.14285714285714285,1,0,0,0,0
AND::abs_log_h::low_tail::t0.35001065582::dist_h::high_tail::t0.47145602107,1,0.14285714285714285,1,0,0,0,0
AND::abs_log_h::low_tail::t0.448460966349::dist_h::high_tail::t0.47145602107,1,0.14285714285714285,1,0,0,0,0
AND::abs_log_h::high_tail::t0.027042008936::abs_ratio_m1::low_tail::t0.026914089918,1,0.14285714285714285,0,1,0,0,0
AND::abs_log_h::low_tail::t0.05514558237::abs_ratio_m1::high_tail::t0.054063341022,1,0.14285714285714285,0,1,0,0,0
AND::abs_log_h::low_tail::t0.191466833651::abs_ratio_m1::high_tail::t0.18315950036,1,0.14285714285714285,0,1,0,0,0
AND::abs_log_h::high_tail::t0.006459435425::resid_mean::high_tail::t0.564674735069,1,0.14285714285714285,0,1,0,0,0
AND::abs_log_h::high_tail::t0.014449248044::resid_mean::high_tail::t0.564674735069,1,0.14285714285714285,0,1,0,0,0
AND::abs_log_h::high_tail::t0.027042008936::resid_mean::high_tail::t0.564674735069,1,0.14285714285714285,0,1,0,0,0
AND::abs_log_h::high_tail::t0.040761755221::resid_mean::high_tail::t0.564674735069,1,0.14285714285714285,0,1,0,0,0
AND::abs_log_h::high_tail::t0.047993644327::resid_mean::high_tail::t0.564674735069,1,0.14285714285714285,0,1,0,0,0
AND::abs_log_h::high_tail::t0.05514558237::resid_mean::high_tail::t0.564674735069,1,0.14285714285714285,0,1,0,0,0
AND::abs_log_h::high_tail::t0.084381631762::resid_mean::high_tail::t0.564674735069,1,0.14285714285714285,0,1,0,0,0
AND::abs_log_h::high_tail::t0.092976048589::resid_mean::high_tail::t0.564674735069,1,0.14285714285714285,0,1,0,0,0
AND::abs_log_h::high_tail::t0.106816808134::resid_mean::high_tail::t0.564674735069,1,0.14285714285714285,0,1,0,0,0
AND::abs_log_h::high_tail::t0.117396195978::resid_mean::high_tail::t0.564674735069,1,0.14285714285714285,0,1,0,0,0
AND::abs_log_h::high_tail::t0.142886117101::resid_mean::high_tail::t0.564674735069,1,0.14285714285714285,0,1,0,0,0
AND::abs_log_h::high_tail::t0.168318739533::resid_mean::high_tail::t0.400020414591,1,0.14285714285714285,0,1,0,0,0
AND::abs_log_h::high_tail::t0.168318739533::resid_mean::high_tail::t0.564674735069,1,0.14285714285714285,0,1,0,0,0
AND::abs_log_h::high_tail::t0.191466833651::resid_mean::high_tail::t0.400020414591,1,0.14285714285714285,0,1,0,0,0
AND::abs_log_h::high_tail::t0.191466833651::resid_mean::high_tail::t0.564674735069,1,0.14285714285714285,0,1,0,0,0
AND::abs_log_h::high_tail::t0.222835043073::resid_mean::high_tail::t0.400020414591,1,0.14285714285714285,0,1,0,0,0
AND::abs_log_h::high_tail::t0.05514558237::resid_mean::low_tail::t0.079507756233,1,0.14285714285714285,2,0,0,0,0
AND::abs_log_h::high_tail::t0.05514558237::resid_mean::low_tail::t0.083232226223,1,0.14285714285714285,3,0,0,0,0
AND::abs_log_h::high_tail::t0.066175352782::resid_mean::low_tail::t0.079507756233,1,0.14285714285714285,2,0,0,0,0
AND::abs_log_h::high_tail::t0.066175352782::resid_mean::low_tail::t0.083232226223,1,0.14285714285714285,3,0,0,0,0
AND::abs_log_h::high_tail::t0.084381631762::resid_mean::low_tail::t0.079507756233,1,0.14285714285714285,2,0,0,0,0
AND::abs_log_h::high_tail::t0.084381631762::resid_mean::low_tail::t0.083232226223,1,0.14285714285714285,3,0,0,0,0
AND::abs_log_h::high_tail::t0.092976048589::resid_mean::low_tail::t0.079507756233,1,0.14285714285714285,1,0,0,0,0
AND::abs_log_h::high_tail::t0.092976048589::resid_mean::low_tail::t0.083232226223,1,0.14285714285714285,2,0,0,0,0
AND::abs_log_h::high_tail::t0.106816808134::resid_mean::low_tail::t0.079507756233,1,0.14285714285714285,1,0,0,0,0
AND::abs_log_h::high_tail::t0.106816808134::resid_mean::low_tail::t0.083232226223,1,0.14285714285714285,2,0,0,0,0
AND::abs_log_h::high_tail::t0.117396195978::resid_mean::low_tail::t0.079507756233,1,0.14285714285714285,1,0,0,0,0
AND::abs_log_h::high_tail::t0.117396195978::resid_mean::low_tail::t0.083232226223,1,0.14285714285714285,2,0,0,0,0
AND::abs_log_h::high_tail::t0.142886117101::resid_mean::low_tail::t0.079507756233,1,0.14285714285714285,0,1,0,0,0
AND::abs_log_h::high_tail::t0.142886117101::resid_mean::low_tail::t0.083232226223,1,0.14285714285714285,1,0,0,0,0
AND::abs_log_h::high_tail::t0.142886117101::resid_mean::low_tail::t0.103016678616,1,0.14285714285714285,2,0,0,0,0
AND::abs_log_h::high_tail::t0.168318739533::resid_mean::low_tail::t0.079507756233,1,0.14285714285714285,0,1,0,0,0
AND::abs_log_h::high_tail::t0.168318739533::resid_mean::low_tail::t0.083232226223,1,0.14285714285714285,1,0,0,0,0
AND::abs_log_h::high_tail::t0.168318739533::resid_mean::low_tail::t0.103016678616,1,0.14285714285714285,2,0,0,0,0
AND::abs_log_h::high_tail::t0.191466833651::resid_mean::low_tail::t0.079507756233,1,0.14285714285714285,0,1,0,0,0
AND::abs_log_h::high_tail::t0.191466833651::resid_mean::low_tail::t0.083232226223,1,0.14285714285714285,0,1,0,0,0
AND::abs_log_h::high_tail::t0.191466833651::resid_mean::low_tail::t0.103016678616,1,0.14285714285714285,1,0,0,0,0
AND::abs_log_h::high_tail::t0.222835043073::resid_mean::low_tail::t0.079507756233,1,0.14285714285714285,0,1,0,0,0
AND::abs_log_h::high_tail::t0.222835043073::resid_mean::low_tail::t0.083232226223,1,0.14285714285714285,0,1,0,0,0
AND::abs_log_h::high_tail::t0.222835043073::resid_mean::low_tail::t0.103016678616,1,0.14285714285714285,0,1,0,0,0
AND::abs_log_h::high_tail::t0.222835043073::resid_mean::low_tail::t0.117708724737,1,0.14285714285714285,0,1,0,0,0
AND::abs_log_h::low_tail::t0.35001065582::resid_mean::high_tail::t0.564674735069,1,0.14285714285714285,0,1,0,0,0
AND::dist_h::high_tail::t0.47145602107::abs_ratio_m1::high_tail::t0.000758588314,1,0.14285714285714285,1,0,0,0,0
AND::dist_h::high_tail::t0.47145602107::abs_ratio_m1::high_tail::t0.006464645267,1,0.14285714285714285,1,0,0,0,0
AND::dist_h::high_tail::t0.47145602107::abs_ratio_m1::high_tail::t0.009894943237,1,0.14285714285714285,1,0,0,0,0
AND::dist_h::high_tail::t0.47145602107::abs_ratio_m1::high_tail::t0.014414983988,1,0.14285714285714285,1,0,0,0,0
AND::dist_h::high_tail::t0.47145602107::abs_ratio_m1::high_tail::t0.018491435051,1,0.14285714285714285,1,0,0,0,0
AND::dist_h::high_tail::t0.47145602107::abs_ratio_m1::high_tail::t0.026914089918,1,0.14285714285714285,1,0,0,0,0
AND::dist_h::high_tail::t0.47145602107::abs_ratio_m1::high_tail::t0.030945068598,1,0.14285714285714285,1,0,0,0,0
AND::dist_h::high_tail::t0.47145602107::abs_ratio_m1::high_tail::t0.041605454683,1,0.14285714285714285,1,0,0,0,0
AND::dist_h::high_tail::t0.47145602107::abs_ratio_m1::high_tail::t0.04916408062,1,0.14285714285714285,1,0,0,0,0
AND::dist_h::high_tail::t0.47145602107::abs_ratio_m1::high_tail::t0.054063341022,1,0.14285714285714285,1,0,0,0,0
AND::dist_h::high_tail::t0.47145602107::abs_ratio_m1::high_tail::t0.066067308187,1,0.14285714285714285,1,0,0,0,0
AND::dist_h::high_tail::t0.47145602107::abs_ratio_m1::high_tail::t0.081249836087,1,0.14285714285714285,1,0,0,0,0
AND::dist_h::high_tail::t0.47145602107::abs_ratio_m1::high_tail::t0.088812422752,1,0.14285714285714285,1,0,0,0,0
AND::dist_h::high_tail::t0.47145602107::abs_ratio_m1::high_tail::t0.103267067671,1,0.14285714285714285,0,1,0,0,0
AND::dist_h::high_tail::t0.47145602107::abs_ratio_m1::high_tail::t0.113258689642,1,0.14285714285714285,0,1,0,0,0
AND::dist_h::high_tail::t0.374009492993::abs_ratio_m1::low_tail::t0.026914089918,1,0.14285714285714285,0,1,0,0,0
AND::dist_h::high_tail::t0.47145602107::abs_ratio_m1::low_tail::t0.136362507939,1,0.14285714285714285,1,0,0,0,0
AND::dist_h::high_tail::t0.47145602107::abs_ratio_m1::low_tail::t0.170240664482,1,0.14285714285714285,1,0,0,0,0
AND::dist_h::high_tail::t0.47145602107::abs_ratio_m1::low_tail::t0.18315950036,1,0.14285714285714285,1,0,0,0,0
AND::dist_h::high_tail::t0.47145602107::abs_ratio_m1::low_tail::t0.249615430832,1,0.14285714285714285,1,0,0,0,0
AND::dist_h::high_tail::t0.47145602107::abs_ratio_m1::low_tail::t0.33161405623,1,0.14285714285714285,1,0,0,0,0
AND::dist_h::high_tail::t0.47145602107::abs_ratio_m1::low_tail::t0.371002078056,1,0.14285714285714285,1,0,0,0,0
AND::dist_h::high_tail::t0.047581697628::resid_mean::high_tail::t0.564674735069,1,0.14285714285714285,0,1,0,0,0
AND::dist_h::high_tail::t0.055063869432::resid_mean::high_tail::t0.564674735069,1,0.14285714285714285,0,1,0,0,0
AND::dist_h::high_tail::t0.066097033396::resid_mean::high_tail::t0.564674735069,1,0.14285714285714285,0,1,0,0,0
AND::dist_h::high_tail::t0.082013228536::resid_mean::high_tail::t0.564674735069,1,0.14285714285714285,0,1,0,0,0
AND::dist_h::high_tail::t0.095765098929::resid_mean::high_tail::t0.564674735069,1,0.14285714285714285,0,1,0,0,0
AND::dist_h::high_tail::t0.099984550476::resid_mean::high_tail::t0.564674735069,1,0.14285714285714285,0,1,0,0,0
AND::dist_h::high_tail::t0.109542358667::resid_mean::high_tail::t0.564674735069,1,0.14285714285714285,0,1,0,0,0
AND::dist_h::high_tail::t0.121797148883::resid_mean::high_tail::t0.564674735069,1,0.14285714285714285,0,1,0,0,0
AND::dist_h::high_tail::t0.152775718272::resid_mean::high_tail::t0.564674735069,1,0.14285714285714285,0,1,0,0,0
AND::dist_h::high_tail::t0.16064555198::resid_mean::high_tail::t0.564674735069,1,0.14285714285714285,0,1,0,0,0
AND::dist_h::high_tail::t0.169761972129::resid_mean::high_tail::t0.564674735069,1,0.14285714285714285,0,1,0,0,0
AND::dist_h::high_tail::t0.178793755174::resid_mean::high_tail::t0.564674735069,1,0.14285714285714285,0,1,0,0,0
AND::dist_h::high_tail::t0.214291825145::resid_mean::high_tail::t0.564674735069,1,0.14285714285714285,0,1,0,0,0
AND::dist_h::high_tail::t0.235396057367::resid_mean::high_tail::t0.564674735069,1,0.14285714285714285,0,1,0,0,0
AND::dist_h::high_tail::t0.270344465971::resid_mean::high_tail::t0.400020414591,1,0.14285714285714285,0,1,0,0,0
AND::dist_h::high_tail::t0.270344465971::resid_mean::high_tail::t0.564674735069,1,0.14285714285714285,0,1,0,0,0
AND::dist_h::high_tail::t0.290708065033::resid_mean::high_tail::t0.400020414591,1,0.14285714285714285,0,1,0,0,0
AND::dist_h::high_tail::t0.374009492993::resid_mean::high_tail::t0.343878436089,1,0.14285714285714285,0,1,0,0,0
AND::dist_h::high_tail::t0.408774138987::resid_mean::high_tail::t0.2196428895,1,0.14285714285714285,1,0,0,0,0
AND::dist_h::high_tail::t0.47145602107::resid_mean::high_tail::t0.051077269018,1,0.14285714285714285,1,0,0,0,0
AND::dist_h::high_tail::t0.47145602107::resid_mean::high_tail::t0.079507756233,1,0.14285714285714285,1,0,0,0,0
AND::dist_h::high_tail::t0.47145602107::resid_mean::high_tail::t0.083232226223,1,0.14285714285714285,1,0,0,0,0
AND::dist_h::high_tail::t0.47145602107::resid_mean::high_tail::t0.103016678616,1,0.14285714285714285,1,0,0,0,0
AND::dist_h::high_tail::t0.47145602107::resid_mean::high_tail::t0.117708724737,1,0.14285714285714285,1,0,0,0,0
AND::dist_h::high_tail::t0.47145602107::resid_mean::high_tail::t0.134587921202,1,0.14285714285714285,1,0,0,0,0
AND::dist_h::high_tail::t0.47145602107::resid_mean::high_tail::t0.155692307651,1,0.14285714285714285,1,0,0,0,0
AND::dist_h::high_tail::t0.47145602107::resid_mean::high_tail::t0.172920052707,1,0.14285714285714285,1,0,0,0,0
AND::dist_h::high_tail::t0.47145602107::resid_mean::high_tail::t0.182446628809,1,0.14285714285714285,1,0,0,0,0
AND::dist_h::high_tail::t0.47145602107::resid_mean::high_tail::t0.186822363734,1,0.14285714285714285,1,0,0,0,0
AND::dist_h::high_tail::t0.47145602107::resid_mean::high_tail::t0.194234922528,1,0.14285714285714285,1,0,0,0,0
AND::dist_h::high_tail::t0.47145602107::resid_mean::high_tail::t0.20077187717,1,0.14285714285714285,1,0,0,0,0
AND::dist_h::high_tail::t0.47145602107::resid_mean::high_tail::t0.21494114697,1,0.14285714285714285,1,0,0,0,0
AND::dist_h::high_tail::t0.47145602107::resid_mean::high_tail::t0.2196428895,1,0.14285714285714285,1,0,0,0,0
OR::dist_h::high_tail::t0.47145602107::resid_mean::high_tail::t0.564674735069,1,0.14285714285714285,1,0,0,0,0
AND::dist_h::high_tail::t0.16064555198::resid_mean::low_tail::t0.083232226223,1,0.14285714285714285,0,1,0,0,0
AND::dist_h::high_tail::t0.169761972129::resid_mean::low_tail::t0.083232226223,1,0.14285714285714285,0,1,0,0,0
AND::dist_h::high_tail::t0.47145602107::resid_mean::low_tail::t0.256627629697,1,0.14285714285714285,0,1,0,0,0
AND::dist_h::high_tail::t0.47145602107::resid_mean::low_tail::t0.29188977927,1,0.14285714285714285,0,1,0,0,0
AND::dist_h::high_tail::t0.47145602107::resid_mean::low_tail::t0.308655881882,1,0.14285714285714285,0,1,0,0,0
AND::dist_h::high_tail::t0.47145602107::resid_mean::low_tail::t0.324874830246,1,0.14285714285714285,1,0,0,0,0
AND::dist_h::high_tail::t0.47145602107::resid_mean::low_tail::t0.343878436089,1,0.14285714285714285,1,0,0,0,0
AND::dist_h::high_tail::t0.47145602107::resid_mean::low_tail::t0.400020414591,1,0.14285714285714285,1,0,0,0,0
AND::dist_h::high_tail::t0.47145602107::resid_mean::low_tail::t0.564674735069,1,0.14285714285714285,1,0,0,0,0
AND::dist_h::low_tail::t0.290708065033::resid_mean::high_tail::t0.564674735069,1,0.14285714285714285,0,1,0,0,0
AND::dist_h::low_tail::t0.326888220012::resid_mean::high_tail::t0.564674735069,1,0.14285714285714285,0,1,0,0,0
AND::dist_h::low_tail::t0.408774138987::resid_mean::high_tail::t0.564674735069,1,0.14285714285714285,0,1,0,0,0
AND::dist_h::low_tail::t0.47145602107::resid_mean::high_tail::t0.564674735069,1,0.14285714285714285,0,1,0,0,0
AND::dist_h::low_tail::t0.055063869432::resid_mean::low_tail::t0.083232226223,1,0.14285714285714285,2,0,0,0,0
AND::dist_h::low_tail::t0.055063869432::resid_mean::low_tail::t0.103016678616,1,0.14285714285714285,2,0,0,0,0
AND::dist_h::low_tail::t0.055063869432::resid_mean::low_tail::t0.117708724737,1,0.14285714285714285,3,0,0,0,0
AND::dist_h::low_tail::t0.055063869432::resid_mean::low_tail::t0.134587921202,1,0.14285714285714285,3,0,0,0,0
AND::dist_h::low_tail::t0.066097033396::resid_mean::low_tail::t0.083232226223,1,0.14285714285714285,2,0,0,0,0
AND::dist_h::low_tail::t0.066097033396::resid_mean::low_tail::t0.103016678616,1,0.14285714285714285,3,0,0,0,0
AND::abs_ratio_m1::high_tail::t0.006464645267::resid_mean::high_tail::t0.564674735069,1,0.14285714285714285,0,1,0,0,0
AND::abs_ratio_m1::high_tail::t0.014414983988::resid_mean::high_tail::t0.564674735069,1,0.14285714285714285,0,1,0,0,0
AND::abs_ratio_m1::high_tail::t0.026914089918::resid_mean::high_tail::t0.564674735069,1,0.14285714285714285,0,1,0,0,0
AND::abs_ratio_m1::high_tail::t0.041605454683::resid_mean::high_tail::t0.564674735069,1,0.14285714285714285,0,1,0,0,0
AND::abs_ratio_m1::high_tail::t0.04916408062::resid_mean::high_tail::t0.564674735069,1,0.14285714285714285,0,1,0,0,0
AND::abs_ratio_m1::high_tail::t0.054063341022::resid_mean::high_tail::t0.564674735069,1,0.14285714285714285,0,1,0,0,0
AND::abs_ratio_m1::high_tail::t0.081249836087::resid_mean::high_tail::t0.564674735069,1,0.14285714285714285,0,1,0,0,0
AND::abs_ratio_m1::high_tail::t0.088812422752::resid_mean::high_tail::t0.564674735069,1,0.14285714285714285,0,1,0,0,0
AND::abs_ratio_m1::high_tail::t0.103267067671::resid_mean::high_tail::t0.564674735069,1,0.14285714285714285,0,1,0,0,0
AND::abs_ratio_m1::high_tail::t0.113258689642::resid_mean::high_tail::t0.564674735069,1,0.14285714285714285,0,1,0,0,0
AND::abs_ratio_m1::high_tail::t0.136362507939::resid_mean::high_tail::t0.564674735069,1,0.14285714285714285,0,1,0,0,0
AND::abs_ratio_m1::high_tail::t0.170240664482::resid_mean::high_tail::t0.400020414591,1,0.14285714285714285,0,1,0,0,0
AND::abs_ratio_m1::high_tail::t0.170240664482::resid_mean::high_tail::t0.564674735069,1,0.14285714285714285,0,1,0,0,0
AND::abs_ratio_m1::high_tail::t0.18315950036::resid_mean::high_tail::t0.400020414591,1,0.14285714285714285,0,1,0,0,0
AND::abs_ratio_m1::high_tail::t0.18315950036::resid_mean::high_tail::t0.564674735069,1,0.14285714285714285,0,1,0,0,0
AND::abs_ratio_m1::high_tail::t0.249615430832::resid_mean::high_tail::t0.400020414591,1,0.14285714285714285,0,1,0,0,0
AND::abs_ratio_m1::high_tail::t0.054063341022::resid_mean::low_tail::t0.079507756233,1,0.14285714285714285,2,0,0,0,0
AND::abs_ratio_m1::high_tail::t0.054063341022::resid_mean::low_tail::t0.083232226223,1,0.14285714285714285,3,0,0,0,0
AND::abs_ratio_m1::high_tail::t0.066067308187::resid_mean::low_tail::t0.079507756233,1,0.14285714285714285,2,0,0,0,0
AND::abs_ratio_m1::high_tail::t0.066067308187::resid_mean::low_tail::t0.083232226223,1,0.14285714285714285,3,0,0,0,0
AND::abs_ratio_m1::high_tail::t0.081249836087::resid_mean::low_tail::t0.079507756233,1,0.14285714285714285,2,0,0,0,0
AND::abs_ratio_m1::high_tail::t0.081249836087::resid_mean::low_tail::t0.083232226223,1,0.14285714285714285,3,0,0,0,0
AND::abs_ratio_m1::high_tail::t0.088812422752::resid_mean::low_tail::t0.079507756233,1,0.14285714285714285,1,0,0,0,0
AND::abs_ratio_m1::high_tail::t0.088812422752::resid_mean::low_tail::t0.083232226223,1,0.14285714285714285,2,0,0,0,0
AND::abs_ratio_m1::high_tail::t0.103267067671::resid_mean::low_tail::t0.079507756233,1,0.14285714285714285,1,0,0,0,0
AND::abs_ratio_m1::high_tail::t0.103267067671::resid_mean::low_tail::t0.083232226223,1,0.14285714285714285,2,0,0,0,0
AND::abs_ratio_m1::high_tail::t0.113258689642::resid_mean::low_tail::t0.079507756233,1,0.14285714285714285,1,0,0,0,0
AND::abs_ratio_m1::high_tail::t0.113258689642::resid_mean::low_tail::t0.083232226223,1,0.14285714285714285,2,0,0,0,0
AND::abs_ratio_m1::high_tail::t0.136362507939::resid_mean::low_tail::t0.079507756233,1,0.14285714285714285,0,1,0,0,0
AND::abs_ratio_m1::high_tail::t0.136362507939::resid_mean::low_tail::t0.083232226223,1,0.14285714285714285,1,0,0,0,0
AND::abs_ratio_m1::high_tail::t0.170240664482::resid_mean::low_tail::t0.079507756233,1,0.14285714285714285,0,1,0,0,0
AND::abs_ratio_m1::high_tail::t0.170240664482::resid_mean::low_tail::t0.083232226223,1,0.14285714285714285,1,0,0,0,0
AND::abs_ratio_m1::high_tail::t0.170240664482::resid_mean::low_tail::t0.103016678616,1,0.14285714285714285,2,0,0,0,0
AND::abs_ratio_m1::high_tail::t0.18315950036::resid_mean::low_tail::t0.079507756233,1,0.14285714285714285,0,1,0,0,0
AND::abs_ratio_m1::high_tail::t0.18315950036::resid_mean::low_tail::t0.083232226223,1,0.14285714285714285,0,1,0,0,0
AND::abs_ratio_m1::high_tail::t0.18315950036::resid_mean::low_tail::t0.103016678616,1,0.14285714285714285,0,1,0,0,0
AND::abs_ratio_m1::high_tail::t0.249615430832::resid_mean::low_tail::t0.079507756233,1,0.14285714285714285,0,1,0,0,0
AND::abs_ratio_m1::high_tail::t0.249615430832::resid_mean::low_tail::t0.083232226223,1,0.14285714285714285,0,1,0,0,0
AND::abs_ratio_m1::high_tail::t0.249615430832::resid_mean::low_tail::t0.103016678616,1,0.14285714285714285,0,1,0,0,0
AND::abs_ratio_m1::high_tail::t0.249615430832::resid_mean::low_tail::t0.117708724737,1,0.14285714285714285,0,1,0,0,0
AND::abs_ratio_m1::low_tail::t0.33161405623::resid_mean::high_tail::t0.564674735069,1,0.14285714285714285,0,1,0,0,0
AND::score_m_bridge::low_tail::t0.097390471399::abs_log_h::high_tail::t0.222835043073,1,0.14285714285714285,0,1,1,1,0
AND::score_m_bridge::low_tail::t0.106815896928::abs_log_h::high_tail::t0.222835043073,1,0.14285714285714285,0,1,1,1,0
AND::score_m_bridge::low_tail::t0.119958882034::abs_log_h::high_tail::t0.222835043073,1,0.14285714285714285,0,1,1,1,0
AND::score_m_bridge::low_tail::t0.123392077163::abs_log_h::high_tail::t0.222835043073,1,0.14285714285714285,0,1,1,1,0
AND::score_m_bridge::low_tail::t0.138633039594::abs_log_h::high_tail::t0.222835043073,1,0.14285714285714285,0,1,1,1,0
AND::score_m_bridge::low_tail::t0.082363870367::abs_log_h::low_tail::t0.005976305087,1,0.14285714285714285,0,1,0,0,0
AND::score_m_bridge::low_tail::t0.082363870367::abs_log_h::low_tail::t0.00994430529,1,0.14285714285714285,0,1,0,0,0
AND::score_m_bridge::high_tail::t0.326923546195::dist_h::low_tail::t0.319656330347,1,0.14285714285714285,0,1,0,0,0
AND::score_m_bridge::low_tail::t0.097390471399::abs_ratio_m1::high_tail::t0.249615430832,1,0.14285714285714285,0,1,1,1,0
AND::score_m_bridge::low_tail::t0.106815896928::abs_ratio_m1::high_tail::t0.249615430832,1,0.14285714285714285,0,1,1,1,0
AND::score_m_bridge::low_tail::t0.119958882034::abs_ratio_m1::high_tail::t0.249615430832,1,0.14285714285714285,0,1,1,1,0
AND::score_m_bridge::low_tail::t0.123392077163::abs_ratio_m1::high_tail::t0.249615430832,1,0.14285714285714285,0,1,1,1,0
AND::score_m_bridge::low_tail::t0.123392077163::abs_ratio_m1::high_tail::t0.310403111577,1,0.14285714285714285,0,1,1,1,0
AND::score_m_bridge::low_tail::t0.138633039594::abs_ratio_m1::high_tail::t0.249615430832,1,0.14285714285714285,0,1,1,1,0
AND::score_m_bridge::low_tail::t0.138633039594::abs_ratio_m1::high_tail::t0.310403111577,1,0.14285714285714285,0,1,1,1,0
AND::score_m_bridge::low_tail::t0.082363870367::abs_ratio_m1::low_tail::t0.005960837007,1,0.14285714285714285,0,1,0,0,0
AND::score_m_bridge::low_tail::t0.082363870367::abs_ratio_m1::low_tail::t0.009894943237,1,0.14285714285714285,0,1,0,0,0
AND::score_m_bridge::high_tail::t0.064095745236::resid_mean::high_tail::t0.564674735069,1,0.14285714285714285,0,1,0,0,0
AND::score_m_bridge::high_tail::t0.074358765781::resid_mean::high_tail::t0.564674735069,1,0.14285714285714285,0,1,0,0,0
AND::score_m_bridge::high_tail::t0.082363870367::resid_mean::high_tail::t0.564674735069,1,0.14285714285714285,0,1,0,0,0
AND::score_m_bridge::high_tail::t0.097390471399::resid_mean::high_tail::t0.564674735069,1,0.14285714285714285,0,1,0,0,0
AND::score_m_bridge::high_tail::t0.106815896928::resid_mean::high_tail::t0.564674735069,1,0.14285714285714285,0,1,0,0,0
AND::score_m_bridge::high_tail::t0.119958882034::resid_mean::high_tail::t0.564674735069,1,0.14285714285714285,0,1,0,0,0
AND::score_m_bridge::high_tail::t0.123392077163::resid_mean::high_tail::t0.564674735069,1,0.14285714285714285,0,1,0,0,0
AND::score_m_bridge::high_tail::t0.138633039594::resid_mean::high_tail::t0.564674735069,1,0.14285714285714285,0,1,0,0,0
AND::score_m_bridge::high_tail::t0.148759366572::resid_mean::high_tail::t0.564674735069,1,0.14285714285714285,0,1,0,0,0
AND::score_m_bridge::high_tail::t0.16844895184::resid_mean::high_tail::t0.564674735069,1,0.14285714285714285,0,1,0,0,0
AND::score_m_bridge::high_tail::t0.185501241684::resid_mean::high_tail::t0.564674735069,1,0.14285714285714285,0,1,0,0,0
AND::score_m_bridge::high_tail::t0.200901482999::resid_mean::high_tail::t0.564674735069,1,0.14285714285714285,0,1,0,0,0
AND::score_m_bridge::high_tail::t0.216261462867::resid_mean::high_tail::t0.564674735069,1,0.14285714285714285,0,1,0,0,0
AND::score_m_bridge::high_tail::t0.274976217747::resid_mean::high_tail::t0.564674735069,1,0.14285714285714285,0,1,0,0,0
AND::score_m_bridge::high_tail::t0.310458745062::resid_mean::high_tail::t0.564674735069,1,0.14285714285714285,0,1,0,0,0
AND::score_m_bridge::high_tail::t0.138633039594::resid_mean::low_tail::t0.086032651737,1,0.14285714285714285,0,1,0,0,0
AND::score_m_bridge::low_tail::t0.064095745236::resid_mean::high_tail::t0.11669221893,1,0.14285714285714285,0,1,0,0,0
AND::score_m_bridge::low_tail::t0.064095745236::resid_mean::high_tail::t0.13759085387,1,0.14285714285714285,0,1,0,0,0
AND::score_m_bridge::low_tail::t0.064095745236::resid_mean::high_tail::t0.155156154931,1,0.14285714285714285,0,1,0,0,0
AND::score_m_bridge::low_tail::t0.064095745236::resid_mean::high_tail::t0.17145370245,1,0.14285714285714285,0,1,0,0,0
AND::score_m_bridge::low_tail::t0.064095745236::resid_mean::high_tail::t0.181518580765,1,0.14285714285714285,0,1,0,0,0
AND::score_m_bridge::low_tail::t0.064095745236::resid_mean::high_tail::t0.188238218427,1,0.14285714285714285,0,1,0,0,0
AND::score_m_bridge::low_tail::t0.074358765781::resid_mean::high_tail::t0.11669221893,1,0.14285714285714285,0,1,0,0,0
AND::score_m_bridge::low_tail::t0.074358765781::resid_mean::high_tail::t0.13759085387,1,0.14285714285714285,0,1,0,0,0
AND::score_m_bridge::low_tail::t0.074358765781::resid_mean::high_tail::t0.155156154931,1,0.14285714285714285,0,1,0,0,0
AND::score_m_bridge::low_tail::t0.074358765781::resid_mean::high_tail::t0.17145370245,1,0.14285714285714285,0,1,0,0,0
AND::score_m_bridge::low_tail::t0.074358765781::resid_mean::high_tail::t0.181518580765,1,0.14285714285714285,0,1,0,0,0
AND::score_m_bridge::low_tail::t0.074358765781::resid_mean::high_tail::t0.188238218427,1,0.14285714285714285,0,1,0,0,0
AND::score_m_bridge::low_tail::t0.216261462867::resid_mean::high_tail::t0.344641691446,1,0.14285714285714285,0,1,0,0,0
AND::score_m_bridge::low_tail::t0.216261462867::resid_mean::high_tail::t0.394267874956,1,0.14285714285714285,0,1,0,0,0
AND::score_m_bridge::low_tail::t0.255725756288::resid_mean::high_tail::t0.394267874956,1,0.14285714285714285,0,1,0,0,0
AND::score_m_bridge::low_tail::t0.274976217747::resid_mean::high_tail::t0.394267874956,1,0.14285714285714285,0,1,0,0,0
AND::score_m_bridge::low_tail::t0.344037951529::resid_mean::high_tail::t0.564674735069,1,0.14285714285714285,0,1,0,0,0
AND::abs_log_h::low_tail::t0.027539127506::dist_h::high_tail::t0.374009492993,1,0.14285714285714285,0,1,0,0,0
AND::abs_log_h::low_tail::t0.005976305087::dist_h::low_tail::t0.084695262834,1,0.14285714285714285,0,1,0,0,0
AND::abs_log_h::low_tail::t0.053841006197::abs_ratio_m1::high_tail::t0.05391215384,1,0.14285714285714285,0,1,0,0,0
AND::abs_log_h::low_tail::t0.315220609307::abs_ratio_m1::high_tail::t0.249615430832,1,0.14285714285714285,0,1,0,0,0
AND::abs_log_h::low_tail::t0.315220609307::abs_ratio_m1::high_tail::t0.310403111577,1,0.14285714285714285,0,1,0,0,0
AND::abs_log_h::high_tail::t0.005976305087::resid_mean::high_tail::t0.564674735069,1,0.14285714285714285,0,1,0,0,0
AND::abs_log_h::high_tail::t0.014186185272::resid_mean::high_tail::t0.564674735069,1,0.14285714285714285,0,1,0,0,0
AND::abs_log_h::high_tail::t0.027539127506::resid_mean::high_tail::t0.564674735069,1,0.14285714285714285,0,1,0,0,0
AND::abs_log_h::high_tail::t0.041538554057::resid_mean::high_tail::t0.564674735069,1,0.14285714285714285,0,1,0,0,0
AND::abs_log_h::high_tail::t0.04705940485::resid_mean::high_tail::t0.564674735069,1,0.14285714285714285,0,1,0,0,0
AND::abs_log_h::high_tail::t0.053841006197::resid_mean::high_tail::t0.564674735069,1,0.14285714285714285,0,1,0,0,0
AND::abs_log_h::high_tail::t0.084587856382::resid_mean::high_tail::t0.564674735069,1,0.14285714285714285,0,1,0,0,0
AND::abs_log_h::high_tail::t0.095914036036::resid_mean::high_tail::t0.564674735069,1,0.14285714285714285,0,1,0,0,0
AND::abs_log_h::high_tail::t0.108647846058::resid_mean::high_tail::t0.564674735069,1,0.14285714285714285,0,1,0,0,0
AND::abs_log_h::high_tail::t0.120832336694::resid_mean::high_tail::t0.564674735069,1,0.14285714285714285,0,1,0,0,0
AND::abs_log_h::high_tail::t0.138406533748::resid_mean::high_tail::t0.564674735069,1,0.14285714285714285,0,1,0,0,0
AND::abs_log_h::high_tail::t0.180314591527::resid_mean::high_tail::t0.564674735069,1,0.14285714285714285,0,1,0,0,0
AND::abs_log_h::high_tail::t0.193758287281::resid_mean::high_tail::t0.564674735069,1,0.14285714285714285,0,1,0,0,0
AND::abs_log_h::high_tail::t0.193758287281::resid_mean::low_tail::t0.079546944797,1,0.14285714285714285,0,1,0,0,0
AND::abs_log_h::high_tail::t0.222835043073::resid_mean::low_tail::t0.079546944797,1,0.14285714285714285,0,1,0,0,0
AND::abs_log_h::high_tail::t0.222835043073::resid_mean::low_tail::t0.086032651737,1,0.14285714285714285,0,1,0,0,0
AND::abs_log_h::high_tail::t0.222835043073::resid_mean::low_tail::t0.10182300508,1,0.14285714285714285,0,1,0,0,0
AND::abs_log_h::high_tail::t0.222835043073::resid_mean::low_tail::t0.11669221893,1,0.14285714285714285,0,1,0,0,0
AND::abs_log_h::low_tail::t0.315220609307::resid_mean::high_tail::t0.564674735069,1,0.14285714285714285,0,1,0,0,0
AND::dist_h::high_tail::t0.374009492993::abs_ratio_m1::low_tail::t0.027379021049,1,0.14285714285714285,0,1,0,0,0
AND::dist_h::low_tail::t0.084695262834::abs_ratio_m1::low_tail::t0.005960837007,1,0.14285714285714285,0,1,0,0,0
AND::dist_h::high_tail::t0.031406240538::resid_mean::high_tail::t0.564674735069,1,0.14285714285714285,0,1,0,0,0
AND::dist_h::high_tail::t0.053150549158::resid_mean::high_tail::t0.564674735069,1,0.14285714285714285,0,1,0,0,0
AND::dist_h::high_tail::t0.06089256499::resid_mean::high_tail::t0.564674735069,1,0.14285714285714285,0,1,0,0,0
AND::dist_h::high_tail::t0.070082688332::resid_mean::high_tail::t0.564674735069,1,0.14285714285714285,0,1,0,0,0
AND::dist_h::high_tail::t0.084695262834::resid_mean::high_tail::t0.564674735069,1,0.14285714285714285,0,1,0,0,0
AND::dist_h::high_tail::t0.097194585949::resid_mean::high_tail::t0.564674735069,1,0.14285714285714285,0,1,0,0,0
AND::dist_h::high_tail::t0.105555570871::resid_mean::high_tail::t0.564674735069,1,0.14285714285714285,0,1,0,0,0
AND::dist_h::high_tail::t0.115331177413::resid_mean::high_tail::t0.564674735069,1,0.14285714285714285,0,1,0,0,0
AND::dist_h::high_tail::t0.125541792065::resid_mean::high_tail::t0.564674735069,1,0.14285714285714285,0,1,0,0,0
AND::dist_h::high_tail::t0.160708486289::resid_mean::high_tail::t0.564674735069,1,0.14285714285714285,0,1,0,0,0
AND::dist_h::high_tail::t0.168699789047::resid_mean::high_tail::t0.564674735069,1,0.14285714285714285,0,1,0,0,0
AND::dist_h::high_tail::t0.183985877782::resid_mean::high_tail::t0.564674735069,1,0.14285714285714285,0,1,0,0,0
AND::dist_h::high_tail::t0.217344845831::resid_mean::high_tail::t0.564674735069,1,0.14285714285714285,0,1,0,0,0
AND::dist_h::high_tail::t0.241165153682::resid_mean::high_tail::t0.564674735069,1,0.14285714285714285,0,1,0,0,0
AND::dist_h::high_tail::t0.282169485092::resid_mean::high_tail::t0.564674735069,1,0.14285714285714285,0,1,0,0,0
AND::dist_h::high_tail::t0.160708486289::resid_mean::low_tail::t0.086032651737,1,0.14285714285714285,0,1,0,0,0
AND::dist_h::high_tail::t0.168699789047::resid_mean::low_tail::t0.086032651737,1,0.14285714285714285,0,1,0,0,0
AND::dist_h::low_tail::t0.319656330347::resid_mean::high_tail::t0.564674735069,1,0.14285714285714285,0,1,0,0,0
AND::dist_h::low_tail::t0.40961946696::resid_mean::high_tail::t0.564674735069,1,0.14285714285714285,0,1,0,0,0
AND::abs_ratio_m1::high_tail::t0.005960837007::resid_mean::high_tail::t0.564674735069,1,0.14285714285714285,0,1,0,0,0
AND::abs_ratio_m1::high_tail::t0.014255183935::resid_mean::high_tail::t0.564674735069,1,0.14285714285714285,0,1,0,0,0
AND::abs_ratio_m1::high_tail::t0.027379021049::resid_mean::high_tail::t0.564674735069,1,0.14285714285714285,0,1,0,0,0
AND::abs_ratio_m1::high_tail::t0.041731354594::resid_mean::high_tail::t0.564674735069,1,0.14285714285714285,0,1,0,0,0
AND::abs_ratio_m1::high_tail::t0.048184394836::resid_mean::high_tail::t0.564674735069,1,0.14285714285714285,0,1,0,0,0
AND::abs_ratio_m1::high_tail::t0.05391215384::resid_mean::high_tail::t0.564674735069,1,0.14285714285714285,0,1,0,0,0
AND::abs_ratio_m1::high_tail::t0.083735644817::resid_mean::high_tail::t0.564674735069,1,0.14285714285714285,0,1,0,0,0
AND::abs_ratio_m1::high_tail::t0.091455745697::resid_mean::high_tail::t0.564674735069,1,0.14285714285714285,0,1,0,0,0
AND::abs_ratio_m1::high_tail::t0.106112769246::resid_mean::high_tail::t0.564674735069,1,0.14285714285714285,0,1,0,0,0
AND::abs_ratio_m1::high_tail::t0.113817459345::resid_mean::high_tail::t0.564674735069,1,0.14285714285714285,0,1,0,0,0
AND::abs_ratio_m1::high_tail::t0.135434016585::resid_mean::high_tail::t0.564674735069,1,0.14285714285714285,0,1,0,0,0
AND::abs_ratio_m1::high_tail::t0.168559765816::resid_mean::high_tail::t0.564674735069,1,0.14285714285714285,0,1,0,0,0
AND::abs_ratio_m1::high_tail::t0.178516969085::resid_mean::high_tail::t0.564674735069,1,0.14285714285714285,0,1,0,0,0
AND::abs_ratio_m1::high_tail::t0.178516969085::resid_mean::low_tail::t0.079546944797,1,0.14285714285714285,0,1,0,0,0
AND::abs_ratio_m1::high_tail::t0.178516969085::resid_mean::low_tail::t0.086032651737,1,0.14285714285714285,0,1,0,0,0
AND::abs_ratio_m1::high_tail::t0.178516969085::resid_mean::low_tail::t0.10182300508,1,0.14285714285714285,0,1,0,0,0
AND::abs_ratio_m1::high_tail::t0.249615430832::resid_mean::low_tail::t0.079546944797,1,0.14285714285714285,0,1,0,0,0
AND::abs_ratio_m1::high_tail::t0.249615430832::resid_mean::low_tail::t0.086032651737,1,0.14285714285714285,0,1,0,0,0
AND::abs_ratio_m1::high_tail::t0.249615430832::resid_mean::low_tail::t0.10182300508,1,0.14285714285714285,0,1,0,0,0
AND::abs_ratio_m1::high_tail::t0.249615430832::resid_mean::low_tail::t0.11669221893,1,0.14285714285714285,0,1,0,0,0
AND::abs_ratio_m1::low_tail::t0.310403111577::resid_mean::high_tail::t0.564674735069,1,0.14285714285714285,0,1,0,0,0
AND::score_m_bridge::low_tail::t0.092731447518::abs_log_h::high_tail::t0.221798172593,1,0.14285714285714285,0,1,0,0,0
AND::score_m_bridge::low_tail::t0.092731447518::abs_log_h::high_tail::t0.352716779709,1,0.14285714285714285,0,1,0,0,0
AND::score_m_bridge::low_tail::t0.097725676::abs_log_h::high_tail::t0.221798172593,1,0.14285714285714285,0,1,0,0,0
AND::score_m_bridge::low_tail::t0.097725676::abs_log_h::high_tail::t0.352716779709,1,0.14285714285714285,0,1,0,0,0
AND::score_m_bridge::low_tail::t0.107601851225::abs_log_h::high_tail::t0.221798172593,1,0.14285714285714285,0,1,0,0,0
AND::score_m_bridge::low_tail::t0.107601851225::abs_log_h::high_tail::t0.352716779709,1,0.14285714285714285,0,1,0,0,0
AND::score_m_bridge::low_tail::t0.121534435451::abs_log_h::high_tail::t0.221798172593,1,0.14285714285714285,0,1,0,0,0
AND::score_m_bridge::low_tail::t0.121534435451::abs_log_h::high_tail::t0.352716779709,1,0.14285714285714285,0,1,0,0,0
AND::score_m_bridge::low_tail::t0.140968292952::abs_log_h::high_tail::t0.221798172593,1,0.14285714285714285,0,1,0,0,0
AND::score_m_bridge::low_tail::t0.140968292952::abs_log_h::high_tail::t0.352716779709,1,0.14285714285714285,0,1,0,0,0
AND::score_m_bridge::low_tail::t0.149133753777::abs_log_h::high_tail::t0.221798172593,1,0.14285714285714285,1,0,0,0,0
AND::score_m_bridge::low_tail::t0.149133753777::abs_log_h::high_tail::t0.352716779709,1,0.14285714285714285,0,1,0,0,0
AND::score_m_bridge::low_tail::t0.160106101632::abs_log_h::high_tail::t0.221798172593,1,0.14285714285714285,1,0,0,0,0
AND::score_m_bridge::low_tail::t0.160106101632::abs_log_h::high_tail::t0.352716779709,1,0.14285714285714285,0,1,0,0,0
AND::score_m_bridge::low_tail::t0.092731447518::abs_log_h::low_tail::t0.007043455821,1,0.14285714285714285,0,1,0,0,0
AND::score_m_bridge::low_tail::t0.092731447518::abs_log_h::low_tail::t0.011267805658,1,0.14285714285714285,0,1,0,0,0
AND::score_m_bridge::low_tail::t0.092731447518::dist_h::high_tail::t0.080321347713,1,0.14285714285714285,1,0,0,0,0
AND::score_m_bridge::low_tail::t0.208649888635::dist_h::high_tail::t0.217488360405,1,0.14285714285714285,0,1,0,0,0
AND::score_m_bridge::low_tail::t0.208649888635::dist_h::high_tail::t0.236067727208,1,0.14285714285714285,0,1,0,0,0
AND::score_m_bridge::low_tail::t0.092731447518::abs_ratio_m1::high_tail::t0.177665233612,1,0.14285714285714285,1,0,0,0,0
AND::score_m_bridge::low_tail::t0.092731447518::abs_ratio_m1::high_tail::t0.248322606087,1,0.14285714285714285,0,1,0,0,0
AND::score_m_bridge::low_tail::t0.092731447518::abs_ratio_m1::high_tail::t0.3095251441,1,0.14285714285714285,0,1,0,0,0
AND::score_m_bridge::low_tail::t0.097725676::abs_ratio_m1::high_tail::t0.177665233612,1,0.14285714285714285,1,0,0,0,0
AND::score_m_bridge::low_tail::t0.097725676::abs_ratio_m1::high_tail::t0.248322606087,1,0.14285714285714285,0,1,0,0,0
AND::score_m_bridge::low_tail::t0.097725676::abs_ratio_m1::high_tail::t0.3095251441,1,0.14285714285714285,0,1,0,0,0
AND::score_m_bridge::low_tail::t0.107601851225::abs_ratio_m1::high_tail::t0.177665233612,1,0.14285714285714285,1,0,0,0,0
AND::score_m_bridge::low_tail::t0.107601851225::abs_ratio_m1::high_tail::t0.248322606087,1,0.14285714285714285,0,1,0,0,0
AND::score_m_bridge::low_tail::t0.107601851225::abs_ratio_m1::high_tail::t0.3095251441,1,0.14285714285714285,0,1,0,0,0
AND::score_m_bridge::low_tail::t0.121534435451::abs_ratio_m1::high_tail::t0.177665233612,1,0.14285714285714285,1,0,0,0,0
AND::score_m_bridge::low_tail::t0.121534435451::abs_ratio_m1::high_tail::t0.248322606087,1,0.14285714285714285,0,1,0,0,0
AND::score_m_bridge::low_tail::t0.121534435451::abs_ratio_m1::high_tail::t0.3095251441,1,0.14285714285714285,0,1,0,0,0
AND::score_m_bridge::low_tail::t0.140968292952::abs_ratio_m1::high_tail::t0.177665233612,1,0.14285714285714285,1,0,0,0,0
AND::score_m_bridge::low_tail::t0.140968292952::abs_ratio_m1::high_tail::t0.248322606087,1,0.14285714285714285,0,1,0,0,0
AND::score_m_bridge::low_tail::t0.140968292952::abs_ratio_m1::high_tail::t0.3095251441,1,0.14285714285714285,0,1,0,0,0
AND::score_m_bridge::low_tail::t0.149133753777::abs_ratio_m1::high_tail::t0.177665233612,1,0.14285714285714285,2,0,0,0,0
AND::score_m_bridge::low_tail::t0.149133753777::abs_ratio_m1::high_tail::t0.248322606087,1,0.14285714285714285,1,0,0,0,0
AND::score_m_bridge::low_tail::t0.149133753777::abs_ratio_m1::high_tail::t0.3095251441,1,0.14285714285714285,1,0,0,0,0
AND::score_m_bridge::low_tail::t0.160106101632::abs_ratio_m1::high_tail::t0.177665233612,1,0.14285714285714285,2,0,0,0,0
AND::score_m_bridge::low_tail::t0.160106101632::abs_ratio_m1::high_tail::t0.248322606087,1,0.14285714285714285,1,0,0,0,0
AND::score_m_bridge::low_tail::t0.160106101632::abs_ratio_m1::high_tail::t0.3095251441,1,0.14285714285714285,1,0,0,0,0
AND::score_m_bridge::low_tail::t0.169119209051::abs_ratio_m1::high_tail::t0.3095251441,1,0.14285714285714285,1,0,0,0,0
AND::score_m_bridge::low_tail::t0.092731447518::abs_ratio_m1::low_tail::t0.007056689262,1,0.14285714285714285,0,1,0,0,0
AND::score_m_bridge::low_tail::t0.092731447518::abs_ratio_m1::low_tail::t0.01120455265,1,0.14285714285714285,0,1,0,0,0
AND::score_m_bridge::high_tail::t0.107601851225::resid_mean::low_tail::t0.08660800904,1,0.14285714285714285,1,0,0,0,0
AND::score_m_bridge::high_tail::t0.121534435451::resid_mean::low_tail::t0.08660800904,1,0.14285714285714285,1,0,0,0,0
AND::score_m_bridge::high_tail::t0.140968292952::resid_mean::low_tail::t0.08660800904,1,0.14285714285714285,0,1,0,0,0
AND::score_m_bridge::high_tail::t0.140968292952::resid_mean::low_tail::t0.100639134645,1,0.14285714285714285,0,1,0,0,0
AND::score_m_bridge::high_tail::t0.140968292952::resid_mean::low_tail::t0.124849006534,1,0.14285714285714285,1,0,0,0,0
AND::score_m_bridge::low_tail::t0.169119209051::resid_mean::high_tail::t0.336828374863,1,0.14285714285714285,0,1,0,0,0
AND::score_m_bridge::low_tail::t0.185394781828::resid_mean::high_tail::t0.336828374863,1,0.14285714285714285,0,1,0,0,0
AND::score_m_bridge::low_tail::t0.196427559853::resid_mean::high_tail::t0.336828374863,1,0.14285714285714285,0,1,0,0,0
AND::score_m_bridge::low_tail::t0.208649888635::resid_mean::high_tail::t0.336828374863,1,0.14285714285714285,0,1,0,0,0
AND::score_m_bridge::low_tail::t0.208649888635::resid_mean::high_tail::t0.345436018705,1,0.14285714285714285,0,1,0,0,0
AND::score_m_bridge::low_tail::t0.208649888635::resid_mean::high_tail::t0.387738180161,1,0.14285714285714285,0,1,0,0,0
AND::score_m_bridge::low_tail::t0.216287723184::resid_mean::high_tail::t0.336828374863,1,0.14285714285714285,0,1,0,0,0
AND::score_m_bridge::low_tail::t0.216287723184::resid_mean::high_tail::t0.345436018705,1,0.14285714285714285,0,1,0,0,0
AND::score_m_bridge::low_tail::t0.216287723184::resid_mean::high_tail::t0.387738180161,1,0.14285714285714285,0,1,0,0,0
AND::score_m_bridge::low_tail::t0.247002631426::resid_mean::high_tail::t0.387738180161,1,0.14285714285714285,0,1,0,0,0
AND::score_m_bridge::low_tail::t0.29330983758::resid_mean::high_tail::t0.387738180161,1,0.14285714285714285,0,1,0,0,0
AND::abs_log_h::low_tail::t0.007043455821::dist_h::low_tail::t0.080321347713,1,0.14285714285714285,0,1,0,0,0
AND::abs_log_h::low_tail::t0.007043455821::dist_h::low_tail::t0.096943303943,1,0.14285714285714285,1,0,0,0,0
AND::abs_log_h::low_tail::t0.011267805658::dist_h::low_tail::t0.080321347713,1,0.14285714285714285,1,0,0,0,0
AND::abs_log_h::low_tail::t0.011267805658::dist_h::low_tail::t0.096943303943,1,0.14285714285714285,2,0,0,0,0
AND::abs_log_h::high_tail::t0.027072383091::abs_ratio_m1::low_tail::t0.026919865608,1,0.14285714285714285,0,1,0,0,0
AND::abs_log_h::high_tail::t0.185408404469::abs_ratio_m1::low_tail::t0.171029448509,1,0.14285714285714285,0,1,0,0,0
AND::abs_log_h::low_tail::t0.185408404469::abs_ratio_m1::high_tail::t0.171029448509,1,0.14285714285714285,1,0,0,0,0
AND::abs_log_h::low_tail::t0.185408404469::abs_ratio_m1::high_tail::t0.177665233612,1,0.14285714285714285,1,0,0,0,0
AND::abs_log_h::low_tail::t0.190970781446::abs_ratio_m1::high_tail::t0.177665233612,1,0.14285714285714285,1,0,0,0,0
AND::abs_log_h::low_tail::t0.352716779709::abs_ratio_m1::high_tail::t0.248322606087,1,0.14285714285714285,1,0,0,1,0
AND::abs_log_h::low_tail::t0.352716779709::abs_ratio_m1::high_tail::t0.3095251441,1,0.14285714285714285,1,0,0,0,0
AND::abs_log_h::high_tail::t0.190970781446::resid_mean::low_tail::t0.080771669745,1,0.14285714285714285,0,1,0,0,0
AND::abs_log_h::high_tail::t0.221798172593::resid_mean::low_tail::t0.080771669745,1,0.14285714285714285,0,1,0,0,0
AND::abs_log_h::high_tail::t0.221798172593::resid_mean::low_tail::t0.08660800904,1,0.14285714285714285,0,1,0,0,0
AND::abs_log_h::high_tail::t0.221798172593::resid_mean::low_tail::t0.100639134645,1,0.14285714285714285,0,1,0,0,0
AND::abs_log_h::high_tail::t0.221798172593::resid_mean::low_tail::t0.124849006534,1,0.14285714285714285,1,0,0,0,0
AND::abs_log_h::high_tail::t0.221798172593::resid_mean::low_tail::t0.154632726312,1,0.14285714285714285,2,0,0,0,0
AND::abs_log_h::high_tail::t0.221798172593::resid_mean::low_tail::t0.173456096649,1,0.14285714285714285,2,0,0,0,0
AND::abs_log_h::high_tail::t0.352716779709::resid_mean::low_tail::t0.124849006534,1,0.14285714285714285,1,0,0,0,0
AND::abs_log_h::high_tail::t0.352716779709::resid_mean::low_tail::t0.154632726312,1,0.14285714285714285,1,0,0,0,0
AND::abs_log_h::high_tail::t0.352716779709::resid_mean::low_tail::t0.173456096649,1,0.14285714285714285,1,0,0,0,0
AND::dist_h::low_tail::t0.080321347713::abs_ratio_m1::low_tail::t0.007056689262,1,0.14285714285714285,0,1,0,0,0
AND::dist_h::low_tail::t0.080321347713::abs_ratio_m1::low_tail::t0.01120455265,1,0.14285714285714285,1,0,0,0,0
AND::dist_h::low_tail::t0.096943303943::abs_ratio_m1::low_tail::t0.007056689262,1,0.14285714285714285,1,0,0,0,0
AND::dist_h::low_tail::t0.096943303943::abs_ratio_m1::low_tail::t0.01120455265,1,0.14285714285714285,2,0,0,0,0
AND::dist_h::high_tail::t0.347329956293::resid_mean::high_tail::t0.336828374863,1,0.14285714285714285,0,1,0,0,0
AND::dist_h::high_tail::t0.143403556943::resid_mean::low_tail::t0.08660800904,1,0.14285714285714285,1,0,0,0,0
AND::dist_h::high_tail::t0.157479047775::resid_mean::low_tail::t0.08660800904,1,0.14285714285714285,1,0,0,0,0
AND::dist_h::high_tail::t0.165598291159::resid_mean::low_tail::t0.08660800904,1,0.14285714285714285,0,1,0,0,0
AND::abs_ratio_m1::high_tail::t0.177665233612::resid_mean::low_tail::t0.080771669745,1,0.14285714285714285,0,1,0,0,0
AND::abs_ratio_m1::high_tail::t0.177665233612::resid_mean::low_tail::t0.08660800904,1,0.14285714285714285,0,1,0,0,0
AND::abs_ratio_m1::high_tail::t0.177665233612::resid_mean::low_tail::t0.100639134645,1,0.14285714285714285,0,1,0,0,0
AND::abs_ratio_m1::high_tail::t0.177665233612::resid_mean::low_tail::t0.124849006534,1,0.14285714285714285,2,0,0,0,0
AND::abs_ratio_m1::high_tail::t0.177665233612::resid_mean::low_tail::t0.154632726312,1,0.14285714285714285,3,0,0,0,0
AND::abs_ratio_m1::high_tail::t0.248322606087::resid_mean::low_tail::t0.080771669745,1,0.14285714285714285,0,1,0,0,0
AND::abs_ratio_m1::high_tail::t0.248322606087::resid_mean::low_tail::t0.08660800904,1,0.14285714285714285,0,1,0,0,0
AND::abs_ratio_m1::high_tail::t0.248322606087::resid_mean::low_tail::t0.100639134645,1,0.14285714285714285,0,1,0,0,0
AND::abs_ratio_m1::high_tail::t0.248322606087::resid_mean::low_tail::t0.124849006534,1,0.14285714285714285,1,0,0,0,0
AND::abs_ratio_m1::high_tail::t0.248322606087::resid_mean::low_tail::t0.154632726312,1,0.14285714285714285,2,0,0,0,0
AND::abs_ratio_m1::high_tail::t0.248322606087::resid_mean::low_tail::t0.173456096649,1,0.14285714285714285,2,0,0,0,0
AND::abs_ratio_m1::high_tail::t0.3095251441::resid_mean::low_tail::t0.124849006534,1,0.14285714285714285,1,0,0,0,0
AND::abs_ratio_m1::high_tail::t0.3095251441::resid_mean::low_tail::t0.154632726312,1,0.14285714285714285,2,0,0,0,0
AND::abs_ratio_m1::high_tail::t0.3095251441::resid_mean::low_tail::t0.173456096649,1,0.14285714285714285,2,0,0,0,0
AND::abs_ratio_m1::high_tail::t0.3095251441::resid_mean::low_tail::t0.183577880263,1,0.14285714285714285,2,0,0,0,0
AND::abs_ratio_m1::high_tail::t0.3095251441::resid_mean::low_tail::t0.189677965641,1,0.14285714285714285,2,0,0,0,0
AND::abs_ratio_m1::high_tail::t0.3095251441::resid_mean::low_tail::t0.197217091918,1,0.14285714285714285,2,0,0,0,0
AND::abs_ratio_m1::high_tail::t0.3095251441::resid_mean::low_tail::t0.213121458888,1,0.14285714285714285,2,0,0,0,0
AND::abs_ratio_m1::high_tail::t0.3095251441::resid_mean::low_tail::t0.218868929148,1,0.14285714285714285,2,0,0,0,0
AND::abs_ratio_m1::high_tail::t0.3095251441::resid_mean::low_tail::t0.266995596886,1,0.14285714285714285,2,0,0,0,0
AND::score_m_bridge::high_tail::t0.326739701629::abs_log_h::high_tail::t0.187536332756,1,0.14285714285714285,1,0,0,0,0
AND::score_m_bridge::high_tail::t0.326739701629::abs_log_h::high_tail::t0.21571226269,1,0.14285714285714285,1,0,0,0,0
AND::score_m_bridge::low_tail::t0.096532051265::abs_log_h::high_tail::t0.21571226269,1,0.14285714285714285,0,1,0,0,0
AND::score_m_bridge::low_tail::t0.096532051265::abs_log_h::high_tail::t0.272807309031,1,0.14285714285714285,0,1,0,0,0
AND::score_m_bridge::low_tail::t0.096532051265::abs_log_h::high_tail::t0.428202927113,1,0.14285714285714285,0,1,0,0,0
AND::score_m_bridge::low_tail::t0.106425387785::abs_log_h::high_tail::t0.21571226269,1,0.14285714285714285,0,1,0,0,0
AND::score_m_bridge::low_tail::t0.106425387785::abs_log_h::high_tail::t0.272807309031,1,0.14285714285714285,0,1,0,0,0
AND::score_m_bridge::low_tail::t0.106425387785::abs_log_h::high_tail::t0.428202927113,1,0.14285714285714285,0,1,0,0,0
AND::score_m_bridge::low_tail::t0.120655308664::abs_log_h::high_tail::t0.21571226269,1,0.14285714285714285,0,1,1,1,0
AND::score_m_bridge::low_tail::t0.120655308664::abs_log_h::high_tail::t0.272807309031,1,0.14285714285714285,0,1,1,1,0
AND::score_m_bridge::low_tail::t0.120655308664::abs_log_h::high_tail::t0.428202927113,1,0.14285714285714285,0,1,0,0,0
AND::score_m_bridge::low_tail::t0.123761003837::abs_log_h::high_tail::t0.21571226269,1,0.14285714285714285,0,1,1,1,0
AND::score_m_bridge::low_tail::t0.123761003837::abs_log_h::high_tail::t0.272807309031,1,0.14285714285714285,0,1,1,1,0
AND::score_m_bridge::low_tail::t0.123761003837::abs_log_h::high_tail::t0.428202927113,1,0.14285714285714285,0,1,0,0,0
AND::score_m_bridge::low_tail::t0.138738501072::abs_log_h::high_tail::t0.21571226269,1,0.14285714285714285,0,1,1,1,0
AND::score_m_bridge::low_tail::t0.138738501072::abs_log_h::high_tail::t0.272807309031,1,0.14285714285714285,0,1,1,1,0
AND::score_m_bridge::low_tail::t0.138738501072::abs_log_h::high_tail::t0.428202927113,1,0.14285714285714285,0,1,0,0,0
AND::score_m_bridge::low_tail::t0.14687698558::abs_log_h::high_tail::t0.428202927113,1,0.14285714285714285,0,1,0,0,0
AND::score_m_bridge::low_tail::t0.157571278512::abs_log_h::high_tail::t0.428202927113,1,0.14285714285714285,0,1,0,0,0
AND::score_m_bridge::low_tail::t0.167546021938::abs_log_h::high_tail::t0.428202927113,1,0.14285714285714285,0,1,0,0,0
AND::score_m_bridge::low_tail::t0.08112179637::abs_log_h::low_tail::t0.009790738486,1,0.14285714285714285,0,1,0,0,0
AND::score_m_bridge::low_tail::t0.096532051265::abs_log_h::low_tail::t0.005895621656,1,0.14285714285714285,0,1,0,0,0
AND::score_m_bridge::low_tail::t0.096532051265::abs_log_h::low_tail::t0.009790738486,1,0.14285714285714285,0,1,0,0,0
AND::score_m_bridge::high_tail::t0.326739701629::abs_ratio_m1::high_tail::t0.167795801163,1,0.14285714285714285,1,0,0,0,0
AND::score_m_bridge::high_tail::t0.326739701629::abs_ratio_m1::high_tail::t0.177192047238,1,0.14285714285714285,1,0,0,0,0
AND::score_m_bridge::high_tail::t0.326739701629::abs_ratio_m1::high_tail::t0.198848778009,1,0.14285714285714285,1,0,0,0,0
AND::score_m_bridge::low_tail::t0.096532051265::abs_ratio_m1::high_tail::t0.198848778009,1,0.14285714285714285,0,1,0,0,0
AND::score_m_bridge::low_tail::t0.096532051265::abs_ratio_m1::high_tail::t0.305135306716,1,0.14285714285714285,0,1,0,0,0
AND::score_m_bridge::low_tail::t0.106425387785::abs_ratio_m1::high_tail::t0.198848778009,1,0.14285714285714285,0,1,0,0,0
AND::score_m_bridge::low_tail::t0.106425387785::abs_ratio_m1::high_tail::t0.305135306716,1,0.14285714285714285,0,1,0,0,0
AND::score_m_bridge::low_tail::t0.120655308664::abs_ratio_m1::high_tail::t0.198848778009,1,0.14285714285714285,0,1,1,1,0
AND::score_m_bridge::low_tail::t0.120655308664::abs_ratio_m1::high_tail::t0.305135306716,1,0.14285714285714285,0,1,0,0,0
AND::score_m_bridge::low_tail::t0.123761003837::abs_ratio_m1::high_tail::t0.198848778009,1,0.14285714285714285,0,1,1,1,0
AND::score_m_bridge::low_tail::t0.123761003837::abs_ratio_m1::high_tail::t0.305135306716,1,0.14285714285714285,0,1,0,0,0
AND::score_m_bridge::low_tail::t0.138738501072::abs_ratio_m1::high_tail::t0.198848778009,1,0.14285714285714285,0,1,1,1,0
AND::score_m_bridge::low_tail::t0.138738501072::abs_ratio_m1::high_tail::t0.305135306716,1,0.14285714285714285,0,1,0,0,0
AND::score_m_bridge::low_tail::t0.08112179637::abs_ratio_m1::low_tail::t0.009752225876,1,0.14285714285714285,0,1,0,0,0
AND::score_m_bridge::low_tail::t0.096532051265::abs_ratio_m1::low_tail::t0.005878266692,1,0.14285714285714285,0,1,0,0,0
AND::score_m_bridge::low_tail::t0.096532051265::abs_ratio_m1::low_tail::t0.009752225876,1,0.14285714285714285,0,1,0,0,0
AND::score_m_bridge::high_tail::t0.096532051265::resid_mean::high_tail::t0.564674735069,1,0.14285714285714285,0,1,0,0,0
AND::score_m_bridge::high_tail::t0.106425387785::resid_mean::high_tail::t0.564674735069,1,0.14285714285714285,0,1,0,0,0
AND::score_m_bridge::high_tail::t0.120655308664::resid_mean::high_tail::t0.564674735069,1,0.14285714285714285,0,1,0,0,0
AND::score_m_bridge::high_tail::t0.123761003837::resid_mean::high_tail::t0.564674735069,1,0.14285714285714285,0,1,0,0,0
AND::score_m_bridge::high_tail::t0.14687698558::resid_mean::high_tail::t0.564674735069,1,0.14285714285714285,0,1,0,0,0
AND::score_m_bridge::high_tail::t0.185448011756::resid_mean::high_tail::t0.564674735069,1,0.14285714285714285,0,1,0,0,0
AND::score_m_bridge::high_tail::t0.200760836899::resid_mean::high_tail::t0.564674735069,1,0.14285714285714285,0,1,0,0,0
AND::score_m_bridge::high_tail::t0.215686422586::resid_mean::high_tail::t0.564674735069,1,0.14285714285714285,0,1,0,0,0
AND::score_m_bridge::high_tail::t0.305687253177::resid_mean::high_tail::t0.564674735069,1,0.14285714285714285,0,1,0,0,0
AND::score_m_bridge::high_tail::t0.138738501072::resid_mean::low_tail::t0.085384783149,1,0.14285714285714285,0,1,0,0,0
AND::score_m_bridge::high_tail::t0.14687698558::resid_mean::low_tail::t0.085384783149,1,0.14285714285714285,0,1,0,0,0
AND::score_m_bridge::high_tail::t0.14687698558::resid_mean::low_tail::t0.100639134645,1,0.14285714285714285,0,1,0,0,0
AND::score_m_bridge::high_tail::t0.14687698558::resid_mean::low_tail::t0.11716138944,1,0.14285714285714285,0,1,0,0,0
AND::score_m_bridge::low_tail::t0.063411528431::resid_mean::high_tail::t0.085384783149,1,0.14285714285714285,0,1,0,0,0
AND::score_m_bridge::low_tail::t0.063411528431::resid_mean::high_tail::t0.100639134645,1,0.14285714285714285,0,1,0,0,0
AND::score_m_bridge::low_tail::t0.063411528431::resid_mean::high_tail::t0.11716138944,1,0.14285714285714285,0,1,0,0,0
AND::score_m_bridge::low_tail::t0.063411528431::resid_mean::high_tail::t0.134372270107,1,0.14285714285714285,0,1,0,0,0
AND::score_m_bridge::low_tail::t0.063411528431::resid_mean::high_tail::t0.153866411,1,0.14285714285714285,0,1,0,0,0
AND::score_m_bridge::low_tail::t0.063411528431::resid_mean::high_tail::t0.166523420811,1,0.14285714285714285,0,1,0,0,0
AND::score_m_bridge::low_tail::t0.063411528431::resid_mean::high_tail::t0.177997551113,1,0.14285714285714285,0,1,0,0,0
AND::score_m_bridge::low_tail::t0.063411528431::resid_mean::high_tail::t0.185394339263,1,0.14285714285714285,0,1,0,0,0
AND::score_m_bridge::low_tail::t0.063411528431::resid_mean::high_tail::t0.191400956362,1,0.14285714285714285,0,1,0,0,0
AND::score_m_bridge::low_tail::t0.073820904642::resid_mean::high_tail::t0.11716138944,1,0.14285714285714285,0,1,0,0,0
AND::score_m_bridge::low_tail::t0.073820904642::resid_mean::high_tail::t0.134372270107,1,0.14285714285714285,0,1,0,0,0
AND::score_m_bridge::low_tail::t0.073820904642::resid_mean::high_tail::t0.153866411,1,0.14285714285714285,0,1,0,0,0
AND::score_m_bridge::low_tail::t0.073820904642::resid_mean::high_tail::t0.166523420811,1,0.14285714285714285,0,1,0,0,0
AND::score_m_bridge::low_tail::t0.073820904642::resid_mean::high_tail::t0.177997551113,1,0.14285714285714285,0,1,0,0,0
AND::score_m_bridge::low_tail::t0.073820904642::resid_mean::high_tail::t0.185394339263,1,0.14285714285714285,0,1,0,0,0
AND::score_m_bridge::low_tail::t0.073820904642::resid_mean::high_tail::t0.191400956362,1,0.14285714285714285,0,1,0,0,0
AND::score_m_bridge::low_tail::t0.167546021938::resid_mean::high_tail::t0.307723706961,1,0.14285714285714285,1,0,0,0,0
AND::score_m_bridge::low_tail::t0.167546021938::resid_mean::high_tail::t0.315585441887,1,0.14285714285714285,1,0,0,0,0
AND::score_m_bridge::low_tail::t0.215686422586::resid_mean::high_tail::t0.338716101646,1,0.14285714285714285,0,1,0,0,0
AND::score_m_bridge::low_tail::t0.215686422586::resid_mean::high_tail::t0.355487036705,1,0.14285714285714285,0,1,0,0,0
AND::score_m_bridge::low_tail::t0.343733815849::resid_mean::high_tail::t0.564674735069,1,0.14285714285714285,0,1,0,0,0
AND::abs_log_h::high_tail::t0.428202927113::dist_h::low_tail::t0.082318970934,1,0.14285714285714285,0,1,0,0,0
AND::abs_log_h::high_tail::t0.428202927113::dist_h::low_tail::t0.097242671996,1,0.14285714285714285,0,1,0,0,0
AND::abs_log_h::high_tail::t0.428202927113::dist_h::low_tail::t0.106062807888,1,0.14285714285714285,0,1,0,0,0
AND::abs_log_h::high_tail::t0.428202927113::dist_h::low_tail::t0.115842345357,1,0.14285714285714285,0,1,0,0,0
AND::abs_log_h::high_tail::t0.428202927113::dist_h::low_tail::t0.127339374274,1,0.14285714285714285,0,1,0,0,0
AND::abs_log_h::high_tail::t0.428202927113::dist_h::low_tail::t0.154382057488,1,0.14285714285714285,0,1,0,0,0
AND::abs_log_h::high_tail::t0.428202927113::dist_h::low_tail::t0.16058261767,1,0.14285714285714285,0,1,0,0,0
AND::abs_log_h::high_tail::t0.428202927113::dist_h::low_tail::t0.168343108892,1,0.14285714285714285,0,1,0,0,0
AND::abs_log_h::high_tail::t0.428202927113::dist_h::low_tail::t0.178418402374,1,0.14285714285714285,0,1,0,0,0
AND::abs_log_h::high_tail::t0.428202927113::dist_h::low_tail::t0.214476028085,1,0.14285714285714285,0,1,0,0,0
AND::abs_log_h::high_tail::t0.428202927113::dist_h::low_tail::t0.237766869366,1,0.14285714285714285,0,1,0,0,0
AND::abs_log_h::low_tail::t0.005895621656::dist_h::low_tail::t0.082318970934,1,0.14285714285714285,0,1,0,0,0
AND::abs_log_h::low_tail::t0.005895621656::dist_h::low_tail::t0.097242671996,1,0.14285714285714285,0,1,0,0,0
AND::abs_log_h::high_tail::t0.428202927113::abs_ratio_m1::low_tail::t0.371002078056,1,0.14285714285714285,1,0,0,0,0
AND::abs_log_h::low_tail::t0.042053996027::abs_ratio_m1::high_tail::t0.042462706566,1,0.14285714285714285,0,1,0,0,0
AND::abs_log_h::low_tail::t0.125970438123::abs_ratio_m1::high_tail::t0.13244125247,1,0.14285714285714285,0,1,0,0,0
AND::abs_log_h::low_tail::t0.272807309031::abs_ratio_m1::high_tail::t0.305135306716,1,0.14285714285714285,0,1,0,0,0
AND::abs_log_h::high_tail::t0.009790738486::resid_mean::high_tail::t0.564674735069,1,0.14285714285714285,0,1,0,0,0
AND::abs_log_h::high_tail::t0.013725053193::resid_mean::high_tail::t0.564674735069,1,0.14285714285714285,0,1,0,0,0
AND::abs_log_h::high_tail::t0.018734600767::resid_mean::high_tail::t0.564674735069,1,0.14285714285714285,0,1,0,0,0
AND::abs_log_h::high_tail::t0.028229623102::resid_mean::high_tail::t0.564674735069,1,0.14285714285714285,0,1,0,0,0
AND::abs_log_h::high_tail::t0.033725808375::resid_mean::high_tail::t0.564674735069,1,0.14285714285714285,0,1,0,0,0
AND::abs_log_h::high_tail::t0.042053996027::resid_mean::high_tail::t0.564674735069,1,0.14285714285714285,0,1,0,0,0
AND::abs_log_h::high_tail::t0.048165836185::resid_mean::high_tail::t0.564674735069,1,0.14285714285714285,0,1,0,0,0
AND::abs_log_h::high_tail::t0.055868939124::resid_mean::high_tail::t0.564674735069,1,0.14285714285714285,0,1,0,0,0
AND::abs_log_h::high_tail::t0.06875821203::resid_mean::high_tail::t0.564674735069,1,0.14285714285714285,0,1,0,0,0
AND::abs_log_h::high_tail::t0.087118708342::resid_mean::high_tail::t0.564674735069,1,0.14285714285714285,0,1,0,0,0
AND::abs_log_h::high_tail::t0.095028266311::resid_mean::high_tail::t0.564674735069,1,0.14285714285714285,0,1,0,0,0
AND::abs_log_h::high_tail::t0.108059896529::resid_mean::high_tail::t0.564674735069,1,0.14285714285714285,0,1,0,0,0
AND::abs_log_h::high_tail::t0.117251282185::resid_mean::high_tail::t0.564674735069,1,0.14285714285714285,0,1,0,0,0
AND::abs_log_h::high_tail::t0.125970438123::resid_mean::high_tail::t0.564674735069,1,0.14285714285714285,0,1,0,0,0
AND::abs_log_h::high_tail::t0.168144950271::resid_mean::high_tail::t0.564674735069,1,0.14285714285714285,0,1,0,0,0
AND::abs_log_h::high_tail::t0.187536332756::resid_mean::high_tail::t0.564674735069,1,0.14285714285714285,0,1,0,0,0
AND::abs_log_h::high_tail::t0.21571226269::resid_mean::high_tail::t0.564674735069,1,0.14285714285714285,0,1,0,0,0
AND::abs_log_h::high_tail::t0.125970438123::resid_mean::low_tail::t0.079540425539,1,0.14285714285714285,0,1,0,0,0
AND::abs_log_h::high_tail::t0.168144950271::resid_mean::low_tail::t0.079540425539,1,0.14285714285714285,0,1,0,0,0
AND::abs_log_h::high_tail::t0.187536332756::resid_mean::low_tail::t0.079540425539,1,0.14285714285714285,0,1,0,0,0
AND::abs_log_h::high_tail::t0.21571226269::resid_mean::low_tail::t0.079540425539,1,0.14285714285714285,0,1,0,0,0
AND::abs_log_h::high_tail::t0.21571226269::resid_mean::low_tail::t0.085384783149,1,0.14285714285714285,0,1,0,0,0
AND::abs_log_h::high_tail::t0.21571226269::resid_mean::low_tail::t0.100639134645,1,0.14285714285714285,0,1,0,0,0
AND::abs_log_h::high_tail::t0.21571226269::resid_mean::low_tail::t0.11716138944,1,0.14285714285714285,0,1,1,1,0
AND::abs_log_h::high_tail::t0.428202927113::resid_mean::low_tail::t0.134372270107,1,0.14285714285714285,0,1,0,0,0
AND::abs_log_h::high_tail::t0.428202927113::resid_mean::low_tail::t0.153866411,1,0.14285714285714285,0,1,0,0,0
AND::abs_log_h::low_tail::t0.272807309031::resid_mean::high_tail::t0.564674735069,1,0.14285714285714285,0,1,0,0,0
AND::abs_log_h::low_tail::t0.428202927113::resid_mean::high_tail::t0.564674735069,1,0.14285714285714285,0,1,0,0,0
AND::dist_h::low_tail::t0.082318970934::abs_ratio_m1::low_tail::t0.005878266692,1,0.14285714285714285,0,1,0,0,0
AND::dist_h::low_tail::t0.097242671996::abs_ratio_m1::low_tail::t0.005878266692,1,0.14285714285714285,0,1,0,0,0
AND::dist_h::high_tail::t0.063262563013::resid_mean::high_tail::t0.564674735069,1,0.14285714285714285,0,1,0,0,0
AND::dist_h::high_tail::t0.071144914627::resid_mean::high_tail::t0.564674735069,1,0.14285714285714285,0,1,0,0,0
AND::dist_h::high_tail::t0.082318970934::resid_mean::high_tail::t0.564674735069,1,0.14285714285714285,0,1,0,0,0
AND::dist_h::high_tail::t0.097242671996::resid_mean::high_tail::t0.564674735069,1,0.14285714285714285,0,1,0,0,0
AND::dist_h::high_tail::t0.106062807888::resid_mean::high_tail::t0.564674735069,1,0.14285714285714285,0,1,0,0,0
AND::dist_h::high_tail::t0.115842345357::resid_mean::high_tail::t0.564674735069,1,0.14285714285714285,0,1,0,0,0
AND::dist_h::high_tail::t0.127339374274::resid_mean::high_tail::t0.564674735069,1,0.14285714285714285,0,1,0,0,0
AND::dist_h::high_tail::t0.16058261767::resid_mean::high_tail::t0.564674735069,1,0.14285714285714285,0,1,0,0,0
AND::dist_h::high_tail::t0.168343108892::resid_mean::high_tail::t0.564674735069,1,0.14285714285714285,0,1,0,0,0
AND::dist_h::high_tail::t0.178418402374::resid_mean::high_tail::t0.564674735069,1,0.14285714285714285,0,1,0,0,0
AND::dist_h::high_tail::t0.237766869366::resid_mean::high_tail::t0.564674735069,1,0.14285714285714285,0,1,0,0,0
AND::dist_h::high_tail::t0.27437890172::resid_mean::high_tail::t0.564674735069,1,0.14285714285714285,0,1,0,0,0
AND::dist_h::high_tail::t0.16058261767::resid_mean::low_tail::t0.085384783149,1,0.14285714285714285,0,1,0,0,0
AND::dist_h::high_tail::t0.168343108892::resid_mean::low_tail::t0.085384783149,1,0.14285714285714285,0,1,0,0,0
AND::dist_h::low_tail::t0.31636736989::resid_mean::high_tail::t0.564674735069,1,0.14285714285714285,0,1,0,0,0
AND::dist_h::low_tail::t0.37743486762::resid_mean::high_tail::t0.564674735069,1,0.14285714285714285,0,1,0,0,0
AND::abs_ratio_m1::high_tail::t0.009752225876::resid_mean::high_tail::t0.564674735069,1,0.14285714285714285,0,1,0,0,0
AND::abs_ratio_m1::high_tail::t0.01382009387::resid_mean::high_tail::t0.564674735069,1,0.14285714285714285,0,1,0,0,0
AND::abs_ratio_m1::high_tail::t0.018842411041::resid_mean::high_tail::t0.564674735069,1,0.14285714285714285,0,1,0,0,0
AND::abs_ratio_m1::high_tail::t0.028251126409::resid_mean::high_tail::t0.564674735069,1,0.14285714285714285,0,1,0,0,0
AND::abs_ratio_m1::high_tail::t0.033439475298::resid_mean::high_tail::t0.564674735069,1,0.14285714285714285,0,1,0,0,0
AND::abs_ratio_m1::high_tail::t0.042462706566::resid_mean::high_tail::t0.564674735069,1,0.14285714285714285,0,1,0,0,0
AND::abs_ratio_m1::high_tail::t0.049344754219::resid_mean::high_tail::t0.564674735069,1,0.14285714285714285,0,1,0,0,0
AND::abs_ratio_m1::high_tail::t0.054472866654::resid_mean::high_tail::t0.564674735069,1,0.14285714285714285,0,1,0,0,0
AND::abs_ratio_m1::high_tail::t0.068742007017::resid_mean::high_tail::t0.564674735069,1,0.14285714285714285,0,1,0,0,0
AND::abs_ratio_m1::high_tail::t0.086878684163::resid_mean::high_tail::t0.564674735069,1,0.14285714285714285,0,1,0,0,0
AND::abs_ratio_m1::high_tail::t0.090650629997::resid_mean::high_tail::t0.564674735069,1,0.14285714285714285,0,1,0,0,0
AND::abs_ratio_m1::high_tail::t0.103480762243::resid_mean::high_tail::t0.564674735069,1,0.14285714285714285,0,1,0,0,0
AND::abs_ratio_m1::high_tail::t0.112833708525::resid_mean::high_tail::t0.564674735069,1,0.14285714285714285,0,1,0,0,0
AND::abs_ratio_m1::high_tail::t0.13244125247::resid_mean::high_tail::t0.564674735069,1,0.14285714285714285,0,1,0,0,0
AND::abs_ratio_m1::high_tail::t0.167795801163::resid_mean::high_tail::t0.564674735069,1,0.14285714285714285,0,1,0,0,0
AND::abs_ratio_m1::high_tail::t0.177192047238::resid_mean::high_tail::t0.564674735069,1,0.14285714285714285,0,1,0,0,0
AND::abs_ratio_m1::high_tail::t0.198848778009::resid_mean::high_tail::t0.564674735069,1,0.14285714285714285,0,1,0,0,0
AND::abs_ratio_m1::high_tail::t0.13244125247::resid_mean::low_tail::t0.079540425539,1,0.14285714285714285,0,1,0,0,0
AND::abs_ratio_m1::high_tail::t0.167795801163::resid_mean::low_tail::t0.079540425539,1,0.14285714285714285,0,1,0,0,0
AND::abs_ratio_m1::high_tail::t0.177192047238::resid_mean::low_tail::t0.079540425539,1,0.14285714285714285,0,1,0,0,0
AND::abs_ratio_m1::high_tail::t0.177192047238::resid_mean::low_tail::t0.085384783149,1,0.14285714285714285,0,1,0,0,0
AND::abs_ratio_m1::high_tail::t0.177192047238::resid_mean::low_tail::t0.100639134645,1,0.14285714285714285,0,1,0,0,0
AND::abs_ratio_m1::high_tail::t0.198848778009::resid_mean::low_tail::t0.079540425539,1,0.14285714285714285,0,1,0,0,0
AND::abs_ratio_m1::high_tail::t0.198848778009::resid_mean::low_tail::t0.085384783149,1,0.14285714285714285,0,1,0,0,0
AND::abs_ratio_m1::high_tail::t0.198848778009::resid_mean::low_tail::t0.100639134645,1,0.14285714285714285,0,1,0,0,0
AND::abs_ratio_m1::high_tail::t0.198848778009::resid_mean::low_tail::t0.11716138944,1,0.14285714285714285,0,1,1,1,0
AND::abs_ratio_m1::low_tail::t0.305135306716::resid_mean::high_tail::t0.564674735069,1,0.14285714285714285,0,1,0,0,0
AND::score_m_bridge::low_tail::t0.094984064996::abs_log_h::high_tail::t0.215528167039,1,0.14285714285714285,0,1,0,0,0
AND::score_m_bridge::low_tail::t0.094984064996::abs_log_h::high_tail::t0.256484572589,1,0.14285714285714285,0,1,0,0,0
AND::score_m_bridge::low_tail::t0.094984064996::abs_log_h::high_tail::t0.373599778116,1,0.14285714285714285,0,1,0,0,0
AND::score_m_bridge::low_tail::t0.106168339029::abs_log_h::high_tail::t0.215528167039,1,0.14285714285714285,0,1,0,0,0
AND::score_m_bridge::low_tail::t0.106168339029::abs_log_h::high_tail::t0.256484572589,1,0.14285714285714285,0,1,0,0,0
AND::score_m_bridge::low_tail::t0.106168339029::abs_log_h::high_tail::t0.373599778116,1,0.14285714285714285,0,1,0,0,0
AND::score_m_bridge::low_tail::t0.119222932309::abs_log_h::high_tail::t0.215528167039,1,0.14285714285714285,0,1,0,0,0
AND::score_m_bridge::low_tail::t0.119222932309::abs_log_h::high_tail::t0.256484572589,1,0.14285714285714285,0,1,0,0,0
AND::score_m_bridge::low_tail::t0.119222932309::abs_log_h::high_tail::t0.373599778116,1,0.14285714285714285,0,1,0,0,0
AND::score_m_bridge::low_tail::t0.123638028279::abs_log_h::high_tail::t0.215528167039,1,0.14285714285714285,0,1,0,0,0
AND::score_m_bridge::low_tail::t0.123638028279::abs_log_h::high_tail::t0.256484572589,1,0.14285714285714285,0,1,0,0,0
AND::score_m_bridge::low_tail::t0.123638028279::abs_log_h::high_tail::t0.373599778116,1,0.14285714285714285,0,1,0,0,0
AND::score_m_bridge::low_tail::t0.139322012663::abs_log_h::high_tail::t0.215528167039,1,0.14285714285714285,0,1,0,0,0
AND::score_m_bridge::low_tail::t0.139322012663::abs_log_h::high_tail::t0.256484572589,1,0.14285714285714285,0,1,0,0,0
AND::score_m_bridge::low_tail::t0.139322012663::abs_log_h::high_tail::t0.373599778116,1,0.14285714285714285,0,1,0,0,0
AND::score_m_bridge::low_tail::t0.149504659325::abs_log_h::high_tail::t0.373599778116,1,0.14285714285714285,0,1,0,0,0
AND::score_m_bridge::low_tail::t0.157571278512::abs_log_h::high_tail::t0.373599778116,1,0.14285714285714285,0,1,0,0,0
AND::score_m_bridge::low_tail::t0.167500352859::abs_log_h::high_tail::t0.373599778116,1,0.14285714285714285,0,1,0,0,0
AND::score_m_bridge::low_tail::t0.081265720725::abs_log_h::low_tail::t0.006556061492,1,0.14285714285714285,0,1,0,0,0
AND::score_m_bridge::low_tail::t0.081265720725::abs_log_h::low_tail::t0.011240721121,1,0.14285714285714285,0,1,0,0,0
AND::score_m_bridge::low_tail::t0.094984064996::abs_log_h::low_tail::t0.006556061492,1,0.14285714285714285,0,1,0,0,0
AND::score_m_bridge::low_tail::t0.094984064996::abs_log_h::low_tail::t0.011240721121,1,0.14285714285714285,0,1,0,0,0
AND::score_m_bridge::low_tail::t0.106168339029::abs_log_h::low_tail::t0.006556061492,1,0.14285714285714285,1,0,0,0,0
AND::score_m_bridge::low_tail::t0.106168339029::abs_log_h::low_tail::t0.011240721121,1,0.14285714285714285,1,0,0,0,0
AND::score_m_bridge::low_tail::t0.119222932309::abs_log_h::low_tail::t0.006556061492,1,0.14285714285714285,1,0,0,0,0
AND::score_m_bridge::low_tail::t0.123638028279::abs_log_h::low_tail::t0.006556061492,1,0.14285714285714285,1,0,0,0,0
AND::score_m_bridge::low_tail::t0.167500352859::abs_log_h::low_tail::t0.002092078794,1,0.14285714285714285,1,0,0,0,0
AND::score_m_bridge::low_tail::t0.177318483591::abs_log_h::low_tail::t0.002092078794,1,0.14285714285714285,1,0,0,0,0
AND::score_m_bridge::low_tail::t0.207738675177::abs_log_h::low_tail::t0.002092078794,1,0.14285714285714285,1,0,0,0,0
AND::score_m_bridge::low_tail::t0.223912622035::abs_log_h::low_tail::t0.002092078794,1,0.14285714285714285,1,0,0,0,0
AND::score_m_bridge::low_tail::t0.255725756288::abs_log_h::low_tail::t0.002092078794,1,0.14285714285714285,1,0,0,0,0
AND::score_m_bridge::low_tail::t0.282417529821::abs_log_h::low_tail::t0.002092078794,1,0.14285714285714285,1,0,0,0,0
AND::score_m_bridge::low_tail::t0.312156414986::abs_log_h::low_tail::t0.002092078794,1,0.14285714285714285,1,0,0,0,0
AND::score_m_bridge::low_tail::t0.32713779211::abs_log_h::low_tail::t0.002092078794,1,0.14285714285714285,1,0,0,0,0
AND::score_m_bridge::low_tail::t0.346993145347::abs_log_h::low_tail::t0.002092078794,1,0.14285714285714285,1,0,0,0,0
AND::score_m_bridge::low_tail::t0.060112200119::dist_h::high_tail::t0.051372823492,1,0.14285714285714285,0,1,0,0,0
AND::score_m_bridge::low_tail::t0.223912622035::dist_h::high_tail::t0.263115029782,1,0.14285714285714285,0,1,0,0,0
AND::score_m_bridge::low_tail::t0.223912622035::dist_h::high_tail::t0.28816229105,1,0.14285714285714285,0,1,0,0,0
AND::score_m_bridge::low_tail::t0.223912622035::dist_h::high_tail::t0.32129355222,1,0.14285714285714285,0,1,0,0,0
AND::score_m_bridge::low_tail::t0.223912622035::dist_h::high_tail::t0.382863765955,1,0.14285714285714285,0,1,0,0,0
AND::score_m_bridge::low_tail::t0.223912622035::dist_h::high_tail::t0.413770785928,1,0.14285714285714285,0,1,0,0,0
AND::score_m_bridge::low_tail::t0.255725756288::dist_h::high_tail::t0.263115029782,1,0.14285714285714285,0,1,0,0,0
AND::score_m_bridge::low_tail::t0.255725756288::dist_h::high_tail::t0.28816229105,1,0.14285714285714285,0,1,0,0,0
AND::score_m_bridge::low_tail::t0.255725756288::dist_h::high_tail::t0.32129355222,1,0.14285714285714285,0,1,0,0,0
AND::score_m_bridge::low_tail::t0.255725756288::dist_h::high_tail::t0.382863765955,1,0.14285714285714285,0,1,0,0,0
AND::score_m_bridge::low_tail::t0.255725756288::dist_h::high_tail::t0.413770785928,1,0.14285714285714285,0,1,0,0,0
AND::score_m_bridge::low_tail::t0.282417529821::dist_h::high_tail::t0.413770785928,1,0.14285714285714285,0,1,0,0,0
AND::score_m_bridge::low_tail::t0.312156414986::dist_h::high_tail::t0.413770785928,1,0.14285714285714285,0,1,0,0,0
AND::score_m_bridge::low_tail::t0.094984064996::abs_ratio_m1::high_tail::t0.19629239738,1,0.14285714285714285,0,1,0,0,0
AND::score_m_bridge::low_tail::t0.094984064996::abs_ratio_m1::high_tail::t0.261321467161,1,0.14285714285714285,0,1,0,0,0
AND::score_m_bridge::low_tail::t0.094984064996::abs_ratio_m1::high_tail::t0.330008682609,1,0.14285714285714285,0,1,0,0,0
AND::score_m_bridge::low_tail::t0.106168339029::abs_ratio_m1::high_tail::t0.19629239738,1,0.14285714285714285,0,1,0,0,0
AND::score_m_bridge::low_tail::t0.106168339029::abs_ratio_m1::high_tail::t0.261321467161,1,0.14285714285714285,0,1,0,0,0
AND::score_m_bridge::low_tail::t0.106168339029::abs_ratio_m1::high_tail::t0.330008682609,1,0.14285714285714285,0,1,0,0,0
AND::score_m_bridge::low_tail::t0.119222932309::abs_ratio_m1::high_tail::t0.19629239738,1,0.14285714285714285,0,1,0,0,0
AND::score_m_bridge::low_tail::t0.119222932309::abs_ratio_m1::high_tail::t0.261321467161,1,0.14285714285714285,0,1,0,0,0
AND::score_m_bridge::low_tail::t0.119222932309::abs_ratio_m1::high_tail::t0.330008682609,1,0.14285714285714285,0,1,0,0,0
AND::score_m_bridge::low_tail::t0.123638028279::abs_ratio_m1::high_tail::t0.19629239738,1,0.14285714285714285,0,1,0,0,0
AND::score_m_bridge::low_tail::t0.123638028279::abs_ratio_m1::high_tail::t0.261321467161,1,0.14285714285714285,0,1,0,0,0
AND::score_m_bridge::low_tail::t0.123638028279::abs_ratio_m1::high_tail::t0.330008682609,1,0.14285714285714285,0,1,0,0,0
AND::score_m_bridge::low_tail::t0.139322012663::abs_ratio_m1::high_tail::t0.19629239738,1,0.14285714285714285,0,1,0,0,0
AND::score_m_bridge::low_tail::t0.139322012663::abs_ratio_m1::high_tail::t0.261321467161,1,0.14285714285714285,0,1,0,0,0
AND::score_m_bridge::low_tail::t0.139322012663::abs_ratio_m1::high_tail::t0.330008682609,1,0.14285714285714285,0,1,0,0,0
AND::score_m_bridge::low_tail::t0.081265720725::abs_ratio_m1::low_tail::t0.006565406919,1,0.14285714285714285,0,1,0,0,0
AND::score_m_bridge::low_tail::t0.081265720725::abs_ratio_m1::low_tail::t0.011177772284,1,0.14285714285714285,0,1,0,0,0
AND::score_m_bridge::low_tail::t0.094984064996::abs_ratio_m1::low_tail::t0.006565406919,1,0.14285714285714285,0,1,0,0,0
AND::score_m_bridge::low_tail::t0.094984064996::abs_ratio_m1::low_tail::t0.011177772284,1,0.14285714285714285,0,1,0,0,0
AND::score_m_bridge::low_tail::t0.106168339029::abs_ratio_m1::low_tail::t0.006565406919,1,0.14285714285714285,1,0,0,0,0
AND::score_m_bridge::low_tail::t0.106168339029::abs_ratio_m1::low_tail::t0.011177772284,1,0.14285714285714285,1,0,0,0,0
AND::score_m_bridge::low_tail::t0.119222932309::abs_ratio_m1::low_tail::t0.006565406919,1,0.14285714285714285,1,0,0,0,0
AND::score_m_bridge::low_tail::t0.123638028279::abs_ratio_m1::low_tail::t0.006565406919,1,0.14285714285714285,1,0,0,0,0
AND::score_m_bridge::low_tail::t0.167500352859::abs_ratio_m1::low_tail::t0.002094268799,1,0.14285714285714285,1,0,0,0,0
AND::score_m_bridge::low_tail::t0.177318483591::abs_ratio_m1::low_tail::t0.002094268799,1,0.14285714285714285,1,0,0,0,0
AND::score_m_bridge::low_tail::t0.207738675177::abs_ratio_m1::low_tail::t0.002094268799,1,0.14285714285714285,1,0,0,0,0
AND::score_m_bridge::low_tail::t0.223912622035::abs_ratio_m1::low_tail::t0.002094268799,1,0.14285714285714285,1,0,0,0,0
AND::score_m_bridge::low_tail::t0.255725756288::abs_ratio_m1::low_tail::t0.002094268799,1,0.14285714285714285,1,0,0,0,0
AND::score_m_bridge::low_tail::t0.282417529821::abs_ratio_m1::low_tail::t0.002094268799,1,0.14285714285714285,1,0,0,0,0
AND::score_m_bridge::low_tail::t0.312156414986::abs_ratio_m1::low_tail::t0.002094268799,1,0.14285714285714285,1,0,0,0,0
AND::score_m_bridge::low_tail::t0.32713779211::abs_ratio_m1::low_tail::t0.002094268799,1,0.14285714285714285,1,0,0,0,0
AND::score_m_bridge::low_tail::t0.346993145347::abs_ratio_m1::low_tail::t0.002094268799,1,0.14285714285714285,1,0,0,0,0
AND::score_m_bridge::high_tail::t0.060112200119::resid_mean::high_tail::t0.564674735069,1,0.14285714285714285,0,1,0,0,0
AND::score_m_bridge::high_tail::t0.07383576408::resid_mean::high_tail::t0.564674735069,1,0.14285714285714285,0,1,0,0,0
AND::score_m_bridge::high_tail::t0.081265720725::resid_mean::high_tail::t0.564674735069,1,0.14285714285714285,0,1,0,0,0
AND::score_m_bridge::high_tail::t0.094984064996::resid_mean::high_tail::t0.564674735069,1,0.14285714285714285,0,1,0,0,0
AND::score_m_bridge::high_tail::t0.106168339029::resid_mean::high_tail::t0.564674735069,1,0.14285714285714285,0,1,0,0,0
AND::score_m_bridge::high_tail::t0.119222932309::resid_mean::high_tail::t0.564674735069,1,0.14285714285714285,0,1,0,0,0
AND::score_m_bridge::high_tail::t0.123638028279::resid_mean::high_tail::t0.564674735069,1,0.14285714285714285,0,1,0,0,0
AND::score_m_bridge::high_tail::t0.139322012663::resid_mean::high_tail::t0.564674735069,1,0.14285714285714285,0,1,0,0,0
AND::score_m_bridge::high_tail::t0.149504659325::resid_mean::high_tail::t0.564674735069,1,0.14285714285714285,0,1,0,0,0
AND::score_m_bridge::high_tail::t0.167500352859::resid_mean::high_tail::t0.564674735069,1,0.14285714285714285,0,1,0,0,0
AND::score_m_bridge::high_tail::t0.177318483591::resid_mean::high_tail::t0.564674735069,1,0.14285714285714285,0,1,0,0,0
AND::score_m_bridge::high_tail::t0.207738675177::resid_mean::high_tail::t0.564674735069,1,0.14285714285714285,0,1,0,0,0
AND::score_m_bridge::high_tail::t0.223912622035::resid_mean::high_tail::t0.564674735069,1,0.14285714285714285,0,1,0,0,0
AND::score_m_bridge::high_tail::t0.282417529821::resid_mean::high_tail::t0.564674735069,1,0.14285714285714285,0,1,0,0,0
AND::score_m_bridge::high_tail::t0.312156414986::resid_mean::high_tail::t0.564674735069,1,0.14285714285714285,0,1,0,0,0
AND::score_m_bridge::high_tail::t0.32713779211::resid_mean::high_tail::t0.564674735069,1,0.14285714285714285,0,1,0,0,0
AND::score_m_bridge::low_tail::t0.060112200119::resid_mean::high_tail::t0.079558332264,1,0.14285714285714285,0,1,0,0,0
AND::score_m_bridge::low_tail::t0.060112200119::resid_mean::high_tail::t0.097416495532,1,0.14285714285714285,0,1,0,0,0
AND::score_m_bridge::low_tail::t0.060112200119::resid_mean::high_tail::t0.114750804007,1,0.14285714285714285,0,1,0,0,0
AND::score_m_bridge::low_tail::t0.060112200119::resid_mean::high_tail::t0.126475043595,1,0.14285714285714285,0,1,0,0,0
AND::score_m_bridge::low_tail::t0.060112200119::resid_mean::high_tail::t0.15199161768,1,0.14285714285714285,0,1,0,0,0
AND::score_m_bridge::low_tail::t0.060112200119::resid_mean::high_tail::t0.158727165312,1,0.14285714285714285,0,1,0,0,0
AND::score_m_bridge::low_tail::t0.060112200119::resid_mean::high_tail::t0.173735684156,1,0.14285714285714285,0,1,0,0,0
AND::score_m_bridge::low_tail::t0.060112200119::resid_mean::high_tail::t0.182504732162,1,0.14285714285714285,0,1,0,0,0
AND::score_m_bridge::low_tail::t0.060112200119::resid_mean::high_tail::t0.191591151059,1,0.14285714285714285,0,1,0,0,0
AND::score_m_bridge::low_tail::t0.07383576408::resid_mean::high_tail::t0.126475043595,1,0.14285714285714285,0,1,0,0,0
AND::score_m_bridge::low_tail::t0.07383576408::resid_mean::high_tail::t0.15199161768,1,0.14285714285714285,0,1,0,0,0
AND::score_m_bridge::low_tail::t0.07383576408::resid_mean::high_tail::t0.158727165312,1,0.14285714285714285,0,1,0,0,0
AND::score_m_bridge::low_tail::t0.07383576408::resid_mean::high_tail::t0.173735684156,1,0.14285714285714285,0,1,0,0,0
AND::score_m_bridge::low_tail::t0.07383576408::resid_mean::high_tail::t0.182504732162,1,0.14285714285714285,0,1,0,0,0
AND::score_m_bridge::low_tail::t0.07383576408::resid_mean::high_tail::t0.191591151059,1,0.14285714285714285,0,1,0,0,0
AND::score_m_bridge::low_tail::t0.167500352859::resid_mean::high_tail::t0.336103621125,1,0.14285714285714285,0,1,0,0,0
AND::score_m_bridge::low_tail::t0.177318483591::resid_mean::high_tail::t0.336103621125,1,0.14285714285714285,0,1,0,0,0
AND::score_m_bridge::low_tail::t0.207738675177::resid_mean::high_tail::t0.336103621125,1,0.14285714285714285,0,1,0,0,0
AND::score_m_bridge::low_tail::t0.207738675177::resid_mean::high_tail::t0.345566222072,1,0.14285714285714285,0,1,0,0,0
AND::score_m_bridge::low_tail::t0.207738675177::resid_mean::high_tail::t0.399225753546,1,0.14285714285714285,0,1,0,0,0
AND::score_m_bridge::low_tail::t0.223912622035::resid_mean::high_tail::t0.345566222072,1,0.14285714285714285,0,1,0,0,0
AND::score_m_bridge::low_tail::t0.223912622035::resid_mean::high_tail::t0.399225753546,1,0.14285714285714285,0,1,0,0,0
AND::score_m_bridge::low_tail::t0.255725756288::resid_mean::high_tail::t0.399225753546,1,0.14285714285714285,0,1,0,0,0
AND::score_m_bridge::low_tail::t0.282417529821::resid_mean::high_tail::t0.399225753546,1,0.14285714285714285,0,1,0,0,0
AND::score_m_bridge::low_tail::t0.312156414986::resid_mean::high_tail::t0.399225753546,1,0.14285714285714285,0,1,0,0,0
AND::score_m_bridge::low_tail::t0.346993145347::resid_mean::high_tail::t0.564674735069,1,0.14285714285714285,0,1,0,0,0
AND::abs_log_h::low_tail::t0.002092078794::dist_h::low_tail::t0.123445839807,1,0.14285714285714285,1,0,0,0,0
AND::abs_log_h::low_tail::t0.002092078794::dist_h::low_tail::t0.130606383085,1,0.14285714285714285,1,0,0,0,0
AND::abs_log_h::low_tail::t0.002092078794::dist_h::low_tail::t0.155146510154,1,0.14285714285714285,1,0,0,0,0
AND::abs_log_h::low_tail::t0.002092078794::dist_h::low_tail::t0.161023157835,1,0.14285714285714285,1,0,0,0,0
AND::abs_log_h::low_tail::t0.002092078794::dist_h::low_tail::t0.172552554309,1,0.14285714285714285,1,0,0,0,0
AND::abs_log_h::low_tail::t0.002092078794::dist_h::low_tail::t0.21648375839,1,0.14285714285714285,1,0,0,0,0
AND::abs_log_h::low_tail::t0.002092078794::dist_h::low_tail::t0.263115029782,1,0.14285714285714285,1,0,0,0,0
AND::abs_log_h::low_tail::t0.002092078794::dist_h::low_tail::t0.28816229105,1,0.14285714285714285,1,0,0,0,0
AND::abs_log_h::low_tail::t0.002092078794::dist_h::low_tail::t0.32129355222,1,0.14285714285714285,1,0,0,0,0
AND::abs_log_h::low_tail::t0.006556061492::dist_h::low_tail::t0.073633573949,1,0.14285714285714285,0,1,0,0,0
AND::abs_log_h::low_tail::t0.006556061492::dist_h::low_tail::t0.090512289852,1,0.14285714285714285,0,1,0,0,0
AND::abs_log_h::high_tail::t0.002092078794::abs_ratio_m1::low_tail::t0.002094268799,1,0.14285714285714285,0,1,0,0,0
AND::abs_log_h::low_tail::t0.002092078794::abs_ratio_m1::high_tail::t0.002094268799,1,0.14285714285714285,0,1,0,0,0
AND::abs_log_h::low_tail::t0.05318871811::abs_ratio_m1::high_tail::t0.053836560249,1,0.14285714285714285,0,1,0,0,0
AND::abs_log_h::high_tail::t0.002092078794::resid_mean::high_tail::t0.564674735069,1,0.14285714285714285,0,1,0,0,0
AND::abs_log_h::high_tail::t0.006556061492::resid_mean::high_tail::t0.564674735069,1,0.14285714285714285,0,1,0,0,0
AND::abs_log_h::high_tail::t0.011240721121::resid_mean::high_tail::t0.564674735069,1,0.14285714285714285,0,1,0,0,0
AND::abs_log_h::high_tail::t0.014607085707::resid_mean::high_tail::t0.564674735069,1,0.14285714285714285,0,1,0,0,0
AND::abs_log_h::high_tail::t0.02346460335::resid_mean::high_tail::t0.564674735069,1,0.14285714285714285,0,1,0,0,0
AND::abs_log_h::high_tail::t0.029823624995::resid_mean::high_tail::t0.564674735069,1,0.14285714285714285,0,1,0,0,0
AND::abs_log_h::high_tail::t0.036518386379::resid_mean::high_tail::t0.564674735069,1,0.14285714285714285,0,1,0,0,0
AND::abs_log_h::high_tail::t0.043365155905::resid_mean::high_tail::t0.564674735069,1,0.14285714285714285,0,1,0,0,0
AND::abs_log_h::high_tail::t0.05318871811::resid_mean::high_tail::t0.564674735069,1,0.14285714285714285,0,1,0,0,0
AND::abs_log_h::high_tail::t0.06324919872::resid_mean::high_tail::t0.564674735069,1,0.14285714285714285,0,1,0,0,0
AND::abs_log_h::high_tail::t0.07933967188::resid_mean::high_tail::t0.564674735069,1,0.14285714285714285,0,1,0,0,0
AND::abs_log_h::high_tail::t0.093921054155::resid_mean::high_tail::t0.564674735069,1,0.14285714285714285,0,1,0,0,0
AND::abs_log_h::high_tail::t0.107655797899::resid_mean::high_tail::t0.399225753546,1,0.14285714285714285,0,1,0,0,0
AND::abs_log_h::high_tail::t0.107655797899::resid_mean::high_tail::t0.564674735069,1,0.14285714285714285,0,1,0,0,0
AND::abs_log_h::high_tail::t0.118134725839::resid_mean::high_tail::t0.399225753546,1,0.14285714285714285,0,1,0,0,0
AND::abs_log_h::high_tail::t0.118134725839::resid_mean::high_tail::t0.564674735069,1,0.14285714285714285,0,1,0,0,0
AND::abs_log_h::high_tail::t0.142194831371::resid_mean::high_tail::t0.399225753546,1,0.14285714285714285,0,1,0,0,0
AND::abs_log_h::high_tail::t0.142194831371::resid_mean::high_tail::t0.564674735069,1,0.14285714285714285,0,1,0,0,0
AND::abs_log_h::high_tail::t0.168304257095::resid_mean::high_tail::t0.399225753546,1,0.14285714285714285,0,1,0,0,0
AND::abs_log_h::high_tail::t0.168304257095::resid_mean::high_tail::t0.564674735069,1,0.14285714285714285,0,1,0,0,0
AND::abs_log_h::high_tail::t0.188269454241::resid_mean::high_tail::t0.399225753546,1,0.14285714285714285,0,1,0,0,0
AND::abs_log_h::high_tail::t0.188269454241::resid_mean::high_tail::t0.564674735069,1,0.14285714285714285,0,1,0,0,0
AND::abs_log_h::high_tail::t0.215528167039::resid_mean::high_tail::t0.399225753546,1,0.14285714285714285,0,1,0,0,0
AND::abs_log_h::high_tail::t0.215528167039::resid_mean::high_tail::t0.564674735069,1,0.14285714285714285,0,1,0,0,0
AND::abs_log_h::high_tail::t0.188269454241::resid_mean::low_tail::t0.079558332264,1,0.14285714285714285,0,1,0,0,0
AND::abs_log_h::high_tail::t0.215528167039::resid_mean::low_tail::t0.079558332264,1,0.14285714285714285,0,1,0,0,0
AND::abs_log_h::high_tail::t0.215528167039::resid_mean::low_tail::t0.097416495532,1,0.14285714285714285,0,1,0,0,0
AND::abs_log_h::high_tail::t0.215528167039::resid_mean::low_tail::t0.114750804007,1,0.14285714285714285,0,1,0,0,0
AND::abs_log_h::high_tail::t0.256484572589::resid_mean::low_tail::t0.114750804007,1,0.14285714285714285,0,1,0,0,0
AND::abs_log_h::low_tail::t0.256484572589::resid_mean::high_tail::t0.564674735069,1,0.14285714285714285,0,1,0,0,0
AND::abs_log_h::low_tail::t0.373599778116::resid_mean::high_tail::t0.564674735069,1,0.14285714285714285,0,1,0,0,0
AND::abs_log_h::low_tail::t0.002092078794::resid_mean::low_tail::t0.191591151059,1,0.14285714285714285,1,0,0,0,0
AND::abs_log_h::low_tail::t0.002092078794::resid_mean::low_tail::t0.205431349576,1,0.14285714285714285,1,0,0,0,0
AND::abs_log_h::low_tail::t0.002092078794::resid_mean::low_tail::t0.217932233214,1,0.14285714285714285,1,0,0,0,0
AND::abs_log_h::low_tail::t0.002092078794::resid_mean::low_tail::t0.233462367207,1,0.14285714285714285,1,0,0,0,0
AND::abs_log_h::low_tail::t0.002092078794::resid_mean::low_tail::t0.280419120193,1,0.14285714285714285,1,0,0,0,0
AND::abs_log_h::low_tail::t0.002092078794::resid_mean::low_tail::t0.306549593806,1,0.14285714285714285,1,0,0,0,0
AND::abs_log_h::low_tail::t0.002092078794::resid_mean::low_tail::t0.317172974348,1,0.14285714285714285,1,0,0,0,0
AND::dist_h::low_tail::t0.073633573949::abs_ratio_m1::low_tail::t0.006565406919,1,0.14285714285714285,0,1,0,0,0
AND::dist_h::low_tail::t0.090512289852::abs_ratio_m1::low_tail::t0.006565406919,1,0.14285714285714285,0,1,0,0,0
AND::dist_h::low_tail::t0.123445839807::abs_ratio_m1::low_tail::t0.002094268799,1,0.14285714285714285,1,0,0,0,0
AND::dist_h::low_tail::t0.130606383085::abs_ratio_m1::low_tail::t0.002094268799,1,0.14285714285714285,1,0,0,0,0
AND::dist_h::low_tail::t0.155146510154::abs_ratio_m1::low_tail::t0.002094268799,1,0.14285714285714285,1,0,0,0,0
AND::dist_h::low_tail::t0.161023157835::abs_ratio_m1::low_tail::t0.002094268799,1,0.14285714285714285,1,0,0,0,0
AND::dist_h::low_tail::t0.172552554309::abs_ratio_m1::low_tail::t0.002094268799,1,0.14285714285714285,1,0,0,0,0
AND::dist_h::low_tail::t0.21648375839::abs_ratio_m1::low_tail::t0.002094268799,1,0.14285714285714285,1,0,0,0,0
AND::dist_h::low_tail::t0.263115029782::abs_ratio_m1::low_tail::t0.002094268799,1,0.14285714285714285,1,0,0,0,0
AND::dist_h::low_tail::t0.28816229105::abs_ratio_m1::low_tail::t0.002094268799,1,0.14285714285714285,1,0,0,0,0
AND::dist_h::low_tail::t0.32129355222::abs_ratio_m1::low_tail::t0.002094268799,1,0.14285714285714285,1,0,0,0,0
AND::dist_h::high_tail::t0.030167680327::resid_mean::high_tail::t0.564674735069,1,0.14285714285714285,0,1,0,0,0
AND::dist_h::high_tail::t0.051372823492::resid_mean::high_tail::t0.564674735069,1,0.14285714285714285,0,1,0,0,0
AND::dist_h::high_tail::t0.055632505752::resid_mean::high_tail::t0.564674735069,1,0.14285714285714285,0,1,0,0,0
AND::dist_h::high_tail::t0.064613005519::resid_mean::high_tail::t0.564674735069,1,0.14285714285714285,0,1,0,0,0
AND::dist_h::high_tail::t0.073633573949::resid_mean::high_tail::t0.564674735069,1,0.14285714285714285,0,1,0,0,0
AND::dist_h::high_tail::t0.090512289852::resid_mean::high_tail::t0.564674735069,1,0.14285714285714285,0,1,0,0,0
AND::dist_h::high_tail::t0.097693938389::resid_mean::high_tail::t0.564674735069,1,0.14285714285714285,0,1,0,0,0
AND::dist_h::high_tail::t0.108538962901::resid_mean::high_tail::t0.564674735069,1,0.14285714285714285,0,1,0,0,0
AND::dist_h::high_tail::t0.123445839807::resid_mean::high_tail::t0.564674735069,1,0.14285714285714285,0,1,0,0,0
AND::dist_h::high_tail::t0.130606383085::resid_mean::high_tail::t0.564674735069,1,0.14285714285714285,0,1,0,0,0
AND::dist_h::high_tail::t0.155146510154::resid_mean::high_tail::t0.564674735069,1,0.14285714285714285,0,1,0,0,0
AND::dist_h::high_tail::t0.161023157835::resid_mean::high_tail::t0.564674735069,1,0.14285714285714285,0,1,0,0,0
AND::dist_h::high_tail::t0.172552554309::resid_mean::high_tail::t0.564674735069,1,0.14285714285714285,0,1,0,0,0
AND::dist_h::high_tail::t0.21648375839::resid_mean::high_tail::t0.564674735069,1,0.14285714285714285,0,1,0,0,0
AND::dist_h::high_tail::t0.263115029782::resid_mean::high_tail::t0.564674735069,1,0.14285714285714285,0,1,0,0,0
AND::dist_h::high_tail::t0.28816229105::resid_mean::high_tail::t0.399225753546,1,0.14285714285714285,0,1,0,0,0
AND::dist_h::low_tail::t0.28816229105::resid_mean::high_tail::t0.564674735069,1,0.14285714285714285,0,1,0,0,0
AND::dist_h::low_tail::t0.32129355222::resid_mean::high_tail::t0.564674735069,1,0.14285714285714285,0,1,0,0,0
AND::dist_h::low_tail::t0.382863765955::resid_mean::high_tail::t0.564674735069,1,0.14285714285714285,0,1,0,0,0
AND::dist_h::low_tail::t0.413770785928::resid_mean::high_tail::t0.564674735069,1,0.14285714285714285,0,1,0,0,0
AND::abs_ratio_m1::high_tail::t0.002094268799::resid_mean::high_tail::t0.564674735069,1,0.14285714285714285,0,1,0,0,0
AND::abs_ratio_m1::high_tail::t0.006565406919::resid_mean::high_tail::t0.564674735069,1,0.14285714285714285,0,1,0,0,0
AND::abs_ratio_m1::high_tail::t0.011177772284::resid_mean::high_tail::t0.564674735069,1,0.14285714285714285,0,1,0,0,0
AND::abs_ratio_m1::high_tail::t0.014510864019::resid_mean::high_tail::t0.564674735069,1,0.14285714285714285,0,1,0,0,0
AND::abs_ratio_m1::high_tail::t0.023680233955::resid_mean::high_tail::t0.564674735069,1,0.14285714285714285,0,1,0,0,0
AND::abs_ratio_m1::high_tail::t0.030272871256::resid_mean::high_tail::t0.564674735069,1,0.14285714285714285,0,1,0,0,0
AND::abs_ratio_m1::high_tail::t0.037070077658::resid_mean::high_tail::t0.564674735069,1,0.14285714285714285,0,1,0,0,0
AND::abs_ratio_m1::high_tail::t0.044021594524::resid_mean::high_tail::t0.564674735069,1,0.14285714285714285,0,1,0,0,0
AND::abs_ratio_m1::high_tail::t0.053836560249::resid_mean::high_tail::t0.564674735069,1,0.14285714285714285,0,1,0,0,0
AND::abs_ratio_m1::high_tail::t0.064751940966::resid_mean::high_tail::t0.564674735069,1,0.14285714285714285,0,1,0,0,0
AND::abs_ratio_m1::high_tail::t0.078733533621::resid_mean::high_tail::t0.564674735069,1,0.14285714285714285,0,1,0,0,0
AND::abs_ratio_m1::high_tail::t0.089644235373::resid_mean::high_tail::t0.564674735069,1,0.14285714285714285,0,1,0,0,0
AND::abs_ratio_m1::high_tail::t0.103019320965::resid_mean::high_tail::t0.399225753546,1,0.14285714285714285,0,1,0,0,0
AND::abs_ratio_m1::high_tail::t0.103019320965::resid_mean::high_tail::t0.564674735069,1,0.14285714285714285,0,1,0,0,0
AND::abs_ratio_m1::high_tail::t0.113147383928::resid_mean::high_tail::t0.399225753546,1,0.14285714285714285,0,1,0,0,0
AND::abs_ratio_m1::high_tail::t0.113147383928::resid_mean::high_tail::t0.564674735069,1,0.14285714285714285,0,1,0,0,0
AND::abs_ratio_m1::high_tail::t0.133602982759::resid_mean::high_tail::t0.399225753546,1,0.14285714285714285,0,1,0,0,0
AND::abs_ratio_m1::high_tail::t0.133602982759::resid_mean::high_tail::t0.564674735069,1,0.14285714285714285,0,1,0,0,0
AND::abs_ratio_m1::high_tail::t0.1703902632::resid_mean::high_tail::t0.399225753546,1,0.14285714285714285,0,1,0,0,0
AND::abs_ratio_m1::high_tail::t0.1703902632::resid_mean::high_tail::t0.564674735069,1,0.14285714285714285,0,1,0,0,0
AND::abs_ratio_m1::high_tail::t0.177665233612::resid_mean::high_tail::t0.399225753546,1,0.14285714285714285,0,1,0,0,0
AND::abs_ratio_m1::high_tail::t0.177665233612::resid_mean::high_tail::t0.564674735069,1,0.14285714285714285,0,1,0,0,0
AND::abs_ratio_m1::high_tail::t0.19629239738::resid_mean::high_tail::t0.399225753546,1,0.14285714285714285,0,1,0,0,0
AND::abs_ratio_m1::high_tail::t0.19629239738::resid_mean::high_tail::t0.564674735069,1,0.14285714285714285,0,1,0,0,0
AND::abs_ratio_m1::high_tail::t0.177665233612::resid_mean::low_tail::t0.079558332264,1,0.14285714285714285,0,1,0,0,0
AND::abs_ratio_m1::high_tail::t0.177665233612::resid_mean::low_tail::t0.097416495532,1,0.14285714285714285,0,1,0,0,0
AND::abs_ratio_m1::high_tail::t0.19629239738::resid_mean::low_tail::t0.079558332264,1,0.14285714285714285,0,1,0,0,0
AND::abs_ratio_m1::high_tail::t0.19629239738::resid_mean::low_tail::t0.097416495532,1,0.14285714285714285,0,1,0,0,0
AND::abs_ratio_m1::high_tail::t0.19629239738::resid_mean::low_tail::t0.114750804007,1,0.14285714285714285,0,1,0,0,0
AND::abs_ratio_m1::high_tail::t0.261321467161::resid_mean::low_tail::t0.114750804007,1,0.14285714285714285,0,1,0,0,0
AND::abs_ratio_m1::low_tail::t0.261321467161::resid_mean::high_tail::t0.564674735069,1,0.14285714285714285,0,1,0,0,0
AND::abs_ratio_m1::low_tail::t0.330008682609::resid_mean::high_tail::t0.564674735069,1,0.14285714285714285,0,1,0,0,0
AND::abs_ratio_m1::low_tail::t0.002094268799::resid_mean::low_tail::t0.191591151059,1,0.14285714285714285,1,0,0,0,0
AND::abs_ratio_m1::low_tail::t0.002094268799::resid_mean::low_tail::t0.205431349576,1,0.14285714285714285,1,0,0,0,0
AND::abs_ratio_m1::low_tail::t0.002094268799::resid_mean::low_tail::t0.217932233214,1,0.14285714285714285,1,0,0,0,0
AND::abs_ratio_m1::low_tail::t0.002094268799::resid_mean::low_tail::t0.233462367207,1,0.14285714285714285,1,0,0,0,0
AND::abs_ratio_m1::low_tail::t0.002094268799::resid_mean::low_tail::t0.280419120193,1,0.14285714285714285,1,0,0,0,0
AND::abs_ratio_m1::low_tail::t0.002094268799::resid_mean::low_tail::t0.306549593806,1,0.14285714285714285,1,0,0,0,0
AND::abs_ratio_m1::low_tail::t0.002094268799::resid_mean::low_tail::t0.317172974348,1,0.14285714285714285,1,0,0,0,0
