3,1,264.77,447.04,102.38,263.84,0.8405,-1,-1,-1
3,2,1683.84,385.93,168.58,347.56,0.5978,-1,-1,-1
3,3,1258.97,535.37,62.30,125.62,0.8988,-1,-1,-1
3,4,1294.11,455.80,72.14,205.37,0.9061,-1,-1,-1
4,1,265.50,446.98,103.23,262.76,0.8738,-1,-1,-1
4,2,1682.50,386.56,166.88,345.93,0.5966,-1,-1,-1
4,3,1262.44,536.69,61.44,123.74,0.9074,-1,-1,-1
4,4,1298.01,455.69,72.14,205.48,0.9169,-1,-1,-1
5,1,266.77,446.56,105.45,264.66,0.8691,-1,-1,-1
5,2,1682.30,385.17,167.09,350.16,0.6024,-1,-1,-1
5,3,1265.33,536.97,60.02,122.58,0.8668,-1,-1,-1
5,4,1299.30,454.39,74.31,205.35,0.9703,-1,-1,-1
6,1,267.85,446.65,107.60,265.36,0.8204,-1,-1,-1
6,2,1681.31,384.97,168.89,354.96,0.5825,-1,-1,-1
6,3,1267.40,536.80,57.63,122.97,0.8663,-1,-1,-1
6,4,1300.05,453.17,74.88,205.14,0.9624,-1,-1,-1
7,1,271.13,448.06,106.78,264.45,0.8370,-1,-1,-1
7,2,1680.87,383.20,167.25,356.14,0.5968,-1,-1,-1
7,3,1270.19,537.86,55.82,122.19,0.8975,-1,-1,-1
7,4,1302.09,453.36,76.45,205.91,0.9281,-1,-1,-1
8,1,273.00,448.05,105.73,264.23,0.8202,-1,-1,-1
8,2,1681.05,380.19,166.03,360.39,0.5943,-1,-1,-1
8,3,1272.30,538.88,54.77,121.51,0.8976,-1,-1,-1
8,4,1303.52,453.44,77.75,207.10,0.9313,-1,-1,-1
9,1,275.34,447.66,104.60,264.14,0.8366,-1,-1,-1
9,2,1679.64,380.26,165.79,362.82,0.6033,-1,-1,-1
9,3,1274.07,538.37,53.92,123.13,0.9245,-1,-1,-1
9,4,1304.80,452.19,80.27,208.91,0.9179,-1,-1,-1
10,1,277.55,446.42,104.53,265.48,0.8160,-1,-1,-1
10,2,1678.96,381.23,163.32,363.70,0.6042,-1,-1,-1
10,3,1274.64,539.32,53.76,123.77,0.9236,-1,-1,-1
10,4,1306.47,451.77,81.97,208.80,0.9524,-1,-1,-1
11,1,279.36,447.23,104.60,264.97,0.8346,-1,-1,-1
11,2,1676.84,379.19,164.35,367.52,0.5889,-1,-1,-1
11,3,1276.27,539.00,53.03,124.86,0.9423,-1,-1,-1
11,4,1308.16,449.80,83.42,210.05,0.9607,-1,-1,-1
12,1,280.77,448.37,103.11,263.11,0.8158,-1,-1,-1
12,2,1674.85,377.26,165.60,370.40,0.5949,-1,-1,-1
12,3,1278.15,537.88,52.51,126.31,0.9479,-1,-1,-1
12,4,1309.96,450.93,83.02,207.69,0.9590,-1,-1,-1
12,5,1784.34,439.11,79.89,185.62,0.7357,-1,-1,-1
13,1,283.22,447.55,104.51,263.08,0.8570,-1,-1,-1
13,2,1673.73,378.45,165.86,370.73,0.5851,-1,-1,-1
13,3,1280.78,538.05,52.03,126.51,0.8846,-1,-1,-1
13,4,1311.31,451.29,83.87,207.99,0.9438,-1,-1,-1
13,5,1790.05,439.34,76.51,185.54,0.6646,-1,-1,-1
14,1,287.16,446.90,105.45,263.58,0.8673,-1,-1,-1
14,2,1672.25,379.23,166.42,370.78,0.5868,-1,-1,-1
14,3,1283.40,538.22,52.42,126.39,0.8202,-1,-1,-1
14,4,1312.87,451.97,83.87,208.50,0.9517,-1,-1,-1
14,5,1793.98,440.73,75.91,180.62,0.7209,-1,-1,-1
15,1,289.30,447.12,106.98,263.79,0.8705,-1,-1,-1
15,2,1668.91,379.13,167.64,371.85,0.5894,-1,-1,-1
15,3,1286.44,537.36,52.05,126.87,0.8527,-1,-1,-1
15,4,1314.46,452.41,83.09,207.05,0.9567,-1,-1,-1
15,5,1798.29,441.57,73.75,180.04,0.7224,-1,-1,-1
16,1,290.68,446.84,107.84,264.07,0.8709,-1,-1,-1
16,2,1666.82,378.96,168.87,375.73,0.5935,-1,-1,-1
16,3,1288.95,536.22,52.12,128.15,0.8347,-1,-1,-1
16,4,1315.86,452.45,82.74,206.68,0.9670,-1,-1,-1
16,5,1801.92,440.92,72.33,182.26,0.6862,-1,-1,-1
17,1,292.85,446.47,107.76,264.13,0.8783,-1,-1,-1
17,2,1664.50,379.13,169.37,376.93,0.6016,-1,-1,-1
17,3,1291.24,536.19,51.18,127.75,0.8533,-1,-1,-1
17,4,1317.37,453.04,81.57,205.72,0.9743,-1,-1,-1
17,5,1803.89,440.76,72.20,183.66,0.6725,-1,-1,-1
18,1,298.09,446.83,106.74,263.87,0.8847,-1,-1,-1
18,2,1660.44,378.44,170.80,380.55,0.6016,-1,-1,-1
18,3,1293.81,535.35,50.91,128.25,0.9191,-1,-1,-1
18,4,1320.21,454.02,80.58,205.73,0.9577,-1,-1,-1
18,5,1805.21,439.91,71.31,184.87,0.7017,-1,-1,-1
19,1,302.09,448.07,104.87,261.28,0.8719,-1,-1,-1
19,2,1656.45,377.71,173.16,384.49,0.5886,-1,-1,-1
19,3,1295.04,535.25,50.98,128.80,0.9092,-1,-1,-1
19,4,1321.89,454.42,79.81,205.79,0.9432,-1,-1,-1
19,5,1805.98,439.45,70.68,185.61,0.7115,-1,-1,-1
20,1,307.08,449.63,102.83,257.70,0.8694,-1,-1,-1
20,2,1652.23,378.16,174.69,385.15,0.5898,-1,-1,-1
20,3,1296.47,535.55,50.65,128.48,0.8982,-1,-1,-1
20,4,1324.31,455.37,78.48,204.26,0.9329,-1,-1,-1
20,5,1807.97,439.70,70.06,184.40,0.6874,-1,-1,-1
21,1,310.57,450.19,101.63,256.69,0.8631,-1,-1,-1
21,2,1647.47,378.12,176.17,385.30,0.5840,-1,-1,-1
21,3,1297.45,535.40,50.48,128.87,0.8936,-1,-1,-1
21,4,1325.54,455.94,77.68,203.96,0.9434,-1,-1,-1
21,5,1809.70,440.00,69.89,183.20,0.6838,-1,-1,-1
22,1,312.25,450.10,100.59,256.10,0.8514,-1,-1,-1
22,2,1643.91,377.94,178.34,387.26,0.5868,-1,-1,-1
22,3,1298.24,535.76,50.46,128.85,0.9118,-1,-1,-1
22,4,1326.29,456.64,76.80,203.04,0.9330,-1,-1,-1
22,5,1810.76,439.09,70.11,184.10,0.7005,-1,-1,-1
23,1,313.48,450.95,99.91,253.77,0.8568,-1,-1,-1
23,2,1641.87,377.31,178.91,387.75,0.5955,-1,-1,-1
23,3,1299.91,535.62,50.40,129.08,0.9139,-1,-1,-1
23,4,1327.43,456.61,76.46,204.25,0.9407,-1,-1,-1
23,5,1812.28,438.57,69.73,185.04,0.6800,-1,-1,-1
24,1,314.04,451.78,99.68,253.53,0.8681,-1,-1,-1
24,2,1640.49,376.42,179.31,389.03,0.6007,-1,-1,-1
24,3,1300.66,535.42,50.40,129.08,0.9165,-1,-1,-1
24,4,1327.95,457.72,75.87,204.05,0.9407,-1,-1,-1
24,5,1813.88,437.81,69.09,184.90,0.7036,-1,-1,-1
25,1,313.35,450.41,100.14,253.21,0.8734,-1,-1,-1
25,2,1637.18,376.01,179.89,389.92,0.5970,-1,-1,-1
25,3,1301.78,534.69,50.75,129.87,0.9341,-1,-1,-1
25,4,1328.86,457.90,75.46,204.42,0.9468,-1,-1,-1
25,5,1815.77,436.95,68.80,185.58,0.6519,-1,-1,-1
26,1,313.55,448.67,100.68,253.64,0.9078,-1,-1,-1
26,2,1633.76,375.12,180.58,391.10,0.5992,-1,-1,-1
26,3,1303.26,535.34,50.42,129.14,0.9153,-1,-1,-1
26,4,1329.32,457.82,75.26,205.32,0.9478,-1,-1,-1
26,5,1816.52,436.79,68.03,186.46,0.6433,-1,-1,-1
27,1,313.75,448.38,101.64,253.55,0.8623,-1,-1,-1
27,2,1630.54,374.10,182.01,394.52,0.6050,-1,-1,-1
27,3,1304.02,534.82,50.28,129.07,0.8768,-1,-1,-1
27,4,1329.70,458.22,74.54,204.67,0.9434,-1,-1,-1
28,1,315.09,446.35,103.02,255.19,0.8911,-1,-1,-1
28,2,1627.65,372.69,183.05,398.31,0.6042,-1,-1,-1
28,3,1305.61,534.69,50.52,130.23,0.9092,-1,-1,-1
28,4,1330.40,459.33,74.18,203.72,0.9515,-1,-1,-1
29,1,316.76,445.36,103.37,255.17,0.9119,-1,-1,-1
29,2,1626.31,372.07,182.77,398.80,0.5972,-1,-1,-1
29,3,1306.91,534.47,50.40,130.39,0.8958,-1,-1,-1
29,4,1330.78,458.70,74.28,203.54,0.9300,-1,-1,-1
30,1,319.86,443.66,104.38,256.39,0.8577,-1,-1,-1
30,2,1624.32,371.46,182.19,400.21,0.6190,-1,-1,-1
30,3,1308.35,534.69,50.38,130.33,0.9069,-1,-1,-1
30,4,1331.32,457.17,74.29,205.40,0.9178,-1,-1,-1
31,1,321.12,443.31,104.55,257.47,0.8493,-1,-1,-1
31,2,1623.24,371.29,181.20,400.79,0.6193,-1,-1,-1
31,3,1309.29,534.55,50.14,130.15,0.8989,-1,-1,-1
31,4,1331.77,456.61,74.47,206.69,0.9191,-1,-1,-1
32,1,322.38,442.95,104.71,258.54,0.8409,-1,-1,-1
32,2,1621.87,369.95,180.55,402.47,0.6235,-1,-1,-1
32,3,1310.55,534.10,49.88,130.11,0.8866,-1,-1,-1
32,4,1332.18,456.12,74.67,207.72,0.9264,-1,-1,-1
33,1,323.64,442.60,104.88,259.62,0.8326,-1,-1,-1
33,2,1619.96,367.92,181.13,407.33,0.6312,-1,-1,-1
33,3,1311.44,534.04,49.90,129.89,0.8807,-1,-1,-1
33,4,1333.38,456.46,74.61,207.09,0.9376,-1,-1,-1
34,1,324.89,442.24,105.04,260.70,0.8242,-1,-1,-1
34,2,1617.70,367.13,181.08,411.29,0.6389,-1,-1,-1
34,3,1312.53,534.15,49.97,129.73,0.8787,-1,-1,-1
34,4,1334.22,457.51,74.25,205.30,0.9377,-1,-1,-1
35,1,326.15,441.89,105.21,261.78,0.8158,-1,-1,-1
35,2,1616.05,365.12,180.90,414.30,0.6360,-1,-1,-1
35,3,1313.31,533.80,50.17,130.23,0.8910,-1,-1,-1
35,4,1335.09,457.70,74.28,205.23,0.9074,-1,-1,-1
36,1,327.41,441.53,105.38,262.86,0.8075,-1,-1,-1
36,2,1615.16,363.72,180.43,415.75,0.6337,-1,-1,-1
36,3,1313.82,533.78,50.21,130.38,0.8899,-1,-1,-1
36,4,1335.87,457.65,74.66,205.77,0.9198,-1,-1,-1
37,1,328.67,441.18,105.54,263.93,0.7991,-1,-1,-1
37,2,1613.81,362.39,179.33,417.91,0.6293,-1,-1,-1
37,3,1314.02,534.01,50.09,130.07,0.8936,-1,-1,-1
37,4,1336.47,457.69,74.79,205.85,0.9243,-1,-1,-1
38,1,329.93,440.82,105.71,265.01,0.7907,-1,-1,-1
38,2,1611.70,360.86,178.44,417.32,0.6259,-1,-1,-1
38,3,1314.48,534.14,50.17,129.81,0.9030,-1,-1,-1
38,4,1336.39,457.85,75.12,206.53,0.9419,-1,-1,-1
39,1,331.19,440.47,105.87,266.09,0.7823,-1,-1,-1
39,2,1609.64,361.50,177.61,418.99,0.6374,-1,-1,-1
39,3,1314.78,534.20,49.96,129.49,0.8999,-1,-1,-1
39,4,1336.43,457.83,75.12,206.47,0.9327,-1,-1,-1
40,1,332.44,440.12,106.04,267.16,0.7740,-1,-1,-1
40,2,1607.56,362.88,176.78,417.73,0.6310,-1,-1,-1
40,3,1314.85,534.37,49.71,129.21,0.8964,-1,-1,-1
40,4,1337.27,457.82,75.33,206.59,0.9520,-1,-1,-1
41,1,333.70,439.76,106.21,268.24,0.7656,-1,-1,-1
41,2,1605.29,363.39,176.99,419.62,0.6269,-1,-1,-1
41,3,1314.89,534.50,49.59,129.01,0.9000,-1,-1,-1
41,4,1337.88,457.63,75.43,206.83,0.9252,-1,-1,-1
42,1,334.96,439.41,106.37,269.32,0.7572,-1,-1,-1
42,2,1603.62,364.68,177.01,419.40,0.6313,-1,-1,-1
42,3,1314.70,534.30,49.55,129.36,0.9026,-1,-1,-1
42,4,1338.45,458.04,75.84,207.72,0.9327,-1,-1,-1
43,1,336.22,439.05,106.54,270.40,0.7488,-1,-1,-1
43,2,1601.07,364.55,176.94,418.68,0.6314,-1,-1,-1
43,3,1314.47,533.76,49.59,129.54,0.8991,-1,-1,-1
43,4,1338.81,458.18,75.71,207.45,0.9474,-1,-1,-1
44,1,337.48,438.70,106.70,271.47,0.7405,-1,-1,-1
44,2,1599.39,363.25,177.29,420.03,0.6367,-1,-1,-1
44,3,1314.50,533.68,49.55,129.45,0.8975,-1,-1,-1
44,4,1339.53,458.45,75.72,207.74,0.9668,-1,-1,-1
45,1,338.74,438.34,106.87,272.55,0.7321,-1,-1,-1
45,2,1598.27,361.37,178.69,424.49,0.6153,-1,-1,-1
45,3,1314.38,533.56,49.55,129.54,0.8972,-1,-1,-1
45,4,1339.89,458.53,75.65,207.93,0.9499,-1,-1,-1
46,1,340.00,437.99,107.04,273.63,0.7237,-1,-1,-1
46,2,1595.36,359.22,180.38,428.39,0.6276,-1,-1,-1
46,3,1314.21,534.01,49.42,129.42,0.9040,-1,-1,-1
46,4,1340.39,458.27,75.68,208.13,0.9332,-1,-1,-1
47,1,341.25,437.63,107.20,274.71,0.7153,-1,-1,-1
47,2,1593.07,358.93,181.41,430.63,0.6038,-1,-1,-1
47,3,1314.22,534.08,49.36,129.63,0.9212,-1,-1,-1
47,4,1340.99,457.98,75.67,208.13,0.9344,-1,-1,-1
47,6,212.10,453.25,91.92,245.09,0.8480,-1,-1,-1
48,1,342.51,437.28,107.37,275.78,0.7069,-1,-1,-1
48,2,1590.29,356.94,182.93,434.33,0.6156,-1,-1,-1
48,3,1314.10,533.82,49.39,129.86,0.9143,-1,-1,-1
48,4,1341.39,456.94,76.21,209.64,0.9648,-1,-1,-1
48,6,212.07,452.98,94.20,248.38,0.8507,-1,-1,-1
49,1,343.77,436.92,107.53,276.86,0.6986,-1,-1,-1
49,2,1588.23,355.51,184.41,438.26,0.6139,-1,-1,-1
49,3,1314.09,533.63,49.51,130.33,0.9242,-1,-1,-1
49,4,1341.40,456.84,76.42,209.98,0.9743,-1,-1,-1
49,6,211.88,453.46,93.68,248.47,0.8139,-1,-1,-1
50,1,345.03,436.57,107.70,277.94,0.6902,-1,-1,-1
50,2,1585.42,355.09,185.38,439.89,0.6079,-1,-1,-1
50,3,1314.43,533.96,49.16,129.52,0.9303,-1,-1,-1
50,4,1341.36,457.03,76.63,210.44,0.9834,-1,-1,-1
50,6,212.99,454.46,93.79,247.35,0.8528,-1,-1,-1
51,1,352.18,436.33,107.92,278.25,0.9057,-1,-1,-1
51,2,1582.09,354.23,186.57,441.95,0.6114,-1,-1,-1
51,3,1314.45,533.80,49.19,129.78,0.9158,-1,-1,-1
51,4,1341.54,457.23,76.74,210.37,0.9516,-1,-1,-1
51,6,214.20,456.05,91.85,243.87,0.8223,-1,-1,-1
52,1,358.23,432.20,108.64,281.64,0.2555,-1,-1,-1
52,2,1578.47,352.75,188.21,443.99,0.5996,-1,-1,-1
52,3,1314.47,534.05,49.04,129.22,0.9071,-1,-1,-1
52,4,1341.64,458.06,76.64,209.83,0.9813,-1,-1,-1
52,6,214.93,455.73,92.14,244.85,0.8162,-1,-1,-1
53,1,358.78,433.99,105.62,277.07,0.0965,-1,-1,-1
53,2,1576.68,351.96,188.97,446.23,0.6227,-1,-1,-1
53,3,1314.54,534.07,48.91,128.88,0.9252,-1,-1,-1
53,4,1342.26,458.85,76.48,208.81,0.9639,-1,-1,-1
53,6,215.65,456.68,91.65,244.52,0.8053,-1,-1,-1
54,1,361.12,433.17,112.05,281.02,0.7989,-1,-1,-1
54,2,1573.45,351.41,189.98,446.95,0.6070,-1,-1,-1
54,3,1314.55,534.02,48.96,128.88,0.9218,-1,-1,-1
54,4,1341.81,458.74,76.92,209.36,0.9597,-1,-1,-1
54,6,216.18,455.87,91.12,246.92,0.8166,-1,-1,-1
55,1,367.89,433.24,112.68,281.39,0.8887,-1,-1,-1
55,2,1570.32,352.37,190.54,448.42,0.6195,-1,-1,-1
55,3,1314.44,534.20,48.88,128.70,0.9155,-1,-1,-1
55,4,1341.70,458.45,77.31,209.72,0.9509,-1,-1,-1
55,6,214.63,455.76,91.43,248.34,0.8222,-1,-1,-1
56,1,372.39,434.81,111.88,278.47,0.8747,-1,-1,-1
56,2,1565.85,351.21,192.76,451.80,0.6195,-1,-1,-1
56,3,1314.33,534.34,48.87,128.62,0.9121,-1,-1,-1
56,4,1341.82,458.48,77.32,209.25,0.9590,-1,-1,-1
56,6,213.04,456.14,90.32,247.72,0.8270,-1,-1,-1
57,1,374.09,433.70,112.31,279.13,0.8772,-1,-1,-1
57,2,1558.73,350.07,194.40,454.41,0.6222,-1,-1,-1
57,3,1314.05,534.13,49.06,129.26,0.9178,-1,-1,-1
57,4,1341.74,458.41,77.56,209.78,0.9459,-1,-1,-1
57,6,210.14,455.03,91.74,251.27,0.8139,-1,-1,-1
58,1,374.50,434.67,112.31,277.28,0.9202,-1,-1,-1
58,2,1552.03,349.49,195.09,454.24,0.6109,-1,-1,-1
58,3,1313.97,533.80,49.15,129.60,0.9114,-1,-1,-1
58,4,1342.13,458.25,77.62,209.69,0.9436,-1,-1,-1
58,6,207.26,455.73,92.80,252.02,0.8138,-1,-1,-1
59,1,374.06,434.78,112.88,276.62,0.8897,-1,-1,-1
59,2,1545.04,349.52,195.98,456.80,0.6319,-1,-1,-1
59,3,1313.87,533.61,49.22,129.71,0.8943,-1,-1,-1
59,4,1342.22,458.14,77.68,209.59,0.9807,-1,-1,-1
59,6,203.30,456.58,93.14,253.11,0.8087,-1,-1,-1
60,1,373.95,436.06,112.93,274.32,0.8939,-1,-1,-1
60,2,1536.20,348.69,196.98,458.78,0.6374,-1,-1,-1
60,3,1313.69,533.82,49.11,129.40,0.9240,-1,-1,-1
60,4,1341.82,458.37,77.76,209.25,0.9775,-1,-1,-1
60,6,200.92,457.78,93.30,253.21,0.7908,-1,-1,-1
61,1,374.91,435.93,113.00,273.27,0.8946,-1,-1,-1
61,2,1528.90,346.33,198.51,461.52,0.6193,-1,-1,-1
61,3,1313.79,534.01,48.98,128.88,0.9118,-1,-1,-1
61,4,1341.60,457.83,78.11,209.54,0.9789,-1,-1,-1
61,6,206.13,464.41,88.00,242.78,0.2407,-1,-1,-1
62,1,377.03,436.94,112.73,271.39,0.8956,-1,-1,-1
62,2,1522.62,344.92,199.26,462.17,0.6276,-1,-1,-1
62,3,1313.73,534.38,48.58,127.84,0.9101,-1,-1,-1
62,4,1341.51,458.04,78.18,209.37,0.9699,-1,-1,-1
62,6,204.88,468.36,87.89,239.95,0.8279,-1,-1,-1
62,7,547.86,263.46,280.04,572.47,0.7457,-1,-1,-1
63,1,380.55,436.19,112.27,270.49,0.8700,-1,-1,-1
63,2,1517.44,344.17,201.03,464.32,0.6149,-1,-1,-1
63,3,1313.86,534.43,48.62,127.76,0.8986,-1,-1,-1
63,4,1341.03,457.74,78.57,210.18,0.9660,-1,-1,-1
63,6,204.81,470.21,88.54,236.88,0.8331,-1,-1,-1
63,7,567.61,266.91,276.52,569.28,0.7530,-1,-1,-1
64,1,383.98,434.14,112.84,273.22,0.9016,-1,-1,-1
64,2,1511.97,343.29,201.56,465.97,0.6476,-1,-1,-1
64,3,1313.91,534.26,48.53,127.68,0.9090,-1,-1,-1
64,4,1340.64,457.83,78.74,210.03,0.9770,-1,-1,-1
64,6,205.62,471.21,88.55,235.06,0.7922,-1,-1,-1
64,7,588.25,276.15,268.71,556.11,0.7229,-1,-1,-1
65,1,387.76,434.69,111.56,270.78,0.9209,-1,-1,-1
65,2,1507.98,342.75,202.26,467.67,0.6529,-1,-1,-1
65,3,1313.80,534.36,48.52,127.54,0.9279,-1,-1,-1
65,4,1340.20,457.85,79.09,210.26,0.9830,-1,-1,-1
65,6,210.42,472.88,89.26,233.55,0.8494,-1,-1,-1
65,7,607.54,276.37,268.39,556.51,0.7069,-1,-1,-1
66,1,392.65,435.20,110.27,269.21,0.9453,-1,-1,-1
66,2,1506.46,343.74,202.61,468.17,0.6409,-1,-1,-1
66,3,1313.97,534.35,48.60,127.64,0.9218,-1,-1,-1
66,4,1340.29,457.88,79.14,210.26,0.9626,-1,-1,-1
66,6,216.24,473.68,90.20,233.35,0.8317,-1,-1,-1
66,7,627.20,281.49,264.33,550.50,0.7315,-1,-1,-1
67,1,398.67,437.34,109.20,267.46,0.9213,-1,-1,-1
67,2,1506.03,342.80,203.45,470.89,0.6590,-1,-1,-1
67,3,1313.97,534.21,48.78,127.95,0.9262,-1,-1,-1
67,4,1340.30,457.63,79.33,210.61,0.9796,-1,-1,-1
67,6,222.82,475.87,89.98,231.12,0.8205,-1,-1,-1
67,7,645.05,282.66,262.28,546.34,0.7015,-1,-1,-1
68,1,404.42,437.34,109.28,267.61,0.9273,-1,-1,-1
68,2,1505.65,343.20,202.31,470.64,0.6461,-1,-1,-1
68,3,1313.96,534.35,48.74,127.73,0.9237,-1,-1,-1
68,4,1340.15,457.31,79.51,210.55,0.9825,-1,-1,-1
68,6,229.53,476.55,90.43,230.73,0.8502,-1,-1,-1
68,7,661.81,281.00,259.98,544.44,0.7517,-1,-1,-1
69,1,408.69,436.58,110.23,268.68,0.9114,-1,-1,-1
69,2,1505.24,343.43,202.64,473.03,0.6473,-1,-1,-1
69,3,1313.58,534.21,48.94,128.46,0.9250,-1,-1,-1
69,4,1340.32,457.87,79.53,210.24,0.9565,-1,-1,-1
69,6,234.34,477.17,91.29,231.78,0.8386,-1,-1,-1
69,7,675.50,282.39,256.85,541.70,0.7180,-1,-1,-1
70,1,413.12,437.20,111.08,269.82,0.9102,-1,-1,-1
70,2,1504.71,344.20,202.69,474.78,0.6567,-1,-1,-1
70,3,1314.01,534.07,48.84,128.38,0.9169,-1,-1,-1
70,4,1340.41,457.86,79.68,210.57,0.9484,-1,-1,-1
70,6,239.20,477.26,92.13,233.27,0.8439,-1,-1,-1
70,7,689.49,285.29,253.30,538.01,0.7156,-1,-1,-1
71,1,415.93,437.26,112.01,271.10,0.9037,-1,-1,-1
71,2,1504.06,345.28,201.75,474.52,0.6534,-1,-1,-1
71,3,1313.65,534.17,49.00,128.82,0.9108,-1,-1,-1
71,4,1340.31,457.95,79.55,210.10,0.9443,-1,-1,-1
71,6,242.69,477.07,92.72,234.24,0.8325,-1,-1,-1
71,7,704.83,288.00,249.50,532.65,0.7550,-1,-1,-1
72,1,417.83,438.27,112.41,270.21,0.9040,-1,-1,-1
72,2,1502.26,346.32,201.19,475.61,0.6567,-1,-1,-1
72,3,1313.59,534.25,48.95,128.78,0.9032,-1,-1,-1
72,4,1340.43,458.03,79.48,209.59,0.9464,-1,-1,-1
72,6,245.14,477.12,93.04,235.26,0.8424,-1,-1,-1
72,7,717.79,285.64,246.63,533.84,0.7047,-1,-1,-1
73,1,418.76,439.48,112.47,267.99,0.9001,-1,-1,-1
73,2,1499.45,346.10,201.56,478.01,0.6554,-1,-1,-1
73,3,1313.98,534.35,48.76,128.20,0.9019,-1,-1,-1
73,4,1340.69,458.25,79.41,208.83,0.9466,-1,-1,-1
73,6,247.15,474.97,94.18,237.77,0.8462,-1,-1,-1
73,7,732.30,281.51,243.14,535.36,0.7548,-1,-1,-1
74,1,418.57,440.30,113.06,267.16,0.8958,-1,-1,-1
74,2,1494.92,344.97,202.10,481.01,0.6608,-1,-1,-1
74,3,1313.95,534.44,48.63,127.47,0.8988,-1,-1,-1
74,4,1340.37,458.30,79.69,209.36,0.9541,-1,-1,-1
74,6,250.97,475.54,93.11,236.82,0.8265,-1,-1,-1
74,7,745.40,277.14,238.43,537.22,0.7535,-1,-1,-1
74,8,1893.97,439.85,61.75,174.92,0.5655,-1,-1,-1
75,1,419.10,440.31,113.76,267.15,0.8942,-1,-1,-1
75,2,1491.10,342.62,203.56,484.39,0.6673,-1,-1,-1
75,3,1313.59,534.29,48.90,127.99,0.9187,-1,-1,-1
75,4,1340.27,458.21,79.97,209.84,0.9675,-1,-1,-1
75,6,252.18,473.71,93.67,237.77,0.8347,-1,-1,-1
75,7,760.16,276.47,231.92,535.85,0.7367,-1,-1,-1
75,8,1893.98,439.39,62.01,177.36,0.5513,-1,-1,-1
76,1,418.10,439.73,114.97,267.82,0.8707,-1,-1,-1
76,2,1486.27,341.52,204.39,486.29,0.6729,-1,-1,-1
76,3,1314.11,534.50,48.72,127.34,0.9211,-1,-1,-1
76,4,1340.31,458.37,79.92,209.39,0.9609,-1,-1,-1
76,6,253.64,470.24,95.41,241.91,0.8392,-1,-1,-1
76,7,776.86,281.47,224.37,528.36,0.7648,-1,-1,-1
76,8,1893.09,438.50,62.93,177.66,0.5511,-1,-1,-1
77,1,416.42,436.59,117.35,271.82,0.8757,-1,-1,-1
77,2,1481.82,338.97,205.37,488.34,0.6704,-1,-1,-1
77,3,1313.80,534.22,48.89,127.32,0.8938,-1,-1,-1
77,4,1339.98,458.09,80.24,209.96,0.9617,-1,-1,-1
77,6,256.38,469.07,96.17,244.10,0.8557,-1,-1,-1
77,7,791.04,282.16,221.44,527.33,0.7452,-1,-1,-1
77,8,1892.80,436.91,62.54,178.47,0.6120,-1,-1,-1
78,1,415.69,432.71,118.89,275.56,0.9272,-1,-1,-1
78,2,1477.10,336.33,207.28,492.21,0.6761,-1,-1,-1
78,3,1313.83,534.17,49.02,127.49,0.9161,-1,-1,-1
78,4,1339.71,458.01,80.50,210.51,0.9684,-1,-1,-1
78,6,260.28,467.98,96.45,246.08,0.8004,-1,-1,-1
78,7,804.76,282.84,221.59,527.78,0.7170,-1,-1,-1
78,8,1892.45,436.30,58.94,176.98,0.4762,-1,-1,-1
78,9,1688.61,259.01,211.29,586.19,0.5369,-1,-1,-1
79,1,415.59,431.62,119.89,277.89,0.9118,-1,-1,-1
79,2,1471.42,334.43,209.17,494.37,0.6749,-1,-1,-1
79,3,1313.70,534.23,49.17,127.71,0.9183,-1,-1,-1
79,4,1339.80,458.46,80.36,209.79,0.9621,-1,-1,-1
79,6,264.56,468.21,96.83,246.19,0.8014,-1,-1,-1
79,7,819.54,287.35,220.18,522.61,0.6772,-1,-1,-1
79,8,1894.26,441.32,59.46,167.54,0.4854,-1,-1,-1
79,9,1685.58,258.02,211.80,589.39,0.5335,-1,-1,-1
80,1,417.25,430.82,120.59,280.01,0.9142,-1,-1,-1
80,2,1464.61,331.00,211.45,497.20,0.6750,-1,-1,-1
80,3,1314.16,534.35,48.97,127.25,0.9223,-1,-1,-1
80,4,1339.85,458.82,80.51,209.66,0.9496,-1,-1,-1
80,6,267.17,466.70,100.24,248.20,0.7439,-1,-1,-1
80,7,833.90,293.43,216.80,511.30,0.6731,-1,-1,-1
80,8,1895.49,462.08,58.54,150.97,0.1095,-1,-1,-1
80,9,1681.55,258.51,212.45,592.18,0.5361,-1,-1,-1
81,1,419.47,429.49,120.61,281.07,0.9414,-1,-1,-1
81,2,1457.84,327.07,214.75,501.71,0.6761,-1,-1,-1
81,3,1314.36,534.54,48.93,127.11,0.9108,-1,-1,-1
81,4,1339.52,458.50,80.60,209.72,0.9545,-1,-1,-1
81,6,270.63,467.85,101.05,243.73,0.7456,-1,-1,-1
81,7,847.36,295.26,216.63,505.82,0.6807,-1,-1,-1
81,9,1680.10,257.57,212.24,594.05,0.5231,-1,-1,-1
82,1,421.91,427.95,120.60,282.53,0.9473,-1,-1,-1
82,2,1451.47,326.41,217.03,503.63,0.6703,-1,-1,-1
82,3,1314.39,534.47,49.03,127.08,0.9123,-1,-1,-1
82,4,1339.55,458.36,80.76,209.92,0.9590,-1,-1,-1
82,6,273.77,468.64,102.97,242.16,0.8304,-1,-1,-1
82,7,857.86,299.17,215.90,501.15,0.6979,-1,-1,-1
82,9,1677.07,256.79,213.04,598.25,0.5268,-1,-1,-1
83,1,425.44,427.58,120.01,282.55,0.9375,-1,-1,-1
83,2,1444.70,324.73,220.14,506.80,0.6642,-1,-1,-1
83,3,1314.48,534.26,49.19,127.47,0.9085,-1,-1,-1
83,4,1339.23,458.38,80.75,209.68,0.9532,-1,-1,-1
83,6,280.26,468.42,105.16,243.67,0.8439,-1,-1,-1
83,7,872.47,299.39,214.38,497.66,0.7107,-1,-1,-1
83,9,1674.33,253.92,213.96,602.22,0.5294,-1,-1,-1
84,1,429.28,427.45,119.60,282.90,0.9644,-1,-1,-1
84,2,1436.92,322.93,224.48,514.06,0.6715,-1,-1,-1
84,3,1314.56,534.03,49.31,127.72,0.9088,-1,-1,-1
84,4,1338.97,457.79,81.26,210.63,0.9635,-1,-1,-1
84,6,286.09,467.68,106.48,244.46,0.8507,-1,-1,-1
84,7,885.06,298.75,211.37,493.49,0.7151,-1,-1,-1
84,9,1671.80,252.00,215.09,606.66,0.5308,-1,-1,-1
85,1,433.66,427.17,118.95,283.01,0.9222,-1,-1,-1
85,2,1429.81,324.31,226.39,515.71,0.6782,-1,-1,-1
85,3,1314.59,534.16,49.44,128.01,0.9229,-1,-1,-1
85,4,1339.09,457.59,81.54,211.27,0.9478,-1,-1,-1
85,6,289.86,467.10,107.19,244.10,0.8345,-1,-1,-1
85,7,899.84,299.16,207.33,489.27,0.7325,-1,-1,-1
85,9,1669.79,249.27,215.73,610.66,0.5238,-1,-1,-1
86,1,438.16,428.19,118.02,282.49,0.9343,-1,-1,-1
86,2,1422.85,325.02,227.81,517.80,0.6994,-1,-1,-1
86,3,1314.15,533.17,49.99,129.44,0.8918,-1,-1,-1
86,4,1339.08,457.89,81.16,210.23,0.9532,-1,-1,-1
86,6,293.41,466.06,107.93,244.66,0.8615,-1,-1,-1
86,7,915.67,298.20,205.10,489.96,0.7744,-1,-1,-1
86,9,1668.48,248.64,215.82,611.75,0.5454,-1,-1,-1
87,1,441.90,428.11,118.07,283.29,0.9162,-1,-1,-1
87,2,1416.25,324.70,230.15,520.46,0.6876,-1,-1,-1
87,3,1314.37,533.55,49.82,129.17,0.9140,-1,-1,-1
87,4,1338.71,457.86,81.03,209.82,0.9496,-1,-1,-1
87,6,296.17,465.41,108.16,244.41,0.8698,-1,-1,-1
87,7,929.85,298.29,200.88,486.00,0.7550,-1,-1,-1
87,9,1667.76,246.75,215.95,614.08,0.5421,-1,-1,-1
88,1,445.12,427.84,118.57,283.67,0.8529,-1,-1,-1
88,2,1409.09,324.37,232.71,523.64,0.6904,-1,-1,-1
88,3,1315.07,533.92,49.71,128.85,0.9243,-1,-1,-1
88,4,1338.38,458.24,81.13,209.99,0.9710,-1,-1,-1
88,6,298.99,463.97,108.68,245.78,0.8864,-1,-1,-1
88,7,944.23,299.59,197.09,480.36,0.7671,-1,-1,-1
88,9,1667.02,244.63,217.69,619.73,0.5448,-1,-1,-1
89,1,449.10,427.50,119.97,285.08,0.9029,-1,-1,-1
89,2,1401.63,322.24,236.05,529.71,0.6938,-1,-1,-1
89,3,1315.03,534.12,49.75,128.77,0.9206,-1,-1,-1
89,4,1338.28,458.23,81.37,210.21,0.9713,-1,-1,-1
89,6,301.82,462.86,108.39,246.06,0.9123,-1,-1,-1
89,7,954.15,302.31,195.31,476.86,0.7504,-1,-1,-1
89,9,1666.07,241.99,219.52,624.25,0.5429,-1,-1,-1
90,1,453.47,425.84,120.81,286.31,0.9167,-1,-1,-1
90,2,1396.58,321.44,238.70,534.97,0.7080,-1,-1,-1
90,3,1315.19,534.74,49.62,128.17,0.9228,-1,-1,-1
90,4,1337.96,457.73,81.59,210.54,0.9829,-1,-1,-1
90,6,305.03,462.93,107.49,245.71,0.8672,-1,-1,-1
90,7,962.97,305.75,193.15,471.85,0.7603,-1,-1,-1
90,9,1662.37,242.99,220.84,627.21,0.5605,-1,-1,-1
91,1,455.72,425.43,120.44,286.35,0.9379,-1,-1,-1
91,2,1390.41,319.75,241.32,540.06,0.7143,-1,-1,-1
91,3,1314.83,534.22,50.09,129.28,0.9145,-1,-1,-1
91,4,1337.76,457.07,81.83,210.81,0.9662,-1,-1,-1
91,6,307.17,461.58,107.96,247.51,0.8773,-1,-1,-1
91,7,971.15,309.69,192.39,467.04,0.7382,-1,-1,-1
91,9,1658.35,241.89,222.53,630.74,0.5656,-1,-1,-1
92,1,457.04,425.33,119.89,286.35,0.9289,-1,-1,-1
92,2,1383.49,318.71,243.90,545.32,0.7164,-1,-1,-1
92,3,1315.14,534.88,50.07,128.82,0.9150,-1,-1,-1
92,4,1337.94,457.45,81.55,209.24,0.9756,-1,-1,-1
92,6,309.06,459.68,108.61,250.47,0.8695,-1,-1,-1
92,7,980.75,313.81,192.95,464.19,0.7390,-1,-1,-1
92,9,1652.55,238.84,224.97,636.28,0.5644,-1,-1,-1
93,1,456.80,425.39,119.26,287.32,0.9381,-1,-1,-1
93,2,1377.87,317.86,245.73,551.57,0.7319,-1,-1,-1
93,3,1315.22,534.47,50.25,129.16,0.9184,-1,-1,-1
93,4,1337.77,456.41,82.10,210.63,0.9603,-1,-1,-1
93,6,310.16,458.01,109.18,253.23,0.8766,-1,-1,-1
93,7,988.87,312.93,194.28,463.02,0.7142,-1,-1,-1
93,9,1645.82,236.54,227.27,640.42,0.5713,-1,-1,-1
94,1,457.48,424.61,118.81,288.34,0.9238,-1,-1,-1
94,2,1374.47,316.83,246.51,556.02,0.7232,-1,-1,-1
94,3,1314.77,533.76,50.76,130.39,0.8981,-1,-1,-1
94,4,1339.13,457.13,82.32,211.03,0.9812,-1,-1,-1
94,6,311.88,457.32,109.26,254.64,0.8951,-1,-1,-1
94,7,998.00,312.83,195.52,462.80,0.7282,-1,-1,-1
94,9,1639.38,235.67,229.61,644.03,0.5750,-1,-1,-1
95,1,459.34,422.92,118.88,290.62,0.8922,-1,-1,-1
95,2,1370.90,315.87,246.74,560.10,0.7290,-1,-1,-1
95,3,1315.21,534.04,50.97,130.62,0.9082,-1,-1,-1
95,4,1338.45,457.63,82.49,210.97,0.9494,-1,-1,-1
95,6,312.75,456.89,109.56,256.40,0.8787,-1,-1,-1
95,7,1006.24,314.28,195.80,459.79,0.6955,-1,-1,-1
95,9,1633.78,233.85,232.02,648.92,0.5742,-1,-1,-1
96,1,461.95,421.73,118.85,291.90,0.9106,-1,-1,-1
96,2,1365.22,312.13,247.34,565.04,0.7507,-1,-1,-1
96,3,1315.10,533.66,51.24,131.35,0.8942,-1,-1,-1
96,4,1338.15,457.03,82.66,211.30,0.9886,-1,-1,-1
96,6,313.99,455.12,110.37,259.38,0.8733,-1,-1,-1
96,7,1016.44,313.13,197.51,461.06,0.7034,-1,-1,-1
96,9,1628.53,235.93,232.98,649.71,0.5705,-1,-1,-1
97,1,464.77,420.52,119.02,293.75,0.8983,-1,-1,-1
97,2,1362.02,310.64,247.07,569.20,0.7355,-1,-1,-1
97,3,1314.89,533.81,51.30,131.17,0.9063,-1,-1,-1
97,4,1338.30,457.38,82.44,210.48,0.9810,-1,-1,-1
97,6,315.73,455.45,110.21,260.41,0.8680,-1,-1,-1
97,7,1027.86,316.22,194.80,453.91,0.7169,-1,-1,-1
97,9,1621.12,234.51,235.06,654.12,0.5684,-1,-1,-1
98,1,466.00,417.52,119.79,296.69,0.9155,-1,-1,-1
98,2,1358.84,310.76,246.20,573.69,0.7403,-1,-1,-1
98,3,1315.13,534.02,51.49,131.54,0.9070,-1,-1,-1
98,4,1337.99,457.93,83.02,211.41,0.9971,-1,-1,-1
98,6,316.43,456.28,110.05,260.99,0.8660,-1,-1,-1
98,7,1039.28,313.06,194.14,453.46,0.7206,-1,-1,-1
98,9,1613.52,232.61,237.06,658.39,0.5744,-1,-1,-1
99,1,466.39,417.33,119.82,296.47,0.9026,-1,-1,-1
99,2,1355.33,308.78,246.00,580.14,0.7127,-1,-1,-1
99,3,1315.03,534.25,51.59,131.31,0.9101,-1,-1,-1
99,4,1337.99,458.25,82.74,210.39,0.9558,-1,-1,-1
99,6,317.02,455.22,110.32,262.70,0.8529,-1,-1,-1
99,7,1049.79,314.97,191.35,449.48,0.7556,-1,-1,-1
99,9,1607.85,228.94,239.10,663.06,0.5758,-1,-1,-1
100,1,465.97,415.83,120.33,297.27,0.9098,-1,-1,-1
100,2,1354.84,308.81,243.48,579.98,0.7171,-1,-1,-1
100,3,1314.94,534.32,51.63,131.10,0.8955,-1,-1,-1
100,4,1337.35,457.25,83.28,211.42,0.9578,-1,-1,-1
100,6,316.92,452.35,111.07,265.52,0.8703,-1,-1,-1
100,7,1057.09,313.04,188.97,447.23,0.7491,-1,-1,-1
100,9,1602.68,226.72,240.36,665.90,0.5875,-1,-1,-1
101,1,465.41,414.82,121.52,298.97,0.8761,-1,-1,-1
101,2,1351.56,308.91,241.60,580.91,0.7112,-1,-1,-1
101,3,1315.10,534.23,52.12,131.80,0.8971,-1,-1,-1
101,4,1337.10,457.34,83.73,212.71,0.9445,-1,-1,-1
101,6,318.79,450.97,110.84,266.95,0.8729,-1,-1,-1
101,7,1069.04,314.21,186.22,443.58,0.7469,-1,-1,-1
101,9,1597.96,224.52,241.88,669.04,0.5927,-1,-1,-1
102,1,464.32,414.04,122.68,300.70,0.8495,-1,-1,-1
102,2,1344.76,305.82,242.29,588.28,0.7454,-1,-1,-1
102,3,1315.72,533.84,52.72,132.72,0.9261,-1,-1,-1
102,4,1336.16,457.89,83.04,212.17,0.9064,-1,-1,-1
102,6,319.93,449.46,111.02,269.37,0.8528,-1,-1,-1
102,7,1080.59,313.69,183.45,439.05,0.7548,-1,-1,-1
102,9,1591.70,222.19,243.32,673.65,0.5883,-1,-1,-1
103,1,463.16,414.42,124.03,303.08,0.8504,-1,-1,-1
103,2,1338.44,304.85,242.56,593.46,0.7291,-1,-1,-1
103,3,1315.55,533.30,53.02,132.97,0.8921,-1,-1,-1
103,6,321.29,449.52,110.46,270.20,0.8612,-1,-1,-1
103,7,1093.15,317.09,180.93,435.35,0.7247,-1,-1,-1
103,9,1585.22,220.31,244.43,678.22,0.5757,-1,-1,-1
104,1,461.74,413.33,125.46,305.75,0.8788,-1,-1,-1
104,2,1331.61,304.04,242.89,598.06,0.7407,-1,-1,-1
104,3,1315.11,533.02,53.28,133.07,0.8842,-1,-1,-1
104,6,322.44,448.82,110.52,272.60,0.8648,-1,-1,-1
104,7,1104.56,319.71,178.63,430.86,0.7653,-1,-1,-1
104,9,1579.82,217.51,245.20,681.30,0.5884,-1,-1,-1
105,1,461.20,413.95,126.28,307.04,0.8293,-1,-1,-1
105,2,1326.87,303.80,242.91,600.84,0.7480,-1,-1,-1
105,3,1315.34,533.59,53.27,132.83,0.8458,-1,-1,-1
105,6,325.28,448.42,109.66,272.38,0.8750,-1,-1,-1
105,7,1114.57,323.99,176.45,425.76,0.7405,-1,-1,-1
105,9,1574.90,215.95,245.09,681.80,0.5962,-1,-1,-1
106,1,461.77,414.88,126.46,306.64,0.8573,-1,-1,-1
106,2,1321.59,302.81,241.93,601.06,0.7574,-1,-1,-1
106,3,1315.46,531.64,54.10,134.85,0.8768,-1,-1,-1
106,6,326.91,448.80,109.12,273.06,0.8790,-1,-1,-1
106,7,1126.10,328.50,173.17,416.76,0.7236,-1,-1,-1
106,9,1568.71,216.01,245.92,686.75,0.5726,-1,-1,-1
107,1,463.43,416.50,126.38,305.48,0.8204,-1,-1,-1
107,2,1314.86,300.31,242.58,605.52,0.7549,-1,-1,-1
107,6,330.06,450.13,107.48,271.57,0.8726,-1,-1,-1
107,7,1133.35,330.39,172.37,413.44,0.7312,-1,-1,-1
107,9,1562.45,215.13,246.32,691.73,0.5526,-1,-1,-1
108,1,464.28,417.48,125.86,304.03,0.8785,-1,-1,-1
108,2,1307.63,300.00,243.19,609.91,0.7578,-1,-1,-1
108,6,333.13,450.52,106.05,270.10,0.8565,-1,-1,-1
108,7,1141.61,332.35,170.70,408.65,0.7078,-1,-1,-1
108,9,1555.18,214.61,246.76,695.15,0.5989,-1,-1,-1
109,1,464.50,418.14,125.88,303.91,0.8686,-1,-1,-1
109,2,1301.64,298.59,244.21,614.35,0.7605,-1,-1,-1
109,6,335.53,451.93,104.75,269.05,0.8591,-1,-1,-1
109,7,1147.37,333.22,170.18,406.14,0.7170,-1,-1,-1
109,9,1548.34,214.20,248.48,703.37,0.5669,-1,-1,-1
110,1,464.29,418.71,125.71,303.08,0.8948,-1,-1,-1
110,2,1296.83,296.55,244.34,615.86,0.7628,-1,-1,-1
110,6,338.50,452.57,103.48,268.39,0.8633,-1,-1,-1
110,7,1153.20,332.60,169.59,406.50,0.7569,-1,-1,-1
110,9,1542.87,214.22,248.91,707.39,0.5870,-1,-1,-1
111,1,462.63,417.69,126.63,305.61,0.8901,-1,-1,-1
111,2,1290.26,293.63,245.07,620.69,0.7514,-1,-1,-1
111,6,339.44,451.55,103.29,270.54,0.8683,-1,-1,-1
111,7,1159.63,330.19,168.84,407.56,0.7763,-1,-1,-1
111,9,1536.68,214.90,248.00,708.14,0.5943,-1,-1,-1
112,1,460.68,416.64,127.01,307.40,0.8667,-1,-1,-1
112,2,1283.25,292.47,246.12,623.91,0.7665,-1,-1,-1
112,6,340.55,449.60,103.08,272.60,0.8551,-1,-1,-1
112,7,1165.40,327.85,168.62,409.11,0.7726,-1,-1,-1
112,9,1530.93,216.83,246.55,707.66,0.5975,-1,-1,-1
113,1,458.08,414.45,128.06,311.13,0.8758,-1,-1,-1
113,2,1278.15,292.50,246.81,626.59,0.7677,-1,-1,-1
113,6,341.60,446.94,103.38,275.60,0.8660,-1,-1,-1
113,7,1172.35,327.80,165.96,404.30,0.7596,-1,-1,-1
113,9,1526.13,216.27,246.70,711.94,0.5663,-1,-1,-1
114,1,456.24,412.65,127.72,312.12,0.8633,-1,-1,-1
114,2,1270.97,287.26,250.07,636.46,0.7524,-1,-1,-1
114,6,342.18,445.74,102.94,276.99,0.8719,-1,-1,-1
114,7,1180.73,328.49,163.89,401.64,0.7418,-1,-1,-1
114,9,1520.73,214.90,247.20,716.83,0.5791,-1,-1,-1
115,1,454.47,411.28,127.39,313.53,0.8896,-1,-1,-1
115,2,1265.08,286.26,250.23,637.99,0.7846,-1,-1,-1
115,6,342.45,443.95,103.31,280.52,0.8531,-1,-1,-1
115,7,1187.30,330.53,162.95,400.82,0.7849,-1,-1,-1
115,9,1515.68,215.15,247.43,720.68,0.5908,-1,-1,-1
116,1,452.89,408.82,126.82,314.64,0.8901,-1,-1,-1
116,2,1260.41,286.05,250.48,638.51,0.7659,-1,-1,-1
116,6,342.71,442.67,103.23,282.79,0.8478,-1,-1,-1
116,7,1196.89,333.18,161.37,398.73,0.7690,-1,-1,-1
116,9,1509.66,212.41,248.66,727.49,0.6019,-1,-1,-1
117,1,452.10,407.00,126.42,316.22,0.8908,-1,-1,-1
117,2,1252.45,281.93,252.96,645.28,0.7925,-1,-1,-1
117,6,342.93,442.67,102.64,283.31,0.8508,-1,-1,-1
117,7,1205.50,335.25,157.73,389.49,0.7486,-1,-1,-1
117,9,1503.18,209.00,250.54,735.72,0.6122,-1,-1,-1
118,1,451.17,405.66,126.41,318.71,0.8967,-1,-1,-1
118,2,1242.26,285.29,253.96,646.42,0.7529,-1,-1,-1
118,6,342.51,442.69,102.60,285.13,0.8502,-1,-1,-1
118,7,1205.65,342.41,156.96,386.98,0.6201,-1,-1,-1
118,9,1495.86,203.58,252.56,743.76,0.6174,-1,-1,-1
119,1,449.99,404.37,126.46,320.75,0.8839,-1,-1,-1
119,2,1230.01,284.08,256.21,650.68,0.7598,-1,-1,-1
119,6,341.80,442.13,102.58,287.50,0.8320,-1,-1,-1
119,9,1490.65,199.18,253.96,749.33,0.6327,-1,-1,-1
120,1,448.99,403.03,126.21,322.31,0.8762,-1,-1,-1
120,2,1217.42,280.98,259.96,658.71,0.7407,-1,-1,-1
120,6,341.06,441.51,102.36,289.21,0.8362,-1,-1,-1
120,9,1485.17,198.16,254.15,750.87,0.6147,-1,-1,-1
121,1,447.38,402.06,126.57,324.54,0.8519,-1,-1,-1
121,2,1204.53,278.74,262.82,664.09,0.7557,-1,-1,-1
121,6,339.84,441.77,102.05,289.84,0.8235,-1,-1,-1
121,9,1478.44,193.71,256.90,759.61,0.6319,-1,-1,-1
122,1,446.17,402.06,126.20,324.83,0.8687,-1,-1,-1
122,2,1188.63,275.95,266.44,670.17,0.7339,-1,-1,-1
122,6,338.81,442.28,102.09,291.12,0.8334,-1,-1,-1
122,9,1472.51,189.86,258.65,764.48,0.6407,-1,-1,-1
123,1,445.29,402.96,125.25,323.72,0.9051,-1,-1,-1
123,2,1173.65,272.62,269.76,677.05,0.7566,-1,-1,-1
123,6,338.35,441.37,102.00,291.79,0.8446,-1,-1,-1
123,9,1465.41,189.08,260.46,770.42,0.6488,-1,-1,-1
124,1,444.46,402.80,124.63,323.60,0.8709,-1,-1,-1
124,2,1161.81,270.77,272.70,682.72,0.7431,-1,-1,-1
124,6,336.84,439.29,103.04,295.28,0.8344,-1,-1,-1
124,9,1457.44,185.31,262.88,777.38,0.6449,-1,-1,-1
125,1,444.19,404.87,123.71,322.62,0.8923,-1,-1,-1
125,2,1151.16,271.18,275.53,687.66,0.7664,-1,-1,-1
125,6,335.52,438.19,103.66,296.80,0.8404,-1,-1,-1
125,9,1450.77,180.58,265.04,783.46,0.6554,-1,-1,-1
126,1,442.79,401.74,124.33,326.64,0.8500,-1,-1,-1
126,2,1143.09,273.41,276.43,688.64,0.7477,-1,-1,-1
126,6,333.98,436.76,104.44,298.69,0.8375,-1,-1,-1
126,9,1442.70,178.64,267.61,789.99,0.6501,-1,-1,-1
127,1,441.78,400.39,124.47,329.26,0.8616,-1,-1,-1
127,2,1135.61,273.80,278.29,691.51,0.7508,-1,-1,-1
127,6,332.66,434.81,105.57,301.30,0.8462,-1,-1,-1
127,9,1437.47,173.38,270.34,796.20,0.6611,-1,-1,-1
128,1,440.45,397.29,124.77,332.81,0.8826,-1,-1,-1
128,2,1127.04,269.86,281.21,700.48,0.7902,-1,-1,-1
128,6,331.12,432.21,106.93,303.72,0.8337,-1,-1,-1
128,9,1427.51,167.70,273.63,805.07,0.6525,-1,-1,-1
129,1,439.72,395.47,124.97,335.55,0.8609,-1,-1,-1
129,2,1119.36,269.54,283.08,707.93,0.7546,-1,-1,-1
129,6,329.26,430.42,107.99,305.43,0.8449,-1,-1,-1
129,9,1421.39,164.37,276.19,811.25,0.6704,-1,-1,-1
130,1,440.27,394.27,125.40,337.97,0.8412,-1,-1,-1
130,2,1114.84,267.13,284.78,716.77,0.7665,-1,-1,-1
130,6,328.17,429.71,108.11,304.38,0.8626,-1,-1,-1
130,9,1413.15,160.08,277.73,813.98,0.6864,-1,-1,-1
131,1,441.82,392.99,125.27,339.59,0.8348,-1,-1,-1
131,2,1108.39,267.74,284.67,719.64,0.7508,-1,-1,-1
131,6,327.03,430.16,108.91,305.45,0.8307,-1,-1,-1
131,9,1404.84,161.87,279.23,816.85,0.6817,-1,-1,-1
132,1,442.88,392.65,125.24,341.88,0.8810,-1,-1,-1
132,2,1101.69,267.74,283.28,718.42,0.7424,-1,-1,-1
132,6,325.42,430.33,109.71,306.80,0.8334,-1,-1,-1
132,9,1393.85,159.13,282.48,825.83,0.7074,-1,-1,-1
133,1,443.79,393.12,124.44,341.80,0.8767,-1,-1,-1
133,2,1092.99,266.49,284.87,725.59,0.7713,-1,-1,-1
133,6,322.52,430.55,110.27,307.01,0.8064,-1,-1,-1
133,9,1383.81,156.51,284.39,830.51,0.6958,-1,-1,-1
134,1,444.33,393.58,123.81,341.46,0.8779,-1,-1,-1
134,2,1082.52,266.53,287.47,732.78,0.7589,-1,-1,-1
134,6,322.24,431.15,111.55,308.89,0.8018,-1,-1,-1
134,9,1374.45,157.02,285.61,833.44,0.6982,-1,-1,-1
135,1,443.80,391.59,124.64,345.05,0.8565,-1,-1,-1
135,2,1072.93,261.77,290.31,742.44,0.7600,-1,-1,-1
135,6,323.77,429.77,112.85,311.36,0.7983,-1,-1,-1
135,9,1363.13,152.40,287.63,839.41,0.7045,-1,-1,-1
136,1,443.67,392.03,124.81,346.76,0.8625,-1,-1,-1
136,2,1060.42,255.43,292.87,750.88,0.7720,-1,-1,-1
136,6,325.69,427.50,114.18,314.01,0.8082,-1,-1,-1
136,9,1352.71,146.60,289.61,845.77,0.7032,-1,-1,-1
137,1,442.92,392.15,125.27,349.46,0.8572,-1,-1,-1
137,2,1048.67,252.53,295.07,758.10,0.7571,-1,-1,-1
137,6,325.65,425.73,115.16,315.82,0.8214,-1,-1,-1
137,9,1343.12,143.50,290.83,848.72,0.7144,-1,-1,-1
138,1,442.35,392.69,125.15,350.30,0.8704,-1,-1,-1
138,2,1036.72,247.86,297.86,764.59,0.7482,-1,-1,-1
138,6,324.90,422.85,116.36,318.88,0.8224,-1,-1,-1
138,9,1332.06,142.62,292.56,854.79,0.7037,-1,-1,-1
139,1,443.01,392.92,124.77,349.91,0.8712,-1,-1,-1
139,2,1024.84,245.21,298.86,764.46,0.7591,-1,-1,-1
139,6,322.95,419.52,117.98,323.14,0.8112,-1,-1,-1
139,9,1322.80,139.87,294.11,858.56,0.7137,-1,-1,-1
140,1,442.54,394.35,124.26,348.20,0.8825,-1,-1,-1
140,2,1015.71,241.02,300.65,767.70,0.7693,-1,-1,-1
140,6,322.21,419.22,118.35,323.97,0.8187,-1,-1,-1
140,9,1312.93,136.55,297.49,867.21,0.7429,-1,-1,-1
141,1,443.14,396.42,123.27,345.42,0.8895,-1,-1,-1
141,2,1004.45,235.44,305.09,776.52,0.7578,-1,-1,-1
141,6,321.05,418.30,119.03,325.58,0.8262,-1,-1,-1
141,9,1303.27,135.25,298.70,870.70,0.7394,-1,-1,-1
142,1,442.91,397.59,123.16,345.00,0.8802,-1,-1,-1
142,2,994.43,232.95,308.09,783.37,0.7605,-1,-1,-1
142,6,320.51,417.77,119.40,325.83,0.8028,-1,-1,-1
142,9,1294.10,133.60,300.31,874.92,0.7583,-1,-1,-1
143,1,443.00,396.52,123.62,346.02,0.8803,-1,-1,-1
143,2,980.61,229.24,312.91,793.68,0.7668,-1,-1,-1
143,6,320.36,417.09,120.15,327.01,0.7960,-1,-1,-1
143,9,1284.23,132.24,303.79,885.81,0.7561,-1,-1,-1
144,1,443.03,396.57,123.55,345.03,0.8841,-1,-1,-1
144,2,967.96,227.76,315.58,798.16,0.7542,-1,-1,-1
144,6,320.62,419.65,119.84,325.43,0.8355,-1,-1,-1
144,9,1274.97,128.11,308.66,901.12,0.7562,-1,-1,-1
145,1,442.96,394.58,125.39,349.32,0.8597,-1,-1,-1
145,2,955.28,227.47,319.71,806.95,0.7565,-1,-1,-1
145,6,320.60,420.69,120.14,325.16,0.8093,-1,-1,-1
145,9,1265.20,124.08,312.13,912.92,0.7229,-1,-1,-1
146,1,443.95,394.08,126.35,350.52,0.8481,-1,-1,-1
146,2,942.88,224.20,326.56,823.37,0.7629,-1,-1,-1
146,6,318.12,419.99,121.91,329.61,0.7792,-1,-1,-1
146,9,1256.78,118.13,317.17,929.39,0.7348,-1,-1,-1
147,1,444.86,393.61,127.56,352.47,0.8654,-1,-1,-1
147,2,933.96,223.91,328.51,826.24,0.7594,-1,-1,-1
147,6,313.86,419.57,123.31,333.76,0.8335,-1,-1,-1
147,9,1248.57,117.26,318.97,936.17,0.7363,-1,-1,-1
148,1,446.45,392.58,128.92,354.45,0.8295,-1,-1,-1
148,2,926.11,226.32,330.03,829.47,0.7630,-1,-1,-1
148,6,311.43,417.51,124.63,337.23,0.7650,-1,-1,-1
148,9,1239.77,115.52,322.91,949.81,0.7314,-1,-1,-1
149,1,446.75,390.56,131.09,359.07,0.8315,-1,-1,-1
149,2,914.44,226.13,335.29,842.73,0.7617,-1,-1,-1
149,6,308.83,416.12,126.17,341.29,0.7697,-1,-1,-1
149,9,1233.60,116.43,323.67,953.22,0.7373,-1,-1,-1
150,1,446.27,388.62,132.90,362.34,0.7954,-1,-1,-1
150,2,903.94,228.60,338.36,849.46,0.7535,-1,-1,-1
150,6,308.39,417.03,125.69,339.35,0.6674,-1,-1,-1
150,9,1228.51,117.88,322.53,950.14,0.7434,-1,-1,-1
150,10,99.49,280.28,248.94,640.59,0.5989,-1,-1,-1
151,1,445.65,386.52,133.75,363.48,0.8127,-1,-1,-1
151,2,893.37,225.94,341.80,858.33,0.7778,-1,-1,-1
151,6,306.56,414.45,126.22,340.12,0.5705,-1,-1,-1
151,9,1219.75,115.50,326.85,964.49,0.7251,-1,-1,-1
151,10,116.07,283.03,267.58,635.16,0.5769,-1,-1,-1
152,1,445.32,386.64,134.78,364.56,0.8134,-1,-1,-1
152,2,885.82,227.21,343.76,862.19,0.7688,-1,-1,-1
152,6,304.72,411.88,126.74,340.90,0.4736,-1,-1,-1
152,9,1212.38,112.28,328.71,972.08,0.7316,-1,-1,-1
152,10,127.25,281.58,287.33,634.01,0.5847,-1,-1,-1
152,11,1434.98,356.63,144.12,334.00,0.8106,-1,-1,-1
153,1,446.08,385.47,135.60,365.99,0.8168,-1,-1,-1
153,2,873.22,222.43,347.08,871.35,0.7685,-1,-1,-1
153,6,306.67,411.68,127.79,343.47,0.4886,-1,-1,-1
153,9,1201.30,108.73,331.83,981.24,0.7456,-1,-1,-1
153,10,138.29,285.00,301.56,627.45,0.5743,-1,-1,-1
153,11,1439.42,357.45,148.64,332.20,0.7881,-1,-1,-1
154,1,447.66,385.02,136.87,369.32,0.8205,-1,-1,-1
154,2,859.00,220.39,347.26,869.59,0.7602,-1,-1,-1
154,6,308.61,411.48,128.84,346.04,0.5037,-1,-1,-1
154,9,1190.60,100.09,337.23,998.00,0.7382,-1,-1,-1
154,10,147.68,288.19,311.20,619.38,0.5929,-1,-1,-1
154,11,1441.66,361.18,150.72,327.69,0.7804,-1,-1,-1
154,12,100.30,380.63,153.70,508.02,0.5474,-1,-1,-1
155,1,449.72,382.90,138.92,373.26,0.8165,-1,-1,-1
155,2,846.74,219.74,351.16,880.89,0.7568,-1,-1,-1
155,6,310.56,411.27,129.89,348.61,0.5187,-1,-1,-1
155,9,1179.52,92.98,340.55,1009.95,0.7308,-1,-1,-1
155,10,157.56,286.91,316.95,617.75,0.6181,-1,-1,-1
155,11,1448.33,364.68,149.59,323.88,0.7716,-1,-1,-1
155,12,118.05,377.81,153.95,506.51,0.5998,-1,-1,-1
156,1,453.50,383.81,139.55,373.30,0.8146,-1,-1,-1
156,2,830.70,215.22,354.77,893.33,0.7718,-1,-1,-1
156,6,312.51,411.07,130.94,351.18,0.5337,-1,-1,-1
156,9,1169.62,87.77,342.23,1015.17,0.7161,-1,-1,-1
156,10,173.49,289.08,316.43,611.66,0.6334,-1,-1,-1
156,11,1453.20,367.00,147.67,321.27,0.7645,-1,-1,-1
156,12,129.69,376.76,167.28,503.59,0.6049,-1,-1,-1
157,1,455.10,384.62,141.55,377.57,0.7981,-1,-1,-1
157,2,815.64,209.33,359.68,909.87,0.7511,-1,-1,-1
157,6,314.45,410.87,131.99,353.75,0.5487,-1,-1,-1
157,9,1158.95,80.97,345.71,1026.20,0.7285,-1,-1,-1
157,10,187.87,289.30,313.32,609.99,0.6555,-1,-1,-1
157,11,1460.20,366.61,145.94,319.26,0.7977,-1,-1,-1
157,12,140.52,373.45,181.74,505.73,0.5921,-1,-1,-1
158,1,456.09,386.46,142.06,377.41,0.8049,-1,-1,-1
158,2,799.46,203.45,364.99,927.00,0.7214,-1,-1,-1
158,6,316.40,410.67,133.05,356.31,0.5638,-1,-1,-1
158,9,1149.64,75.91,349.83,1038.59,0.7379,-1,-1,-1
158,10,202.19,298.31,305.31,597.05,0.6795,-1,-1,-1
158,11,1466.48,367.76,144.06,316.90,0.7756,-1,-1,-1
158,12,154.52,376.54,195.27,503.00,0.6048,-1,-1,-1
159,1,457.10,385.65,142.77,379.62,0.8367,-1,-1,-1
159,2,787.72,199.77,367.02,935.41,0.7325,-1,-1,-1
159,6,318.35,410.46,134.10,358.88,0.5788,-1,-1,-1
159,9,1139.34,67.12,352.92,1046.68,0.7431,-1,-1,-1
159,10,225.93,293.12,295.56,599.98,0.6777,-1,-1,-1
159,11,1472.29,368.40,141.40,314.09,0.8011,-1,-1,-1
159,12,162.25,379.92,216.95,499.53,0.5483,-1,-1,-1
160,1,456.93,384.45,142.98,381.21,0.8204,-1,-1,-1
160,2,773.69,199.53,366.81,936.77,0.6640,-1,-1,-1
160,6,320.29,410.26,135.15,361.45,0.5938,-1,-1,-1
160,9,1128.86,61.62,356.30,1055.07,0.7491,-1,-1,-1
160,10,252.96,293.30,280.97,599.40,0.6402,-1,-1,-1
160,11,1478.25,368.50,137.90,311.99,0.7932,-1,-1,-1
160,12,173.30,380.93,243.53,498.65,0.5357,-1,-1,-1
161,1,458.96,384.76,142.67,382.00,0.8250,-1,-1,-1
161,2,763.11,197.07,368.46,946.80,0.7392,-1,-1,-1
161,6,322.24,410.06,136.20,364.02,0.6089,-1,-1,-1
161,9,1119.63,56.85,359.82,1063.24,0.7509,-1,-1,-1
161,10,278.96,291.04,269.16,599.38,0.6754,-1,-1,-1
161,11,1485.31,368.90,135.69,310.24,0.8027,-1,-1,-1
161,12,185.49,385.71,249.55,493.73,0.5903,-1,-1,-1
162,1,461.85,384.33,142.20,381.52,0.7876,-1,-1,-1
162,2,750.50,196.37,368.54,952.34,0.7329,-1,-1,-1
162,6,324.19,409.86,137.25,366.59,0.6239,-1,-1,-1
162,9,1108.39,49.79,362.20,1068.46,0.7578,-1,-1,-1
162,10,301.85,287.80,262.14,600.88,0.7026,-1,-1,-1
162,11,1494.02,368.77,133.56,307.55,0.8223,-1,-1,-1
162,12,197.79,384.93,251.49,491.13,0.5779,-1,-1,-1
163,1,464.66,385.49,142.11,381.99,0.8352,-1,-1,-1
163,2,735.24,190.72,371.31,964.29,0.7627,-1,-1,-1
163,6,326.13,409.65,138.30,369.16,0.6389,-1,-1,-1
163,9,1098.18,44.16,364.57,1073.40,0.7631,-1,-1,-1
163,10,321.36,290.16,252.66,594.19,0.7036,-1,-1,-1
163,11,1498.04,368.61,132.59,306.95,0.8290,-1,-1,-1
163,12,220.43,389.31,240.87,483.33,0.6547,-1,-1,-1
164,1,467.23,384.23,144.24,386.91,0.7550,-1,-1,-1
164,2,719.58,185.95,373.68,974.98,0.7418,-1,-1,-1
164,6,328.08,409.45,139.35,371.73,0.6539,-1,-1,-1
164,9,1089.32,40.61,365.91,1074.75,0.7581,-1,-1,-1
164,10,347.18,293.04,252.07,594.19,0.7090,-1,-1,-1
164,11,1502.13,368.77,130.37,304.92,0.8298,-1,-1,-1
164,12,244.40,387.62,229.33,481.53,0.6784,-1,-1,-1
165,1,470.31,383.76,145.10,387.85,0.7559,-1,-1,-1
165,2,699.89,183.40,374.43,980.04,0.7471,-1,-1,-1
165,6,330.03,409.25,140.40,374.30,0.6690,-1,-1,-1
165,9,1075.17,39.01,370.00,1084.30,0.7541,-1,-1,-1
165,10,368.15,294.79,253.02,592.54,0.7256,-1,-1,-1
165,11,1503.74,371.19,130.77,301.67,0.7898,-1,-1,-1
165,12,270.43,384.82,215.27,480.40,0.6727,-1,-1,-1
166,1,473.38,383.28,145.96,388.80,0.7567,-1,-1,-1
166,2,679.03,177.06,377.64,990.11,0.7636,-1,-1,-1
166,6,331.97,409.05,141.45,376.87,0.6840,-1,-1,-1
166,9,1057.31,32.92,376.15,1099.83,0.7571,-1,-1,-1
166,10,390.31,307.36,253.51,578.72,0.7405,-1,-1,-1
166,11,1503.91,374.76,132.12,298.99,0.8000,-1,-1,-1
166,12,293.23,383.13,201.90,476.51,0.6674,-1,-1,-1
167,1,476.46,382.81,146.81,389.74,0.7576,-1,-1,-1
167,2,661.23,170.50,380.58,1001.56,0.7611,-1,-1,-1
167,6,333.92,408.84,142.50,379.44,0.6990,-1,-1,-1
167,9,1043.21,29.03,379.46,1107.72,0.7501,-1,-1,-1
167,10,407.78,307.58,257.63,580.51,0.7451,-1,-1,-1
167,11,1504.10,375.91,134.39,297.13,0.7733,-1,-1,-1
167,12,313.51,377.14,194.24,480.26,0.6676,-1,-1,-1
167,13,1374.47,442.56,88.88,233.28,0.9142,-1,-1,-1
168,1,479.53,382.33,147.67,390.68,0.7585,-1,-1,-1
168,2,645.61,165.34,380.57,1006.57,0.7456,-1,-1,-1
168,6,335.87,408.64,143.56,382.00,0.7141,-1,-1,-1
168,9,1028.97,24.24,382.19,1114.06,0.7577,-1,-1,-1
168,10,427.40,304.79,260.55,584.51,0.7632,-1,-1,-1
168,11,1505.04,378.95,135.32,293.92,0.7763,-1,-1,-1
168,12,335.58,383.15,187.16,472.85,0.7026,-1,-1,-1
168,13,1375.98,445.53,89.26,231.43,0.9841,-1,-1,-1
169,1,482.61,381.86,148.53,391.62,0.7594,-1,-1,-1
169,2,615.73,158.30,385.61,1021.72,0.7561,-1,-1,-1
169,6,337.81,408.44,144.61,384.57,0.7291,-1,-1,-1
169,9,1009.27,19.16,386.91,1125.41,0.7498,-1,-1,-1
169,10,435.04,305.81,256.95,577.81,0.7801,-1,-1,-1
169,11,1498.11,379.42,138.32,293.42,0.7334,-1,-1,-1
169,12,344.69,385.08,184.25,468.13,0.7703,-1,-1,-1
169,13,1370.11,444.34,92.59,231.01,0.9604,-1,-1,-1
170,1,485.68,381.39,149.39,392.57,0.7602,-1,-1,-1
170,2,593.47,150.80,390.23,1035.72,0.7544,-1,-1,-1
170,6,339.76,408.24,145.66,387.14,0.7441,-1,-1,-1
170,9,990.51,11.95,393.84,1142.43,0.7556,-1,-1,-1
170,10,449.63,307.57,250.16,568.33,0.7692,-1,-1,-1
170,11,1492.91,380.93,140.95,292.78,0.7273,-1,-1,-1
170,12,356.49,384.81,183.69,469.70,0.6893,-1,-1,-1
170,13,1367.69,445.37,97.41,229.96,0.9727,-1,-1,-1
171,1,488.76,380.91,150.25,393.51,0.7611,-1,-1,-1
171,2,576.05,145.47,394.00,1046.52,0.7685,-1,-1,-1
171,6,341.71,408.03,146.71,389.71,0.7591,-1,-1,-1
171,9,985.41,12.40,396.37,1146.29,0.7660,-1,-1,-1
171,10,470.31,309.56,244.30,563.79,0.7364,-1,-1,-1
171,11,1502.35,382.79,141.98,291.06,0.7600,-1,-1,-1
171,12,377.20,389.35,187.03,467.15,0.7462,-1,-1,-1
171,13,1377.43,446.87,96.33,229.82,0.9094,-1,-1,-1
172,1,491.83,380.44,151.11,394.45,0.7620,-1,-1,-1
172,2,562.34,140.01,397.99,1057.16,0.7639,-1,-1,-1
172,6,343.65,407.83,147.76,392.28,0.7742,-1,-1,-1
172,9,977.84,8.32,399.26,1152.55,0.7502,-1,-1,-1
172,10,489.87,309.65,238.03,559.30,0.7211,-1,-1,-1
172,11,1510.26,382.23,142.76,290.88,0.7483,-1,-1,-1
172,12,391.97,387.93,193.60,469.90,0.7233,-1,-1,-1
172,13,1382.61,445.86,96.36,231.34,0.9477,-1,-1,-1
172,14,346.07,408.34,144.28,389.27,0.8047,-1,-1,-1
173,1,494.91,379.96,151.96,395.39,0.7628,-1,-1,-1
173,2,545.30,137.37,400.20,1064.19,0.7653,-1,-1,-1
173,6,345.60,407.63,148.81,394.85,0.7892,-1,-1,-1
173,9,966.35,1.87,401.86,1158.91,0.7768,-1,-1,-1
173,10,506.92,310.61,235.90,554.80,0.7072,-1,-1,-1
173,11,1518.03,382.36,141.87,289.82,0.7658,-1,-1,-1
173,12,405.07,391.95,200.21,468.64,0.7071,-1,-1,-1
173,13,1384.99,446.35,97.16,230.98,0.9712,-1,-1,-1
174,1,497.98,379.49,152.82,396.34,0.7637,-1,-1,-1
174,2,523.47,129.75,407.14,1083.90,0.7790,-1,-1,-1
174,6,353.21,404.01,145.61,400.51,0.7566,-1,-1,-1
174,9,953.62,-1.30,402.60,1161.78,0.7576,-1,-1,-1
174,10,523.98,311.56,233.76,550.30,0.6932,-1,-1,-1
174,11,1525.07,383.72,140.04,287.28,0.7941,-1,-1,-1
174,12,421.33,391.32,203.71,468.29,0.7379,-1,-1,-1
174,13,1387.72,444.58,96.56,233.51,0.9539,-1,-1,-1
174,15,1331.97,534.69,69.41,147.70,0.9128,-1,-1,-1
175,1,501.06,379.02,153.68,397.28,0.7646,-1,-1,-1
175,2,507.77,126.71,408.64,1090.28,0.7677,-1,-1,-1
175,6,354.86,403.89,146.52,401.43,0.7857,-1,-1,-1
175,9,940.66,-5.86,404.47,1167.95,0.7470,-1,-1,-1
175,10,541.03,312.52,231.63,545.80,0.6793,-1,-1,-1
175,11,1531.06,383.37,137.98,285.24,0.7993,-1,-1,-1
175,12,438.84,390.55,202.31,466.01,0.7815,-1,-1,-1
175,13,1388.95,444.18,96.84,234.68,0.9444,-1,-1,-1
175,15,1333.66,534.74,68.60,146.91,0.9017,-1,-1,-1
176,1,504.13,378.54,154.54,398.22,0.7654,-1,-1,-1
176,2,492.61,125.90,410.64,1097.38,0.7607,-1,-1,-1
176,6,358.13,401.58,149.77,408.05,0.7964,-1,-1,-1
176,9,923.34,-13.47,409.87,1183.60,0.7310,-1,-1,-1
176,10,558.09,313.48,229.49,541.30,0.6653,-1,-1,-1
176,11,1537.54,383.02,135.74,283.56,0.8137,-1,-1,-1
176,12,460.30,392.13,196.53,456.53,0.6266,-1,-1,-1
176,13,1389.12,443.44,96.69,235.97,0.9742,-1,-1,-1
176,15,1334.56,535.33,67.28,146.32,0.8897,-1,-1,-1
177,1,507.21,378.07,155.40,399.16,0.7663,-1,-1,-1
177,2,476.22,128.62,412.44,1099.05,0.7603,-1,-1,-1
177,6,360.45,401.96,149.51,409.21,0.7750,-1,-1,-1
177,9,912.60,-18.08,412.27,1190.56,0.7358,-1,-1,-1
177,10,575.14,314.44,227.36,536.80,0.6514,-1,-1,-1
177,11,1541.68,382.99,135.06,282.99,0.7915,-1,-1,-1
177,12,475.63,392.42,193.23,453.93,0.6322,-1,-1,-1
177,13,1390.09,444.89,96.82,235.33,0.9483,-1,-1,-1
177,15,1335.37,534.86,67.42,147.85,0.8680,-1,-1,-1
178,1,510.28,377.59,156.25,400.11,0.7672,-1,-1,-1
178,2,459.05,122.84,418.12,1111.33,0.7328,-1,-1,-1
178,6,363.05,399.97,148.62,411.26,0.7983,-1,-1,-1
178,9,901.10,-22.79,414.51,1198.92,0.7474,-1,-1,-1
178,10,592.19,315.39,225.22,532.30,0.6374,-1,-1,-1
178,11,1546.23,383.10,133.74,280.30,0.8063,-1,-1,-1
178,12,490.95,392.71,189.93,451.33,0.6377,-1,-1,-1
178,13,1392.25,434.26,98.57,236.21,0.9540,-1,-1,-1
178,15,1336.00,534.67,68.65,148.02,0.8613,-1,-1,-1
179,1,513.36,377.12,157.11,401.05,0.7681,-1,-1,-1
179,2,442.09,124.17,423.04,1115.88,0.7812,-1,-1,-1
179,6,369.69,402.10,149.05,410.64,0.7857,-1,-1,-1
179,9,889.59,-28.45,415.47,1204.95,0.7277,-1,-1,-1
179,10,609.25,316.35,223.09,527.80,0.6235,-1,-1,-1
179,11,1550.28,384.39,132.99,278.77,0.7929,-1,-1,-1
179,12,506.28,393.00,186.62,448.73,0.6433,-1,-1,-1
179,13,1394.27,428.36,99.24,234.13,0.9475,-1,-1,-1
179,15,1338.12,535.94,67.62,147.49,0.8920,-1,-1,-1
180,1,516.43,376.64,157.97,401.99,0.7689,-1,-1,-1
180,2,429.65,122.54,428.56,1125.34,0.7795,-1,-1,-1
180,6,376.78,394.00,152.29,425.61,0.6101,-1,-1,-1
180,9,879.03,-30.38,416.07,1209.42,0.7100,-1,-1,-1
180,10,626.30,317.31,220.96,523.30,0.6096,-1,-1,-1
180,11,1554.75,384.95,131.77,278.03,0.8145,-1,-1,-1
180,12,521.61,393.29,183.32,446.13,0.6488,-1,-1,-1
180,13,1393.38,434.56,98.99,234.57,0.9740,-1,-1,-1
180,15,1339.12,536.73,66.81,147.39,0.9205,-1,-1,-1
181,1,519.51,376.17,158.83,402.93,0.7698,-1,-1,-1
181,2,408.65,125.59,435.30,1128.64,0.7666,-1,-1,-1
181,6,385.06,393.79,150.64,424.84,0.6212,-1,-1,-1
181,9,863.64,-36.49,419.64,1221.49,0.7439,-1,-1,-1
181,10,643.36,318.27,218.82,518.80,0.5956,-1,-1,-1
181,11,1558.46,386.81,131.51,276.94,0.7312,-1,-1,-1
181,12,536.93,393.58,180.02,443.53,0.6544,-1,-1,-1
181,13,1398.80,428.15,96.68,233.04,0.9268,-1,-1,-1
181,15,1340.41,536.28,66.89,148.32,0.9220,-1,-1,-1
182,1,522.58,375.70,159.69,403.88,0.7707,-1,-1,-1
182,2,385.28,125.53,445.91,1145.29,0.7744,-1,-1,-1
182,6,393.33,393.59,148.98,424.07,0.6323,-1,-1,-1
182,9,846.80,-41.05,424.20,1238.37,0.7336,-1,-1,-1
182,10,660.41,319.22,216.69,514.30,0.5817,-1,-1,-1
182,11,1562.85,386.85,129.86,275.61,0.7550,-1,-1,-1
182,12,552.26,393.87,176.72,440.93,0.6599,-1,-1,-1
182,13,1398.22,436.37,95.97,233.40,0.9688,-1,-1,-1
182,15,1341.86,536.36,66.19,148.71,0.9106,-1,-1,-1
183,1,525.66,375.22,160.54,404.82,0.7715,-1,-1,-1
183,2,356.08,120.74,452.25,1151.24,0.7601,-1,-1,-1
183,6,401.61,393.38,147.33,423.31,0.6435,-1,-1,-1
183,9,831.00,-46.59,425.69,1243.71,0.7574,-1,-1,-1
183,10,677.47,320.18,214.55,509.80,0.5677,-1,-1,-1
183,11,1567.27,389.39,128.03,271.96,0.7734,-1,-1,-1
183,12,567.59,394.16,173.41,438.33,0.6655,-1,-1,-1
183,13,1397.63,439.69,96.48,235.48,0.9745,-1,-1,-1
183,15,1343.53,536.33,65.74,149.17,0.9331,-1,-1,-1
184,1,528.73,374.75,161.40,405.76,0.7724,-1,-1,-1
184,2,326.72,113.89,455.74,1153.25,0.7718,-1,-1,-1
184,6,409.89,393.17,145.68,422.54,0.6546,-1,-1,-1
184,9,812.17,-51.17,427.53,1246.93,0.7594,-1,-1,-1
184,10,694.52,321.14,212.42,505.30,0.5538,-1,-1,-1
184,11,1572.13,391.34,126.87,269.58,0.7359,-1,-1,-1
184,12,582.92,394.45,170.11,435.73,0.6710,-1,-1,-1
184,13,1397.46,438.76,98.24,241.67,0.9532,-1,-1,-1
184,15,1345.20,536.66,66.81,150.91,0.9464,-1,-1,-1
185,1,531.81,374.27,162.26,406.70,0.7733,-1,-1,-1
185,2,300.27,106.93,462.32,1164.61,0.7679,-1,-1,-1
185,6,418.16,392.97,144.02,421.77,0.6657,-1,-1,-1
185,9,798.56,-57.08,430.20,1254.87,0.7611,-1,-1,-1
185,10,711.53,315.30,211.85,515.35,0.7543,-1,-1,-1
185,11,1575.23,393.24,125.49,266.66,0.7927,-1,-1,-1
185,12,598.24,394.74,166.81,433.13,0.6766,-1,-1,-1
185,13,1407.95,430.91,96.43,239.27,0.9065,-1,-1,-1
185,15,1348.10,537.71,65.70,150.01,0.9026,-1,-1,-1
186,1,534.88,373.80,163.12,407.65,0.7741,-1,-1,-1
186,2,271.45,100.38,465.53,1166.88,0.7834,-1,-1,-1
186,6,426.44,392.76,142.37,421.00,0.6768,-1,-1,-1
186,9,784.42,-66.28,435.48,1269.55,0.7431,-1,-1,-1
186,10,730.69,313.02,206.40,512.10,0.6850,-1,-1,-1
186,11,1580.65,393.59,125.31,265.08,0.7851,-1,-1,-1
186,12,613.57,395.03,163.51,430.53,0.6821,-1,-1,-1
186,13,1404.19,433.56,96.79,242.45,0.9413,-1,-1,-1
186,15,1351.92,538.29,64.81,150.28,0.9535,-1,-1,-1
187,1,537.96,373.33,163.98,408.59,0.7750,-1,-1,-1
187,2,245.13,95.56,471.38,1178.61,0.7776,-1,-1,-1
187,6,434.72,392.55,140.72,420.24,0.6880,-1,-1,-1
187,9,770.05,-69.62,438.79,1278.49,0.7501,-1,-1,-1
187,11,1583.98,393.19,125.26,264.84,0.7990,-1,-1,-1
187,12,628.90,395.32,160.20,427.93,0.6877,-1,-1,-1
187,13,1402.78,434.82,96.66,243.24,0.9313,-1,-1,-1
187,15,1354.59,537.67,64.44,150.93,0.9362,-1,-1,-1
188,1,541.03,372.85,164.84,409.53,0.7759,-1,-1,-1
188,2,200.18,90.42,478.30,1193.91,0.7503,-1,-1,-1
188,6,443.00,392.34,139.07,419.47,0.6991,-1,-1,-1
188,9,757.80,-72.02,438.63,1277.76,0.7592,-1,-1,-1
188,11,1587.42,393.63,125.01,264.24,0.7888,-1,-1,-1
188,12,644.22,395.61,156.90,425.33,0.6932,-1,-1,-1
188,13,1401.71,436.39,97.32,243.51,0.9619,-1,-1,-1
188,15,1357.25,537.26,64.64,151.30,0.8998,-1,-1,-1
188,16,17.91,207.57,374.11,808.90,0.5341,-1,-1,-1
188,17,1434.36,421.18,98.86,232.82,0.7866,-1,-1,-1
188,18,636.87,400.83,169.70,420.70,0.7662,-1,-1,-1
189,1,544.11,372.38,165.69,410.47,0.7768,-1,-1,-1
189,2,146.44,82.94,485.18,1204.60,0.6888,-1,-1,-1
189,6,451.27,392.14,137.41,418.70,0.7102,-1,-1,-1
189,9,741.63,-76.87,444.92,1294.85,0.7526,-1,-1,-1
189,11,1590.57,394.62,124.49,262.43,0.7676,-1,-1,-1
189,12,659.55,395.90,153.60,422.73,0.6988,-1,-1,-1
189,13,1402.46,437.34,97.58,245.41,0.9329,-1,-1,-1
189,15,1360.83,537.87,64.43,150.63,0.9302,-1,-1,-1
189,16,36.84,206.99,359.10,797.20,0.3627,-1,-1,-1
189,17,1438.62,421.48,97.47,233.86,0.8157,-1,-1,-1
190,1,547.18,371.90,166.55,411.42,0.7776,-1,-1,-1
190,2,94.67,82.92,486.73,1200.67,0.6400,-1,-1,-1
190,6,459.55,391.93,135.76,417.93,0.7213,-1,-1,-1
190,9,722.81,-82.06,449.00,1303.01,0.7451,-1,-1,-1
190,11,1592.99,395.51,125.16,262.06,0.7606,-1,-1,-1
190,12,678.74,398.53,140.17,415.99,0.6977,-1,-1,-1
190,13,1402.79,437.49,98.26,247.39,0.9594,-1,-1,-1
190,15,1363.02,537.48,64.38,150.94,0.9110,-1,-1,-1
190,16,64.58,209.27,345.74,791.25,0.3907,-1,-1,-1
190,17,1440.81,423.07,103.87,234.15,0.8436,-1,-1,-1
190,19,544.35,371.76,162.71,411.74,0.7703,-1,-1,-1
191,1,550.26,371.43,167.41,412.36,0.7785,-1,-1,-1
191,2,30.14,81.71,496.75,1214.26,0.5745,-1,-1,-1
191,6,467.83,391.72,134.11,417.17,0.7325,-1,-1,-1
191,9,706.81,-83.34,452.07,1310.87,0.7384,-1,-1,-1
191,11,1595.08,396.31,124.93,260.36,0.7672,-1,-1,-1
191,12,701.84,391.37,146.18,422.22,0.7035,-1,-1,-1
191,13,1403.40,437.10,98.52,248.83,0.9411,-1,-1,-1
191,15,1365.92,537.41,64.68,151.16,0.9370,-1,-1,-1
191,16,92.32,211.55,332.38,785.31,0.4186,-1,-1,-1
191,17,1441.83,425.13,111.10,233.00,0.8015,-1,-1,-1
192,1,558.26,376.89,170.05,407.01,0.7877,-1,-1,-1
192,2,-27.67,68.54,508.20,1235.05,0.5332,-1,-1,-1
192,6,476.10,391.52,132.45,416.40,0.7436,-1,-1,-1
192,9,685.04,-89.70,457.14,1326.85,0.7456,-1,-1,-1
192,11,1598.37,395.62,125.49,260.93,0.7309,-1,-1,-1
192,12,724.93,384.21,152.18,428.45,0.7093,-1,-1,-1
192,13,1404.14,437.42,98.63,248.58,0.9353,-1,-1,-1
192,15,1369.70,538.49,64.81,150.93,0.9394,-1,-1,-1
192,16,120.05,213.82,319.01,779.36,0.4466,-1,-1,-1
192,17,1444.19,425.11,119.60,232.95,0.8325,-1,-1,-1
192,20,474.11,391.89,131.45,413.17,0.7663,-1,-1,-1
193,1,565.66,374.70,168.07,409.44,0.7917,-1,-1,-1
193,2,-74.10,68.30,512.66,1236.01,0.5227,-1,-1,-1
193,6,484.38,391.31,130.80,415.63,0.7547,-1,-1,-1
193,9,667.16,-92.95,459.06,1331.22,0.7594,-1,-1,-1
193,11,1601.94,397.52,124.56,258.48,0.7664,-1,-1,-1
193,12,748.03,377.04,158.19,434.68,0.7151,-1,-1,-1
193,13,1405.00,436.56,99.03,249.84,0.9307,-1,-1,-1
193,15,1372.24,537.73,65.22,152.32,0.9138,-1,-1,-1
193,16,147.79,216.10,305.65,773.42,0.4745,-1,-1,-1
193,17,1446.35,426.68,124.07,231.85,0.8350,-1,-1,-1
194,1,567.95,374.00,163.63,413.67,0.6637,-1,-1,-1
194,2,-118.91,65.42,520.33,1246.06,0.5150,-1,-1,-1
194,6,493.14,390.69,132.73,418.76,0.7727,-1,-1,-1
194,9,641.58,-99.59,465.33,1347.08,0.7547,-1,-1,-1
194,11,1604.04,398.39,125.01,257.15,0.7578,-1,-1,-1
194,12,771.12,369.88,164.19,440.91,0.7209,-1,-1,-1
194,13,1406.27,435.90,99.89,251.30,0.9819,-1,-1,-1
194,15,1374.65,536.74,65.56,153.77,0.9211,-1,-1,-1
194,16,175.53,218.38,292.29,767.47,0.5025,-1,-1,-1
194,17,1449.61,426.73,127.23,232.17,0.8201,-1,-1,-1
195,1,573.38,374.17,165.72,414.61,0.6664,-1,-1,-1
195,2,-160.72,68.47,525.00,1244.78,0.5011,-1,-1,-1
195,6,502.95,391.70,133.74,416.72,0.6991,-1,-1,-1
195,9,618.88,-105.40,469.33,1355.70,0.7530,-1,-1,-1
195,11,1605.93,399.14,125.38,256.36,0.7574,-1,-1,-1
195,12,794.22,362.72,170.20,447.14,0.7267,-1,-1,-1
195,13,1407.15,435.36,100.56,252.25,0.9787,-1,-1,-1
195,15,1377.67,536.16,65.90,154.32,0.8813,-1,-1,-1
195,16,194.34,217.39,305.79,774.91,0.6965,-1,-1,-1
195,17,1453.87,426.00,127.79,232.16,0.8251,-1,-1,-1
196,1,578.82,374.34,167.82,415.54,0.6691,-1,-1,-1
196,2,-201.83,80.80,532.46,1252.63,0.4833,-1,-1,-1
196,6,513.13,390.04,137.87,415.72,0.8050,-1,-1,-1
196,9,593.55,-111.51,473.68,1365.36,0.7422,-1,-1,-1
196,11,1608.47,398.33,125.15,255.80,0.7667,-1,-1,-1
196,12,817.31,355.56,176.20,453.37,0.7324,-1,-1,-1
196,13,1408.37,434.41,101.46,254.43,0.9750,-1,-1,-1
196,15,1380.20,534.72,66.78,155.83,0.9162,-1,-1,-1
196,16,211.33,221.68,305.44,761.45,0.6417,-1,-1,-1
196,17,1460.19,425.76,125.66,232.27,0.8965,-1,-1,-1
197,1,584.25,374.51,169.91,416.48,0.6719,-1,-1,-1
197,2,-243.77,77.41,536.66,1252.26,0.4336,-1,-1,-1
197,6,516.10,389.62,143.78,419.10,0.7024,-1,-1,-1
197,9,566.61,-111.32,474.70,1364.42,0.7534,-1,-1,-1
197,11,1610.36,397.74,125.32,255.81,0.7560,-1,-1,-1
197,12,840.41,348.40,182.21,459.60,0.7382,-1,-1,-1
197,13,1409.02,434.16,101.50,254.10,0.8778,-1,-1,-1
197,15,1383.03,535.14,66.43,155.90,0.9378,-1,-1,-1
197,16,230.64,221.68,307.28,758.94,0.7079,-1,-1,-1
197,17,1465.93,425.18,122.08,231.72,0.8819,-1,-1,-1
198,1,589.69,374.68,172.01,417.42,0.6746,-1,-1,-1
198,2,-289.65,71.45,541.96,1250.60,0.4457,-1,-1,-1
198,6,519.06,389.20,149.70,422.48,0.5998,-1,-1,-1
198,9,541.82,-105.87,474.91,1358.76,0.7513,-1,-1,-1
198,11,1612.92,397.91,125.00,255.00,0.7358,-1,-1,-1
198,12,863.50,341.24,188.21,465.83,0.7440,-1,-1,-1
198,13,1410.28,433.67,101.12,253.10,0.8984,-1,-1,-1
198,15,1385.35,536.04,66.86,156.01,0.8680,-1,-1,-1
198,16,242.56,221.78,314.65,752.44,0.6748,-1,-1,-1
198,17,1471.47,424.09,117.40,232.58,0.8563,-1,-1,-1
199,1,595.12,374.85,174.10,418.35,0.6773,-1,-1,-1
199,2,-331.14,56.64,555.38,1272.33,0.4352,-1,-1,-1
199,9,510.51,-118.28,484.73,1379.68,0.7502,-1,-1,-1
199,11,1614.96,395.77,125.44,256.45,0.7434,-1,-1,-1
199,12,886.60,334.07,194.22,472.06,0.7498,-1,-1,-1
199,13,1411.86,433.32,102.01,253.98,0.8916,-1,-1,-1
199,15,1387.98,535.10,67.27,157.16,0.9021,-1,-1,-1
199,16,260.80,221.94,317.92,747.98,0.7177,-1,-1,-1
199,17,1479.86,423.08,111.06,233.36,0.8646,-1,-1,-1
200,1,600.56,375.02,176.20,419.29,0.6800,-1,-1,-1
200,2,-361.97,38.42,559.84,1280.83,0.4608,-1,-1,-1
200,9,481.08,-115.97,491.08,1384.31,0.7789,-1,-1,-1
200,11,1617.93,395.69,124.97,255.94,0.7369,-1,-1,-1
200,12,909.69,326.91,200.22,478.29,0.7556,-1,-1,-1
200,13,1413.13,433.37,102.04,253.96,0.9726,-1,-1,-1
200,15,1391.15,534.47,68.26,158.69,0.9150,-1,-1,-1
200,16,276.03,218.32,322.43,742.64,0.6658,-1,-1,-1
200,17,1486.77,423.27,105.62,236.69,0.7960,-1,-1,-1
200,21,922.33,318.97,182.87,487.08,0.7525,-1,-1,-1
201,1,605.99,375.19,178.29,420.23,0.6827,-1,-1,-1
201,9,450.09,-128.58,499.27,1399.21,0.7812,-1,-1,-1
201,11,1620.59,394.50,124.95,256.89,0.7465,-1,-1,-1
201,12,932.79,319.75,206.23,484.52,0.7614,-1,-1,-1
201,13,1414.64,433.75,102.64,253.68,0.9092,-1,-1,-1
201,15,1394.50,535.11,68.00,158.90,0.9622,-1,-1,-1
201,16,291.05,224.77,322.93,734.55,0.7218,-1,-1,-1
201,17,1495.40,422.84,99.47,235.61,0.8751,-1,-1,-1
202,1,611.42,375.35,180.38,421.16,0.6855,-1,-1,-1
202,9,418.15,-126.03,502.91,1393.50,0.7472,-1,-1,-1
202,11,1624.35,393.87,124.21,255.79,0.7460,-1,-1,-1
202,12,940.85,321.43,223.95,478.66,0.7413,-1,-1,-1
202,13,1415.33,433.65,103.69,255.02,0.9252,-1,-1,-1
202,15,1397.05,534.47,67.96,160.02,0.9501,-1,-1,-1
202,16,306.18,225.87,326.13,729.94,0.7221,-1,-1,-1
202,17,1503.83,422.25,92.96,231.63,0.8658,-1,-1,-1
202,22,188.49,261.22,221.13,647.22,0.6260,-1,-1,-1
203,1,616.86,375.52,182.48,422.10,0.6882,-1,-1,-1
203,9,377.86,-134.06,515.77,1413.85,0.7811,-1,-1,-1
203,11,1628.54,394.72,123.12,254.53,0.7618,-1,-1,-1
203,12,948.79,324.60,232.92,474.46,0.7266,-1,-1,-1
203,13,1416.55,433.62,104.57,255.97,0.9330,-1,-1,-1
203,15,1399.74,533.72,67.86,160.90,0.9192,-1,-1,-1
203,16,325.76,229.04,321.94,723.54,0.7108,-1,-1,-1
203,17,1511.40,421.45,89.61,231.98,0.8952,-1,-1,-1
203,22,214.21,258.88,207.19,641.95,0.6026,-1,-1,-1
204,1,622.29,375.69,184.57,423.03,0.6909,-1,-1,-1
204,9,346.19,-136.35,526.18,1423.30,0.7678,-1,-1,-1
204,11,1634.43,396.43,122.30,252.43,0.7572,-1,-1,-1
204,12,953.94,324.20,235.49,469.29,0.7457,-1,-1,-1
204,13,1421.05,433.22,103.56,256.12,0.9297,-1,-1,-1
204,15,1403.30,534.71,67.84,160.86,0.9554,-1,-1,-1
204,16,345.35,232.21,317.76,717.15,0.6995,-1,-1,-1
204,17,1518.56,420.46,87.56,233.28,0.8427,-1,-1,-1
204,22,231.60,260.37,211.03,639.03,0.4507,-1,-1,-1
205,1,627.73,375.86,186.67,423.97,0.6936,-1,-1,-1
205,9,301.43,-139.64,541.16,1436.85,0.7467,-1,-1,-1
205,11,1639.46,397.76,120.89,249.69,0.7822,-1,-1,-1
205,12,962.38,326.06,229.25,467.36,0.7482,-1,-1,-1
205,13,1422.09,433.04,104.02,256.98,0.9103,-1,-1,-1
205,15,1406.20,535.14,67.70,160.33,0.9409,-1,-1,-1
205,16,364.93,235.38,313.57,710.75,0.6882,-1,-1,-1
205,17,1524.65,421.56,86.38,232.63,0.8586,-1,-1,-1
205,22,250.22,269.33,211.89,633.01,0.5369,-1,-1,-1
206,1,633.16,376.03,188.76,424.91,0.6964,-1,-1,-1
206,9,247.98,-159.06,565.73,1479.55,0.7573,-1,-1,-1
206,11,1643.86,398.67,119.66,247.29,0.7861,-1,-1,-1
206,12,971.08,319.88,227.30,477.71,0.7890,-1,-1,-1
206,13,1425.47,432.27,103.78,256.38,0.9483,-1,-1,-1
206,15,1409.50,535.82,67.26,159.91,0.9063,-1,-1,-1
206,16,384.51,238.55,309.39,704.36,0.6769,-1,-1,-1
206,17,1530.86,422.80,87.15,231.48,0.8994,-1,-1,-1
206,22,268.84,278.29,212.75,626.99,0.6231,-1,-1,-1
206,23,851.57,398.35,211.50,387.59,0.7309,-1,-1,-1
207,1,638.60,376.20,190.86,425.84,0.6991,-1,-1,-1
207,9,207.80,-152.51,572.49,1471.75,0.7175,-1,-1,-1
207,11,1646.75,398.92,118.88,245.82,0.7240,-1,-1,-1
207,12,979.87,323.19,216.26,471.51,0.7807,-1,-1,-1
207,13,1427.76,431.08,104.44,258.54,0.9386,-1,-1,-1
207,15,1412.34,535.47,67.12,160.66,0.8829,-1,-1,-1
207,16,404.10,241.71,305.20,697.96,0.6657,-1,-1,-1
207,17,1535.36,423.04,89.48,232.74,0.8722,-1,-1,-1
207,22,283.35,280.20,216.52,622.65,0.6374,-1,-1,-1
207,23,863.54,396.94,210.36,385.77,0.6896,-1,-1,-1
208,1,644.03,376.37,192.95,426.78,0.7018,-1,-1,-1
208,9,172.91,-142.65,575.04,1453.72,0.7117,-1,-1,-1
208,11,1649.24,398.73,118.86,246.64,0.7327,-1,-1,-1
208,12,989.60,324.84,207.65,464.83,0.7652,-1,-1,-1
208,13,1429.89,430.31,104.81,260.31,0.9122,-1,-1,-1
208,15,1415.31,536.08,66.98,160.31,0.8994,-1,-1,-1
208,16,423.68,244.88,301.02,691.56,0.6544,-1,-1,-1
208,17,1538.59,424.73,90.63,231.33,0.8651,-1,-1,-1
208,22,297.87,282.11,220.30,618.30,0.6517,-1,-1,-1
208,23,865.89,397.16,208.19,387.01,0.7259,-1,-1,-1
209,1,641.03,379.58,173.11,424.16,0.7796,-1,-1,-1
209,9,125.30,-150.37,587.38,1471.23,0.6914,-1,-1,-1
209,11,1652.57,399.15,118.03,245.23,0.7594,-1,-1,-1
209,12,1010.88,327.46,198.96,460.24,0.7437,-1,-1,-1
209,13,1432.30,429.13,105.88,263.18,0.9042,-1,-1,-1
209,15,1418.24,536.20,66.94,160.49,0.9164,-1,-1,-1
209,16,443.27,248.05,296.83,685.17,0.6431,-1,-1,-1
209,17,1544.27,426.41,93.53,229.70,0.8174,-1,-1,-1
209,22,312.38,284.02,224.07,613.96,0.6660,-1,-1,-1
209,23,886.33,394.48,189.40,385.65,0.7711,-1,-1,-1
210,1,659.22,377.10,173.43,423.05,0.7023,-1,-1,-1
210,9,88.80,-141.63,586.99,1456.84,0.7098,-1,-1,-1
210,11,1655.65,399.25,117.17,244.40,0.7540,-1,-1,-1
210,12,1030.38,327.41,190.24,460.92,0.7376,-1,-1,-1
210,13,1434.40,428.04,106.76,266.02,0.8926,-1,-1,-1
210,15,1420.15,535.52,66.91,161.48,0.9064,-1,-1,-1
210,16,462.85,251.22,292.65,678.77,0.6318,-1,-1,-1
210,17,1547.92,426.88,95.88,229.22,0.8428,-1,-1,-1
210,22,326.89,285.94,227.84,609.62,0.6804,-1,-1,-1
210,23,902.94,394.65,174.76,384.58,0.7547,-1,-1,-1
211,1,680.33,374.34,170.04,414.84,0.7322,-1,-1,-1
211,9,39.12,-155.85,596.89,1474.58,0.6729,-1,-1,-1
211,11,1659.57,398.81,116.92,243.85,0.7268,-1,-1,-1
211,12,1055.14,330.38,183.66,455.50,0.7581,-1,-1,-1
211,13,1436.81,426.43,106.73,268.02,0.8925,-1,-1,-1
211,15,1423.26,535.82,66.62,161.62,0.9242,-1,-1,-1
211,16,487.91,251.47,291.08,669.21,0.7539,-1,-1,-1
211,17,1552.45,425.48,96.55,229.74,0.8525,-1,-1,-1
211,22,341.41,287.85,231.61,605.27,0.6947,-1,-1,-1
211,23,918.92,391.50,158.12,385.70,0.8357,-1,-1,-1
212,1,677.63,375.90,178.83,416.14,0.7468,-1,-1,-1
212,9,-12.23,-162.52,603.12,1489.01,0.6555,-1,-1,-1
212,11,1663.69,397.88,116.75,243.81,0.7225,-1,-1,-1
212,12,1076.19,332.08,179.71,453.07,0.7429,-1,-1,-1
212,13,1439.56,427.34,105.80,267.38,0.9215,-1,-1,-1
212,15,1425.98,536.19,66.61,161.89,0.9421,-1,-1,-1
212,16,502.07,259.59,295.33,661.29,0.7231,-1,-1,-1
212,17,1558.71,424.85,96.27,228.11,0.8023,-1,-1,-1
212,22,355.92,289.76,235.38,600.93,0.7090,-1,-1,-1
212,23,930.31,391.99,145.60,384.57,0.7701,-1,-1,-1
213,1,674.53,375.32,190.65,419.17,0.6960,-1,-1,-1
213,9,-54.51,-174.71,607.74,1500.80,0.6257,-1,-1,-1
213,11,1666.64,397.38,116.94,244.34,0.7128,-1,-1,-1
213,12,1091.60,334.73,179.99,448.65,0.7553,-1,-1,-1
213,13,1444.58,427.23,105.61,267.99,0.8898,-1,-1,-1
213,15,1428.71,535.38,66.75,163.74,0.9003,-1,-1,-1
213,16,521.70,258.15,297.36,657.64,0.7627,-1,-1,-1
213,17,1564.92,422.80,95.57,228.36,0.8475,-1,-1,-1
213,22,370.44,291.67,239.16,596.58,0.7233,-1,-1,-1
213,23,943.77,394.03,135.05,380.75,0.7984,-1,-1,-1
214,1,676.08,379.27,196.29,418.28,0.7342,-1,-1,-1
214,9,-103.30,-174.36,607.57,1497.20,0.6022,-1,-1,-1
214,11,1669.63,398.06,116.67,243.65,0.7210,-1,-1,-1
214,12,1104.96,339.35,179.86,442.06,0.7743,-1,-1,-1
214,13,1449.49,428.02,104.96,267.55,0.8415,-1,-1,-1
214,15,1430.79,535.03,66.54,164.85,0.8832,-1,-1,-1
214,16,530.29,257.01,299.56,656.30,0.7357,-1,-1,-1
214,17,1573.96,421.77,95.67,229.42,0.8092,-1,-1,-1
214,22,384.95,293.58,242.93,592.24,0.7376,-1,-1,-1
214,23,955.65,396.40,126.72,381.15,0.7312,-1,-1,-1
215,1,683.09,382.69,198.29,416.33,0.7446,-1,-1,-1
215,9,-152.88,-188.19,612.62,1511.86,0.5574,-1,-1,-1
215,11,1672.40,398.10,116.14,243.03,0.7338,-1,-1,-1
215,12,1112.22,341.90,183.69,440.82,0.7549,-1,-1,-1
215,13,1452.97,428.60,104.64,267.34,0.9027,-1,-1,-1
215,15,1433.37,535.76,66.17,165.07,0.9140,-1,-1,-1
215,16,541.83,258.46,299.96,650.62,0.7360,-1,-1,-1
215,17,1581.72,422.42,94.59,227.74,0.8478,-1,-1,-1
215,22,400.27,286.12,243.36,598.65,0.7667,-1,-1,-1
215,23,961.96,399.93,127.46,379.60,0.7714,-1,-1,-1
216,1,693.43,382.33,199.79,415.94,0.7298,-1,-1,-1
216,9,-212.78,-194.00,615.39,1520.19,0.4963,-1,-1,-1
216,11,1674.35,398.71,115.98,242.59,0.7342,-1,-1,-1
216,12,1119.11,340.47,184.21,444.71,0.7358,-1,-1,-1
216,13,1455.40,427.38,104.59,268.01,0.9183,-1,-1,-1
216,15,1437.28,536.36,65.53,164.62,0.8885,-1,-1,-1
216,16,548.99,256.86,300.82,652.38,0.7595,-1,-1,-1
216,17,1590.83,423.71,94.60,226.07,0.7698,-1,-1,-1
216,22,421.65,279.83,232.41,604.34,0.7371,-1,-1,-1
216,23,971.63,401.45,126.85,374.78,0.8272,-1,-1,-1
217,1,704.87,382.58,196.67,415.37,0.7677,-1,-1,-1
217,9,-261.97,-193.98,616.86,1525.42,0.4937,-1,-1,-1
217,11,1678.77,400.14,114.93,240.32,0.7023,-1,-1,-1
217,12,1125.85,344.62,183.32,440.58,0.7381,-1,-1,-1
217,13,1457.49,426.82,104.29,268.31,0.8977,-1,-1,-1
217,15,1439.72,537.97,65.03,164.61,0.9240,-1,-1,-1
217,16,561.56,259.76,297.79,648.04,0.7582,-1,-1,-1
217,17,1598.15,424.03,94.82,224.95,0.7828,-1,-1,-1
217,22,443.65,279.83,225.47,601.67,0.7609,-1,-1,-1
217,23,979.55,404.76,127.13,370.73,0.8466,-1,-1,-1
218,1,718.96,384.18,189.93,410.35,0.8158,-1,-1,-1
218,9,-306.34,-195.10,616.26,1526.26,0.4942,-1,-1,-1
218,11,1681.59,399.58,114.33,239.69,0.7394,-1,-1,-1
218,12,1132.48,345.92,180.92,440.03,0.7699,-1,-1,-1
218,13,1460.44,425.68,103.85,268.10,0.8797,-1,-1,-1
218,15,1442.72,539.49,64.19,163.02,0.9360,-1,-1,-1
218,16,578.37,264.25,289.30,638.96,0.7547,-1,-1,-1
218,17,1603.69,423.02,95.87,225.48,0.7807,-1,-1,-1
218,22,464.82,279.62,217.75,603.99,0.6887,-1,-1,-1
218,23,990.76,406.52,126.63,367.78,0.8475,-1,-1,-1
219,1,730.58,384.81,185.25,410.69,0.7910,-1,-1,-1
219,9,-363.34,-204.81,621.74,1541.61,0.4588,-1,-1,-1
219,11,1684.56,400.13,113.94,239.23,0.7291,-1,-1,-1
219,12,1138.45,346.67,179.55,437.13,0.7489,-1,-1,-1
219,13,1462.45,425.12,103.62,269.18,0.8294,-1,-1,-1
219,15,1445.75,538.99,64.19,163.49,0.8938,-1,-1,-1
219,16,599.85,264.95,282.97,636.06,0.7594,-1,-1,-1
219,17,1610.23,422.77,98.21,226.37,0.7918,-1,-1,-1
219,22,485.87,278.46,209.26,596.44,0.6939,-1,-1,-1
219,23,1002.56,408.75,125.28,362.57,0.8618,-1,-1,-1
219,24,115.21,275.20,351.90,732.22,0.6296,-1,-1,-1
220,1,742.92,391.04,177.88,405.68,0.8214,-1,-1,-1
220,9,-422.27,-219.35,633.10,1574.24,0.4260,-1,-1,-1
220,11,1687.40,401.04,114.34,240.11,0.7221,-1,-1,-1
220,12,1142.00,345.07,180.00,440.52,0.7647,-1,-1,-1
220,13,1464.62,425.32,103.21,269.28,0.8611,-1,-1,-1
220,15,1448.60,538.12,64.01,164.32,0.9121,-1,-1,-1
220,16,623.71,267.63,272.72,627.79,0.7489,-1,-1,-1
220,17,1613.87,422.83,100.28,226.48,0.7714,-1,-1,-1
220,22,505.08,279.27,205.93,592.05,0.7334,-1,-1,-1
220,23,1014.00,409.92,121.36,355.20,0.8918,-1,-1,-1
220,24,147.01,280.94,354.08,718.38,0.6567,-1,-1,-1
221,1,758.75,389.17,176.22,407.57,0.7781,-1,-1,-1
221,11,1690.27,399.84,114.93,242.45,0.6956,-1,-1,-1
221,12,1149.23,347.72,176.09,435.05,0.7793,-1,-1,-1
221,13,1468.85,426.10,102.55,268.40,0.9118,-1,-1,-1
221,15,1451.92,536.44,64.30,166.04,0.9156,-1,-1,-1
221,16,652.72,267.06,262.59,622.53,0.6949,-1,-1,-1
221,17,1618.73,422.38,103.19,226.66,0.7347,-1,-1,-1
221,22,520.87,281.17,206.29,585.66,0.7428,-1,-1,-1
221,23,1025.61,409.87,119.75,354.28,0.8460,-1,-1,-1
221,24,169.98,282.29,363.11,715.85,0.6222,-1,-1,-1
222,1,772.95,382.09,175.88,410.70,0.7802,-1,-1,-1
222,11,1693.87,400.14,113.93,240.61,0.7382,-1,-1,-1
222,12,1155.07,346.19,172.32,431.98,0.7782,-1,-1,-1
222,13,1473.72,426.14,102.14,267.90,0.8940,-1,-1,-1
222,15,1455.70,536.29,64.09,165.85,0.8585,-1,-1,-1
222,16,672.12,273.41,255.87,613.71,0.7519,-1,-1,-1
222,17,1625.66,422.12,107.41,227.32,0.7012,-1,-1,-1
222,22,537.04,282.94,209.83,583.68,0.7708,-1,-1,-1
222,23,1037.73,409.43,117.08,351.22,0.8824,-1,-1,-1
222,24,178.18,276.87,384.36,720.31,0.6379,-1,-1,-1
223,1,788.39,382.81,177.81,408.90,0.7595,-1,-1,-1
223,11,1697.55,400.99,113.05,239.17,0.7530,-1,-1,-1
223,12,1161.74,346.10,168.32,428.71,0.7649,-1,-1,-1
223,13,1477.97,426.38,102.11,268.04,0.8740,-1,-1,-1
223,15,1459.50,537.00,63.84,165.36,0.9125,-1,-1,-1
223,16,694.38,270.69,253.87,615.31,0.7322,-1,-1,-1
223,17,1629.31,421.95,111.11,226.97,0.6738,-1,-1,-1
223,22,548.37,290.74,215.11,577.04,0.7517,-1,-1,-1
223,23,1049.39,409.97,114.50,347.82,0.8647,-1,-1,-1
223,24,191.76,283.08,385.03,707.11,0.6344,-1,-1,-1
224,1,799.58,386.31,180.08,402.84,0.7030,-1,-1,-1
224,11,1700.49,400.94,112.48,238.71,0.7531,-1,-1,-1
224,12,1167.71,345.03,164.14,427.82,0.7208,-1,-1,-1
224,13,1482.44,426.00,102.93,269.40,0.8040,-1,-1,-1
224,15,1463.36,537.59,63.79,165.35,0.9084,-1,-1,-1
224,16,713.77,271.84,250.33,609.11,0.7605,-1,-1,-1
224,17,1633.42,421.90,114.03,226.60,0.6824,-1,-1,-1
224,22,558.50,296.20,216.60,572.34,0.7691,-1,-1,-1
224,23,1059.92,412.16,113.49,345.71,0.8576,-1,-1,-1
224,24,173.70,307.72,370.34,652.28,0.5931,-1,-1,-1
225,1,810.54,384.90,183.78,403.49,0.7365,-1,-1,-1
225,11,1703.84,401.28,111.80,237.95,0.7482,-1,-1,-1
225,12,1174.07,344.72,160.44,424.56,0.7724,-1,-1,-1
225,13,1486.52,424.59,103.74,271.09,0.8637,-1,-1,-1
225,15,1466.88,536.64,64.04,166.28,0.9211,-1,-1,-1
225,16,730.58,271.59,248.91,608.47,0.7627,-1,-1,-1
225,17,1636.99,421.91,115.19,226.86,0.7024,-1,-1,-1
225,22,571.29,294.59,216.53,567.82,0.7702,-1,-1,-1
225,23,1067.93,412.57,113.34,343.70,0.8488,-1,-1,-1
225,24,164.39,310.25,358.66,636.05,0.6121,-1,-1,-1
226,1,816.73,384.32,181.78,403.06,0.7393,-1,-1,-1
226,11,1707.26,401.70,111.39,236.97,0.7587,-1,-1,-1
226,12,1177.70,346.18,156.64,420.48,0.7293,-1,-1,-1
226,13,1491.01,424.62,104.05,270.78,0.8862,-1,-1,-1
226,15,1470.77,535.12,64.77,168.87,0.8953,-1,-1,-1
226,16,746.30,273.02,249.54,609.37,0.7701,-1,-1,-1
226,17,1641.34,422.60,115.24,226.43,0.7457,-1,-1,-1
226,22,586.02,293.45,212.78,562.76,0.7654,-1,-1,-1
226,23,1077.14,410.99,114.55,343.23,0.8677,-1,-1,-1
226,24,162.19,307.23,350.30,627.43,0.6366,-1,-1,-1
227,1,822.92,383.74,179.79,402.64,0.7421,-1,-1,-1
227,11,1710.24,402.04,110.72,235.52,0.7581,-1,-1,-1
227,12,1181.63,346.12,153.75,419.39,0.7467,-1,-1,-1
227,13,1495.03,425.09,104.82,271.19,0.8727,-1,-1,-1
227,15,1474.22,533.98,64.93,169.37,0.8864,-1,-1,-1
227,16,762.22,273.78,248.12,604.11,0.7709,-1,-1,-1
227,17,1645.76,422.64,113.11,225.51,0.7950,-1,-1,-1
227,22,596.14,292.22,210.72,561.09,0.7650,-1,-1,-1
227,23,1083.26,411.84,115.53,341.46,0.8816,-1,-1,-1
227,24,171.90,309.40,338.76,616.20,0.6236,-1,-1,-1
228,1,829.11,383.16,177.79,402.21,0.7450,-1,-1,-1
228,11,1712.19,403.88,109.91,234.82,0.7169,-1,-1,-1
228,12,1189.41,345.41,152.84,419.35,0.6523,-1,-1,-1
228,13,1498.99,423.40,106.14,273.17,0.8827,-1,-1,-1
228,15,1476.66,535.10,64.53,167.91,0.8972,-1,-1,-1
228,16,773.66,270.03,248.25,604.94,0.7942,-1,-1,-1
228,17,1649.27,422.66,111.35,225.52,0.7971,-1,-1,-1
228,22,607.36,292.86,206.94,556.86,0.7512,-1,-1,-1
228,23,1087.18,415.41,116.30,336.41,0.8653,-1,-1,-1
228,24,186.44,307.39,331.58,614.26,0.6761,-1,-1,-1
228,25,342.80,278.74,253.91,682.03,0.7696,-1,-1,-1
229,1,835.30,382.58,175.80,401.78,0.7478,-1,-1,-1
229,11,1716.21,403.74,109.22,233.73,0.7022,-1,-1,-1
229,12,1195.03,346.47,150.11,415.92,0.7118,-1,-1,-1
229,13,1502.29,423.49,107.11,274.15,0.8338,-1,-1,-1
229,15,1480.40,535.02,64.69,167.86,0.8999,-1,-1,-1
229,16,786.78,268.99,246.73,603.11,0.7720,-1,-1,-1
229,17,1658.35,422.24,109.02,225.90,0.7959,-1,-1,-1
229,22,621.69,293.04,201.67,554.43,0.7006,-1,-1,-1
229,23,1095.62,417.79,118.43,333.30,0.7980,-1,-1,-1
229,24,199.03,304.69,321.44,609.75,0.6181,-1,-1,-1
229,25,386.26,283.20,227.77,672.69,0.7373,-1,-1,-1
230,1,841.49,382.01,173.80,401.36,0.7506,-1,-1,-1
230,11,1721.09,405.74,108.02,230.72,0.7083,-1,-1,-1
230,12,1200.02,342.73,149.94,420.02,0.7312,-1,-1,-1
230,13,1504.74,423.39,107.63,273.71,0.8258,-1,-1,-1
230,15,1484.52,535.62,64.74,167.74,0.8807,-1,-1,-1
230,16,793.48,270.55,242.53,595.42,0.7820,-1,-1,-1
230,17,1666.73,422.09,106.88,226.04,0.7908,-1,-1,-1
230,22,633.55,291.07,196.88,556.69,0.6445,-1,-1,-1
230,23,1103.28,418.28,120.61,333.10,0.8429,-1,-1,-1
230,24,219.84,303.82,303.19,606.91,0.7228,-1,-1,-1
230,25,414.83,288.22,216.81,661.70,0.7370,-1,-1,-1
231,1,847.68,381.43,171.81,400.93,0.7534,-1,-1,-1
231,11,1723.27,404.53,108.34,231.50,0.6187,-1,-1,-1
231,12,1209.47,345.51,146.35,416.02,0.7525,-1,-1,-1
231,13,1508.15,424.05,107.58,272.90,0.8806,-1,-1,-1
231,15,1488.07,535.66,64.89,167.56,0.8600,-1,-1,-1
231,16,808.16,271.05,238.63,591.88,0.7650,-1,-1,-1
231,17,1676.04,421.82,104.63,225.35,0.7724,-1,-1,-1
231,22,648.93,293.75,192.44,550.44,0.7001,-1,-1,-1
231,23,1109.44,419.14,120.81,330.95,0.8498,-1,-1,-1
231,24,248.85,303.64,280.00,601.00,0.6682,-1,-1,-1
231,25,431.02,287.11,227.00,663.25,0.7582,-1,-1,-1
232,1,853.87,380.85,169.81,400.50,0.7562,-1,-1,-1
232,11,1725.31,403.03,108.25,232.09,0.6260,-1,-1,-1
232,12,1220.61,347.58,145.06,413.30,0.7521,-1,-1,-1
232,13,1511.31,425.27,107.21,271.99,0.8951,-1,-1,-1
232,15,1491.88,534.10,65.67,169.79,0.8550,-1,-1,-1
232,16,821.63,270.86,234.37,588.99,0.7624,-1,-1,-1
232,17,1685.19,421.19,102.91,225.14,0.8061,-1,-1,-1
232,22,662.71,296.86,190.59,547.24,0.7201,-1,-1,-1
232,23,1116.24,419.75,120.35,328.24,0.7831,-1,-1,-1
232,24,278.32,304.78,253.59,595.02,0.6193,-1,-1,-1
232,25,446.04,289.62,241.73,660.95,0.7583,-1,-1,-1
233,1,860.06,380.27,167.82,400.08,0.7590,-1,-1,-1
233,11,1728.80,403.53,107.78,231.46,0.7116,-1,-1,-1
233,12,1229.85,349.80,142.23,408.63,0.7435,-1,-1,-1
233,13,1512.87,425.71,106.97,271.75,0.9004,-1,-1,-1
233,15,1495.14,533.33,66.52,170.36,0.8716,-1,-1,-1
233,16,834.23,271.69,229.00,585.17,0.7379,-1,-1,-1
233,17,1690.11,421.41,100.88,224.27,0.7982,-1,-1,-1
233,22,678.21,297.63,190.32,541.94,0.7535,-1,-1,-1
233,23,1124.30,418.22,119.25,327.23,0.8907,-1,-1,-1
233,24,311.41,308.00,227.24,590.75,0.5463,-1,-1,-1
233,25,460.84,292.77,250.49,655.06,0.7857,-1,-1,-1
234,1,866.25,379.69,165.82,399.65,0.7619,-1,-1,-1
234,11,1733.47,404.35,107.08,229.56,0.6825,-1,-1,-1
234,12,1240.93,349.06,140.35,404.66,0.7728,-1,-1,-1
234,13,1514.79,424.53,106.54,271.64,0.9011,-1,-1,-1
234,15,1500.91,533.11,67.41,169.90,0.8746,-1,-1,-1
234,16,849.46,272.41,220.95,574.94,0.7074,-1,-1,-1
234,17,1693.90,418.91,99.83,227.13,0.7216,-1,-1,-1
234,22,694.44,301.12,191.50,530.31,0.7737,-1,-1,-1
234,23,1132.31,416.14,118.38,329.22,0.8851,-1,-1,-1
234,24,340.25,310.20,212.08,586.33,0.6876,-1,-1,-1
234,25,482.97,292.58,255.90,653.91,0.7952,-1,-1,-1
235,1,872.44,379.11,163.83,399.22,0.7647,-1,-1,-1
235,11,1734.60,403.41,107.97,231.02,0.7199,-1,-1,-1
235,12,1251.94,349.43,139.18,405.12,0.7901,-1,-1,-1
235,13,1516.55,423.81,106.32,273.01,0.8579,-1,-1,-1
235,15,1505.65,533.24,68.71,170.26,0.7782,-1,-1,-1
235,16,862.22,271.73,215.40,572.61,0.6690,-1,-1,-1
235,17,1699.49,419.43,97.98,225.82,0.7273,-1,-1,-1
235,22,706.80,303.97,195.55,524.94,0.7243,-1,-1,-1
235,23,1141.57,415.85,115.54,326.19,0.8502,-1,-1,-1
235,24,368.07,313.05,204.19,582.23,0.7446,-1,-1,-1
235,25,493.53,297.13,263.97,647.92,0.7565,-1,-1,-1
236,1,878.63,378.53,161.83,398.80,0.7675,-1,-1,-1
236,11,1738.37,403.01,107.13,229.59,0.7336,-1,-1,-1
236,12,1262.62,352.29,137.73,403.53,0.7761,-1,-1,-1
236,13,1518.52,423.72,105.69,273.62,0.8342,-1,-1,-1
236,15,1512.12,533.64,70.32,169.47,0.8146,-1,-1,-1
236,16,877.76,273.79,212.99,571.30,0.7407,-1,-1,-1
236,17,1704.94,420.72,97.09,226.06,0.6897,-1,-1,-1
236,22,722.78,306.33,202.68,523.39,0.7365,-1,-1,-1
236,23,1148.72,415.84,113.83,323.59,0.8853,-1,-1,-1
236,24,393.13,313.91,205.59,578.45,0.7465,-1,-1,-1
236,25,500.85,299.10,270.95,642.96,0.7662,-1,-1,-1
237,1,884.82,377.95,159.84,398.37,0.7703,-1,-1,-1
237,11,1741.94,402.22,107.26,229.88,0.6871,-1,-1,-1
237,12,1271.19,351.34,138.27,402.86,0.7882,-1,-1,-1
237,13,1521.05,423.90,105.04,274.09,0.8443,-1,-1,-1
237,15,1516.17,533.07,72.85,170.99,0.8151,-1,-1,-1
237,16,896.62,279.33,209.92,563.66,0.7401,-1,-1,-1
237,17,1710.74,420.91,95.46,224.38,0.6980,-1,-1,-1
237,22,734.18,309.07,208.12,517.92,0.7369,-1,-1,-1
237,23,1156.02,417.40,111.70,320.05,0.8859,-1,-1,-1
237,24,414.92,317.55,210.53,572.37,0.7482,-1,-1,-1
237,25,512.90,298.85,268.75,637.11,0.7426,-1,-1,-1
238,1,891.01,377.37,157.84,397.94,0.7731,-1,-1,-1
238,11,1745.00,402.69,106.53,229.31,0.6983,-1,-1,-1
238,12,1278.72,351.17,139.27,402.48,0.7704,-1,-1,-1
238,13,1522.23,423.87,104.54,274.51,0.8520,-1,-1,-1
238,15,1520.45,532.36,75.75,171.97,0.7770,-1,-1,-1
238,16,913.30,282.31,210.49,560.69,0.7507,-1,-1,-1
238,17,1716.09,425.00,92.76,218.70,0.7185,-1,-1,-1
238,22,741.86,315.75,212.60,511.61,0.7413,-1,-1,-1
238,23,1162.75,417.81,110.53,320.24,0.8871,-1,-1,-1
238,24,435.35,316.07,218.52,575.72,0.7590,-1,-1,-1
238,25,530.08,300.79,262.22,626.77,0.7372,-1,-1,-1
239,1,897.20,376.79,155.84,397.51,0.7760,-1,-1,-1
239,11,1746.72,403.10,106.49,229.22,0.7153,-1,-1,-1
239,12,1285.41,351.95,140.21,400.44,0.8047,-1,-1,-1
239,13,1525.43,423.65,104.22,275.56,0.5431,-1,-1,-1
239,15,1525.23,531.90,78.86,174.21,0.8072,-1,-1,-1
239,16,930.51,283.54,212.24,558.81,0.7480,-1,-1,-1
239,17,1722.37,424.12,92.22,219.24,0.7384,-1,-1,-1
239,22,744.08,317.09,216.05,507.42,0.7276,-1,-1,-1
239,23,1168.98,418.08,109.75,319.63,0.8764,-1,-1,-1
239,24,453.28,315.94,218.72,575.22,0.7486,-1,-1,-1
239,25,545.83,301.78,252.47,617.10,0.7203,-1,-1,-1
240,1,903.39,376.22,153.85,397.09,0.7788,-1,-1,-1
240,11,1749.59,402.83,106.41,228.73,0.7227,-1,-1,-1
240,12,1291.33,353.22,140.85,397.23,0.8104,-1,-1,-1
240,13,1526.92,424.48,102.97,275.89,0.8188,-1,-1,-1
240,15,1529.28,531.10,81.42,175.68,0.2289,-1,-1,-1
240,16,944.22,288.66,212.93,554.31,0.7416,-1,-1,-1
240,17,1727.98,423.14,91.74,220.50,0.7386,-1,-1,-1
240,22,747.42,315.08,222.02,512.75,0.7504,-1,-1,-1
240,23,1174.70,419.98,109.39,318.61,0.8963,-1,-1,-1
240,24,466.39,316.00,219.90,577.02,0.7516,-1,-1,-1
240,25,571.32,303.11,240.02,609.46,0.6902,-1,-1,-1
241,1,909.58,375.64,151.85,396.66,0.7816,-1,-1,-1
241,11,1752.87,403.72,106.13,228.03,0.7192,-1,-1,-1
241,12,1295.56,353.83,141.76,395.17,0.8160,-1,-1,-1
241,13,1528.31,423.28,102.53,278.45,0.8193,-1,-1,-1
241,15,1535.62,531.18,82.87,175.22,0.2283,-1,-1,-1
241,16,952.47,291.34,212.62,550.43,0.7435,-1,-1,-1
241,17,1734.18,421.93,91.51,221.44,0.2200,-1,-1,-1
241,22,754.72,314.01,222.61,511.30,0.7424,-1,-1,-1
241,23,1181.50,420.98,108.70,317.60,0.8925,-1,-1,-1
241,24,483.80,317.07,214.61,572.08,0.7301,-1,-1,-1
241,25,598.58,305.85,224.16,600.41,0.6818,-1,-1,-1
242,1,915.77,375.06,149.86,396.23,0.7844,-1,-1,-1
242,11,1756.48,404.73,105.90,227.67,0.2095,-1,-1,-1
242,12,1301.07,354.01,142.56,394.28,0.8026,-1,-1,-1
242,13,1530.64,422.49,101.35,278.39,0.8100,-1,-1,-1
242,15,1542.52,531.46,84.34,176.49,0.2360,-1,-1,-1
242,16,960.44,291.12,212.11,547.81,0.7656,-1,-1,-1
242,17,1740.92,420.69,91.34,223.08,0.7543,-1,-1,-1
242,22,762.47,313.95,220.33,507.95,0.7600,-1,-1,-1
242,23,1188.62,418.83,108.32,318.56,0.8902,-1,-1,-1
242,24,499.63,317.48,207.85,568.76,0.7286,-1,-1,-1
242,25,622.40,306.35,216.84,594.61,0.7449,-1,-1,-1
243,1,921.96,374.48,147.86,395.81,0.7872,-1,-1,-1
243,11,1760.26,405.75,105.03,225.81,0.7190,-1,-1,-1
243,12,1305.41,355.11,142.72,390.49,0.7982,-1,-1,-1
243,13,1531.40,421.71,100.32,279.20,0.7747,-1,-1,-1
243,15,1549.10,531.15,85.40,176.79,0.8214,-1,-1,-1
243,16,967.10,291.86,211.09,544.04,0.7601,-1,-1,-1
243,17,1747.16,420.12,90.96,223.77,0.2176,-1,-1,-1
243,22,777.03,314.15,217.12,506.15,0.7702,-1,-1,-1
243,23,1194.35,419.89,106.86,316.22,0.8905,-1,-1,-1
243,24,519.81,318.91,198.61,563.37,0.6972,-1,-1,-1
243,25,638.52,310.81,214.60,589.72,0.7483,-1,-1,-1
244,1,928.15,373.90,145.87,395.38,0.7900,-1,-1,-1
244,11,1764.04,406.06,103.52,221.83,0.6831,-1,-1,-1
244,12,1309.41,357.12,142.79,386.57,0.7664,-1,-1,-1
244,13,1532.44,420.55,99.30,280.05,0.7621,-1,-1,-1
244,15,1556.28,531.17,86.29,177.64,0.7710,-1,-1,-1
244,16,975.44,290.57,207.61,536.56,0.7732,-1,-1,-1
244,17,1754.17,421.69,89.49,220.95,0.2167,-1,-1,-1
244,22,789.69,313.00,215.61,512.01,0.7126,-1,-1,-1
244,23,1199.78,420.24,105.12,313.07,0.8979,-1,-1,-1
244,24,542.75,321.88,185.48,548.68,0.6328,-1,-1,-1
244,25,655.82,312.85,217.48,587.81,0.7525,-1,-1,-1
245,1,934.34,373.32,143.87,394.95,0.7929,-1,-1,-1
245,11,1766.02,405.14,104.44,224.17,0.7175,-1,-1,-1
245,12,1312.12,358.92,142.53,383.36,0.8052,-1,-1,-1
245,13,1534.11,421.19,97.72,278.82,0.7715,-1,-1,-1
245,15,1562.48,530.22,86.87,178.29,0.7969,-1,-1,-1
245,16,984.53,288.68,206.23,537.46,0.7516,-1,-1,-1
245,17,1758.11,421.62,89.07,220.77,0.2167,-1,-1,-1
245,22,803.72,313.33,210.35,509.15,0.7253,-1,-1,-1
245,23,1205.33,420.04,103.81,311.12,0.8725,-1,-1,-1
245,24,559.89,322.26,175.91,548.14,0.5523,-1,-1,-1
245,25,665.20,312.45,223.15,586.70,0.7605,-1,-1,-1
246,1,940.53,372.74,141.88,394.53,0.7957,-1,-1,-1
246,11,1769.85,405.39,104.33,225.48,0.7420,-1,-1,-1
246,12,1313.34,360.65,140.53,379.46,0.8161,-1,-1,-1
246,13,1534.69,420.51,97.46,281.07,0.7867,-1,-1,-1
246,15,1568.23,529.25,87.06,178.59,0.8052,-1,-1,-1
246,16,993.16,291.25,203.19,534.14,0.7559,-1,-1,-1
246,17,1762.02,423.57,87.37,218.27,0.2144,-1,-1,-1
246,22,817.62,314.55,203.34,502.09,0.6674,-1,-1,-1
246,23,1210.69,419.33,101.71,307.40,0.8916,-1,-1,-1
246,24,577.45,323.30,171.73,546.35,0.7071,-1,-1,-1
246,25,674.15,314.94,229.51,582.73,0.7434,-1,-1,-1
247,1,946.72,372.16,139.88,394.10,0.7985,-1,-1,-1
247,11,1772.58,405.59,104.48,225.88,0.6975,-1,-1,-1
247,12,1313.70,359.56,139.53,381.35,0.8026,-1,-1,-1
247,13,1535.47,419.99,96.56,281.22,0.7835,-1,-1,-1
247,15,1574.72,529.48,87.14,178.75,0.7742,-1,-1,-1
247,16,1006.40,290.65,200.08,529.90,0.7621,-1,-1,-1
247,17,1766.11,423.28,87.36,218.19,0.2151,-1,-1,-1
247,22,831.20,310.64,198.78,501.96,0.6702,-1,-1,-1
247,23,1216.57,418.90,100.57,306.76,0.9154,-1,-1,-1
247,24,600.10,324.93,173.45,542.97,0.7708,-1,-1,-1
247,25,682.57,313.22,240.18,584.30,0.7363,-1,-1,-1
248,1,952.91,371.58,137.89,393.67,0.8013,-1,-1,-1
248,11,1775.81,405.47,104.26,226.09,0.7068,-1,-1,-1
248,12,1316.05,362.77,136.50,375.96,0.8525,-1,-1,-1
248,13,1536.09,420.05,96.20,283.15,0.7663,-1,-1,-1
248,15,1579.16,531.09,86.46,177.94,0.7948,-1,-1,-1
248,16,1019.49,290.65,198.24,526.85,0.7690,-1,-1,-1
248,17,1770.49,423.31,87.46,218.22,0.2141,-1,-1,-1
248,22,843.00,312.75,192.40,495.33,0.7198,-1,-1,-1
248,23,1223.47,419.31,98.48,303.00,0.8634,-1,-1,-1
248,24,618.14,327.12,180.01,539.51,0.7533,-1,-1,-1
248,25,690.52,313.06,247.84,585.03,0.7572,-1,-1,-1
249,1,959.10,371.01,135.89,393.25,0.8041,-1,-1,-1
249,11,1780.87,405.93,103.67,227.26,0.2104,-1,-1,-1
249,12,1319.21,363.05,135.19,375.07,0.8232,-1,-1,-1
249,13,1536.48,418.88,95.39,283.39,0.7583,-1,-1,-1
249,15,1584.73,530.60,86.60,179.08,0.8335,-1,-1,-1
249,16,1034.37,293.22,196.73,522.97,0.7541,-1,-1,-1
249,17,1776.53,424.56,87.41,216.70,0.6595,-1,-1,-1
249,22,855.15,314.57,186.69,490.38,0.6533,-1,-1,-1
249,23,1231.88,419.73,98.79,303.86,0.9291,-1,-1,-1
249,24,631.53,328.09,185.67,535.00,0.7597,-1,-1,-1
249,25,705.39,315.09,251.64,579.48,0.7349,-1,-1,-1
250,1,965.29,370.43,133.90,392.82,0.8069,-1,-1,-1
250,11,1783.67,407.30,103.37,226.82,0.2603,-1,-1,-1
250,12,1322.32,362.06,134.21,378.01,0.7576,-1,-1,-1
250,13,1536.91,418.82,94.64,283.79,0.7711,-1,-1,-1
250,15,1588.96,530.47,86.21,179.27,0.7927,-1,-1,-1
250,16,1048.92,295.26,195.90,520.54,0.7483,-1,-1,-1
250,17,1782.47,423.37,89.18,217.52,0.6519,-1,-1,-1
250,22,863.40,316.38,184.67,493.61,0.6837,-1,-1,-1
250,23,1238.85,422.29,99.34,301.68,0.9186,-1,-1,-1
250,24,642.21,328.92,189.49,529.35,0.7453,-1,-1,-1
250,25,721.50,319.64,252.69,571.49,0.7401,-1,-1,-1
251,1,971.48,369.85,131.90,392.39,0.8098,-1,-1,-1
251,11,1786.46,408.67,103.07,226.38,0.3102,-1,-1,-1
251,12,1327.18,361.50,133.52,379.29,0.8163,-1,-1,-1
251,13,1537.40,419.84,93.56,282.60,0.7813,-1,-1,-1
251,15,1595.43,529.88,85.85,180.03,0.8377,-1,-1,-1
251,16,1063.38,297.89,195.79,516.91,0.7666,-1,-1,-1
251,17,1788.44,423.21,90.34,216.17,0.6343,-1,-1,-1
251,22,873.22,317.42,180.43,488.92,0.7183,-1,-1,-1
251,23,1248.77,424.72,99.65,299.54,0.8786,-1,-1,-1
251,24,654.82,329.27,193.27,526.51,0.7552,-1,-1,-1
251,25,742.00,318.22,251.50,572.40,0.7395,-1,-1,-1
252,1,977.67,369.27,129.91,391.97,0.8126,-1,-1,-1
252,11,1789.26,410.03,102.77,225.94,0.3602,-1,-1,-1
252,12,1331.92,362.03,132.13,378.48,0.8287,-1,-1,-1
252,13,1538.89,419.93,92.97,282.69,0.7609,-1,-1,-1
252,15,1603.39,530.36,84.78,179.22,0.8007,-1,-1,-1
252,16,1076.07,300.01,196.11,514.26,0.7749,-1,-1,-1
252,17,1792.44,422.67,91.61,215.96,0.6371,-1,-1,-1
252,22,880.67,317.67,179.03,492.69,0.6878,-1,-1,-1
252,23,1256.06,425.95,100.40,298.15,0.8940,-1,-1,-1
252,24,665.66,329.80,194.99,522.19,0.7692,-1,-1,-1
252,25,766.59,318.25,243.38,567.45,0.7411,-1,-1,-1
252,26,975.82,371.74,129.34,389.16,0.8140,-1,-1,-1
253,1,983.86,368.69,127.91,391.54,0.8154,-1,-1,-1
253,11,1792.06,411.40,102.47,225.50,0.4101,-1,-1,-1
253,12,1337.26,362.30,130.86,377.48,0.8197,-1,-1,-1
253,13,1539.69,420.52,91.91,281.49,0.7569,-1,-1,-1
253,15,1609.73,529.75,84.67,179.90,0.7646,-1,-1,-1
253,16,1087.18,301.00,196.73,513.07,0.7678,-1,-1,-1
253,17,1794.95,421.34,93.32,217.22,0.6676,-1,-1,-1
253,22,890.15,318.68,176.39,489.57,0.7108,-1,-1,-1
253,23,1260.11,424.35,102.04,299.18,0.8837,-1,-1,-1
253,24,674.87,331.66,196.14,519.65,0.7617,-1,-1,-1
253,25,789.43,318.99,236.33,564.92,0.7261,-1,-1,-1
254,1,992.42,366.82,127.29,399.90,0.7268,-1,-1,-1
254,11,1794.85,412.77,102.18,225.05,0.4600,-1,-1,-1
254,12,1342.45,361.19,130.20,377.33,0.8412,-1,-1,-1
254,13,1540.26,421.73,90.84,279.87,0.7922,-1,-1,-1
254,15,1616.76,529.42,85.53,181.69,0.7983,-1,-1,-1
254,16,1098.10,302.83,196.30,509.15,0.7680,-1,-1,-1
254,17,1798.03,420.12,94.33,218.02,0.6595,-1,-1,-1
254,22,896.61,317.93,176.99,493.40,0.7700,-1,-1,-1
254,23,1258.96,420.96,104.84,303.99,0.8642,-1,-1,-1
254,24,688.71,329.60,196.73,520.40,0.7934,-1,-1,-1
254,25,808.99,321.80,228.87,558.25,0.7253,-1,-1,-1
255,1,997.97,367.00,129.46,394.99,0.8034,-1,-1,-1
255,11,1797.65,414.14,101.88,224.61,0.5099,-1,-1,-1
255,12,1349.05,363.96,128.44,374.00,0.7849,-1,-1,-1
255,13,1541.16,420.56,90.68,281.53,0.7860,-1,-1,-1
255,15,1624.31,528.80,86.42,182.83,0.7785,-1,-1,-1
255,16,1110.03,304.95,195.96,504.49,0.7666,-1,-1,-1
255,17,1802.11,421.01,93.68,215.69,0.6688,-1,-1,-1
255,22,906.98,320.58,173.56,486.78,0.7411,-1,-1,-1
255,23,1258.50,420.80,106.38,305.08,0.8835,-1,-1,-1
255,24,701.78,331.60,194.25,517.07,0.7500,-1,-1,-1
255,25,826.96,322.21,225.51,558.79,0.7523,-1,-1,-1
256,1,1001.61,369.79,129.78,396.46,0.7727,-1,-1,-1
256,11,1800.45,415.50,101.58,224.17,0.5599,-1,-1,-1
256,12,1353.06,361.63,128.79,376.91,0.8134,-1,-1,-1
256,13,1541.02,418.96,90.86,283.93,0.7748,-1,-1,-1
256,15,1632.58,529.72,87.59,183.86,0.7450,-1,-1,-1
256,16,1116.34,303.62,199.00,507.66,0.7464,-1,-1,-1
256,17,1805.74,420.21,93.87,216.24,0.6322,-1,-1,-1
256,22,920.65,322.77,168.15,476.46,0.7408,-1,-1,-1
256,23,1262.28,423.56,104.92,299.30,0.7713,-1,-1,-1
256,24,717.39,332.22,190.10,514.94,0.7040,-1,-1,-1
256,25,844.38,323.36,222.10,555.21,0.7872,-1,-1,-1
257,1,1008.93,367.18,128.74,391.95,0.7987,-1,-1,-1
257,11,1803.24,416.87,101.28,223.73,0.6098,-1,-1,-1
257,12,1357.54,362.38,127.20,373.95,0.8264,-1,-1,-1
257,13,1541.95,418.10,90.63,285.00,0.7855,-1,-1,-1
257,15,1639.75,529.26,89.27,185.52,0.7189,-1,-1,-1
257,16,1122.67,304.22,199.07,506.46,0.7599,-1,-1,-1
257,17,1808.03,420.21,93.92,216.78,0.6546,-1,-1,-1
257,23,1268.42,423.23,103.72,296.58,0.8992,-1,-1,-1
257,24,731.11,334.46,184.30,510.79,0.6944,-1,-1,-1
257,25,860.28,324.22,220.23,552.79,0.7614,-1,-1,-1
258,1,1017.47,373.03,126.71,381.99,0.8425,-1,-1,-1
258,11,1806.04,418.24,100.98,223.29,0.6597,-1,-1,-1
258,12,1361.43,362.95,126.22,373.43,0.8133,-1,-1,-1
258,13,1542.40,417.11,90.61,286.35,0.7806,-1,-1,-1
258,15,1645.92,529.40,90.74,186.62,0.7241,-1,-1,-1
258,16,1128.22,306.01,198.36,503.21,0.7535,-1,-1,-1
258,17,1811.99,420.37,93.53,216.76,0.6778,-1,-1,-1
258,23,1276.84,422.72,102.43,296.08,0.9260,-1,-1,-1
258,24,747.15,334.89,178.09,509.50,0.6185,-1,-1,-1
258,25,874.56,322.64,219.59,554.17,0.7805,-1,-1,-1
259,1,1024.55,376.01,125.68,377.07,0.8302,-1,-1,-1
259,11,1808.98,418.93,100.45,222.49,0.6600,-1,-1,-1
259,12,1367.24,364.26,124.69,370.28,0.8110,-1,-1,-1
259,13,1543.63,417.94,89.88,285.23,0.7867,-1,-1,-1
259,15,1650.89,528.55,91.66,187.70,0.7600,-1,-1,-1
259,16,1133.21,305.97,196.93,500.22,0.7574,-1,-1,-1
259,17,1815.94,420.52,93.13,216.75,0.7011,-1,-1,-1
259,23,1284.15,424.33,100.64,293.14,0.9256,-1,-1,-1
259,24,762.97,335.79,172.04,504.76,0.6467,-1,-1,-1
259,25,890.33,326.58,216.61,546.36,0.7582,-1,-1,-1
260,1,1027.85,379.33,128.05,366.64,0.8208,-1,-1,-1
260,11,1811.93,419.62,99.92,221.69,0.6604,-1,-1,-1
260,12,1373.64,364.02,123.53,367.45,0.8093,-1,-1,-1
260,13,1545.22,418.24,89.18,284.46,0.7754,-1,-1,-1
260,15,1656.65,526.71,91.88,188.48,0.7834,-1,-1,-1
260,16,1137.47,305.71,194.53,495.71,0.7722,-1,-1,-1
260,17,1819.97,421.13,92.86,216.47,0.6938,-1,-1,-1
260,23,1291.86,424.78,99.26,290.04,0.9327,-1,-1,-1
260,24,779.58,340.52,167.86,500.34,0.7012,-1,-1,-1
260,25,903.33,330.27,215.07,542.60,0.7436,-1,-1,-1
261,11,1814.87,420.31,99.39,220.89,0.6607,-1,-1,-1
261,12,1378.82,364.98,122.94,366.90,0.8313,-1,-1,-1
261,13,1545.76,417.78,88.93,285.06,0.7798,-1,-1,-1
261,15,1661.37,525.69,92.35,189.84,0.7826,-1,-1,-1
261,16,1140.17,305.66,193.57,494.57,0.7606,-1,-1,-1
261,17,1825.17,421.86,91.68,213.63,0.6469,-1,-1,-1
261,23,1297.84,425.84,98.20,288.51,0.9012,-1,-1,-1
261,24,797.55,342.70,164.74,496.97,0.7122,-1,-1,-1
261,25,920.50,328.80,212.94,539.62,0.7348,-1,-1,-1
262,11,1817.81,421.01,98.87,220.10,0.6610,-1,-1,-1
262,12,1382.01,365.02,122.71,367.47,0.8317,-1,-1,-1
262,13,1546.38,417.78,88.68,285.55,0.7745,-1,-1,-1
262,15,1666.33,524.97,92.60,191.81,0.7929,-1,-1,-1
262,16,1145.52,305.20,191.59,492.00,0.7482,-1,-1,-1
262,17,1827.32,424.08,90.47,211.77,0.6333,-1,-1,-1
262,23,1304.27,426.45,97.46,287.13,0.9135,-1,-1,-1
262,24,815.24,345.59,164.32,494.60,0.7198,-1,-1,-1
262,25,936.67,327.33,210.38,536.27,0.7350,-1,-1,-1
263,11,1820.75,421.70,98.34,219.30,0.6613,-1,-1,-1
263,12,1386.00,365.93,122.09,366.26,0.8091,-1,-1,-1
263,13,1547.03,417.86,88.43,286.16,0.7653,-1,-1,-1
263,15,1671.35,524.01,92.69,193.92,0.7916,-1,-1,-1
263,16,1152.12,306.16,190.50,490.96,0.7495,-1,-1,-1
263,17,1828.99,424.59,90.10,211.70,0.6626,-1,-1,-1
263,23,1309.27,427.75,96.89,286.17,0.9256,-1,-1,-1
263,24,826.04,347.55,164.21,492.19,0.7661,-1,-1,-1
263,25,953.57,327.39,208.39,532.52,0.7611,-1,-1,-1
264,11,1823.70,422.39,97.81,218.50,0.6617,-1,-1,-1
264,12,1395.91,366.39,120.99,362.66,0.8625,-1,-1,-1
264,13,1547.07,418.46,87.87,285.20,0.7944,-1,-1,-1
264,15,1676.68,523.84,92.06,193.95,0.7749,-1,-1,-1
264,16,1161.20,305.22,190.83,493.53,0.7517,-1,-1,-1
264,17,1831.71,425.14,90.08,212.86,0.6767,-1,-1,-1
264,23,1315.23,427.36,96.88,286.78,0.9424,-1,-1,-1
264,24,836.19,347.38,164.54,490.99,0.7480,-1,-1,-1
264,25,968.25,323.79,205.66,529.74,0.7848,-1,-1,-1
265,11,1826.64,423.08,97.28,217.70,0.6620,-1,-1,-1
265,12,1402.69,368.77,119.83,358.31,0.8195,-1,-1,-1
265,13,1547.52,417.84,87.77,285.97,0.7800,-1,-1,-1
265,15,1681.01,523.49,92.12,194.89,0.7690,-1,-1,-1
265,16,1171.75,308.71,188.24,486.88,0.7614,-1,-1,-1
265,23,1320.59,428.34,96.21,285.20,0.9524,-1,-1,-1
265,24,846.52,350.44,165.03,486.19,0.7880,-1,-1,-1
265,25,982.84,324.42,202.24,526.36,0.7546,-1,-1,-1
266,11,1827.11,422.60,95.91,216.48,0.6482,-1,-1,-1
266,12,1409.47,370.45,119.71,354.66,0.8161,-1,-1,-1
266,13,1547.76,417.22,88.00,287.00,0.8100,-1,-1,-1
266,15,1685.00,523.29,92.04,195.79,0.7573,-1,-1,-1
266,16,1179.91,310.81,187.35,485.23,0.7838,-1,-1,-1
266,23,1325.58,428.77,95.88,284.33,0.8935,-1,-1,-1
266,24,856.56,353.38,164.49,481.16,0.7909,-1,-1,-1
266,25,997.55,325.93,198.71,520.88,0.7549,-1,-1,-1
267,11,1826.80,422.22,94.59,213.72,0.6888,-1,-1,-1
267,12,1417.36,371.63,119.82,352.51,0.8024,-1,-1,-1
267,13,1547.93,416.36,87.69,287.04,0.7737,-1,-1,-1
267,15,1690.72,524.21,91.83,195.54,0.7643,-1,-1,-1
267,16,1189.94,314.08,184.37,479.12,0.7488,-1,-1,-1
267,23,1329.93,427.92,95.47,283.79,0.8843,-1,-1,-1
267,24,867.93,352.33,164.17,479.16,0.7906,-1,-1,-1
267,25,1010.94,328.87,196.86,516.25,0.7722,-1,-1,-1
268,11,1827.92,421.04,94.56,213.22,0.6959,-1,-1,-1
268,12,1421.34,372.75,119.63,348.95,0.8167,-1,-1,-1
268,13,1547.81,414.40,88.25,289.38,0.7951,-1,-1,-1
268,15,1695.98,525.18,91.64,195.11,0.7506,-1,-1,-1
268,16,1197.29,317.49,182.82,477.67,0.7389,-1,-1,-1
268,23,1334.61,426.61,94.61,281.81,0.9252,-1,-1,-1
268,24,879.30,352.83,162.26,473.75,0.7848,-1,-1,-1
268,25,1025.51,327.28,197.59,514.37,0.7262,-1,-1,-1
269,11,1830.47,420.46,93.51,210.10,0.6831,-1,-1,-1
269,12,1424.16,372.60,119.74,348.94,0.8194,-1,-1,-1
269,13,1548.78,415.19,87.91,288.93,0.7983,-1,-1,-1
269,15,1700.83,525.05,92.14,196.04,0.7263,-1,-1,-1
269,16,1203.62,318.39,181.51,477.14,0.7334,-1,-1,-1
269,23,1338.66,425.78,94.14,280.81,0.9164,-1,-1,-1
269,24,891.95,351.98,159.57,468.78,0.7451,-1,-1,-1
269,25,1037.80,330.45,197.69,510.35,0.7368,-1,-1,-1
270,11,1832.10,419.88,92.14,206.52,0.6917,-1,-1,-1
270,12,1425.94,372.83,119.64,348.89,0.8124,-1,-1,-1
270,13,1549.22,415.48,87.46,288.74,0.7699,-1,-1,-1
270,15,1705.05,524.86,92.55,196.97,0.7270,-1,-1,-1
270,16,1208.17,319.51,180.44,477.09,0.7252,-1,-1,-1
270,23,1342.17,423.92,94.29,281.51,0.9277,-1,-1,-1
270,24,905.47,353.04,155.60,460.68,0.7266,-1,-1,-1
270,25,1049.09,332.04,197.82,503.48,0.7224,-1,-1,-1
271,11,1834.51,419.93,91.04,204.21,0.6898,-1,-1,-1
271,12,1427.26,372.66,119.21,348.81,0.8322,-1,-1,-1
271,13,1550.39,415.80,86.99,288.66,0.7470,-1,-1,-1
271,15,1709.72,525.07,92.99,196.98,0.7433,-1,-1,-1
271,16,1215.15,320.93,177.31,472.07,0.7551,-1,-1,-1
271,23,1348.14,425.85,93.28,277.94,0.9432,-1,-1,-1
271,24,915.70,352.39,155.30,462.18,0.7090,-1,-1,-1
271,25,1059.69,333.46,198.85,499.21,0.7420,-1,-1,-1
272,11,1840.41,421.64,90.20,204.49,0.6450,-1,-1,-1
272,12,1429.96,374.41,116.95,344.68,0.8174,-1,-1,-1
272,13,1552.31,417.28,86.92,288.91,0.7926,-1,-1,-1
272,15,1714.43,523.94,94.56,199.40,0.6868,-1,-1,-1
272,16,1223.69,322.51,174.86,468.52,0.7344,-1,-1,-1
272,23,1352.67,424.34,93.85,278.22,0.9686,-1,-1,-1
272,24,928.98,350.35,154.83,465.78,0.7486,-1,-1,-1
272,25,1070.97,337.77,198.27,495.16,0.7645,-1,-1,-1
273,11,1844.83,422.46,89.90,205.42,0.6424,-1,-1,-1
273,12,1434.09,376.11,115.67,342.38,0.8151,-1,-1,-1
273,13,1555.06,419.10,86.39,286.27,0.8248,-1,-1,-1
273,15,1719.21,525.42,94.68,198.54,0.6900,-1,-1,-1
273,16,1232.47,321.53,172.88,464.13,0.7587,-1,-1,-1
273,23,1358.71,425.39,93.64,276.38,0.9606,-1,-1,-1
273,24,941.03,351.29,152.74,461.21,0.7712,-1,-1,-1
273,25,1080.89,337.91,197.78,492.54,0.7614,-1,-1,-1
274,11,1848.95,423.06,88.91,204.93,0.6716,-1,-1,-1
274,12,1439.18,377.97,113.61,338.57,0.8367,-1,-1,-1
274,13,1558.50,421.98,85.84,282.55,0.8592,-1,-1,-1
274,15,1724.05,526.26,95.01,198.48,0.6857,-1,-1,-1
274,16,1245.07,321.30,170.05,456.38,0.7825,-1,-1,-1
274,23,1364.59,426.89,93.29,273.69,0.8739,-1,-1,-1
274,24,953.56,355.04,151.54,455.58,0.7830,-1,-1,-1
274,25,1093.02,339.65,195.23,488.37,0.7562,-1,-1,-1
275,11,1852.25,425.03,88.19,204.45,0.6541,-1,-1,-1
275,12,1444.69,379.37,110.97,333.84,0.7824,-1,-1,-1
275,13,1561.72,423.31,86.22,281.25,0.8248,-1,-1,-1
275,15,1727.09,527.32,95.24,198.46,0.6695,-1,-1,-1
275,16,1253.79,318.10,171.16,458.91,0.7789,-1,-1,-1
275,23,1371.02,429.17,92.82,270.66,0.8942,-1,-1,-1
275,24,966.21,357.04,151.56,451.99,0.7854,-1,-1,-1
275,25,1104.60,338.73,194.59,488.92,0.7328,-1,-1,-1
276,11,1854.20,426.02,87.34,203.53,0.6490,-1,-1,-1
276,12,1448.51,378.46,110.16,333.68,0.8404,-1,-1,-1
276,13,1564.48,424.84,86.42,279.46,0.8155,-1,-1,-1
276,15,1728.84,527.97,95.62,198.67,0.6875,-1,-1,-1
276,16,1260.68,318.75,171.30,455.90,0.7334,-1,-1,-1
276,23,1374.28,428.32,93.63,271.37,0.5820,-1,-1,-1
276,24,976.17,358.47,153.20,450.26,0.7661,-1,-1,-1
276,25,1115.93,342.10,192.74,486.61,0.7652,-1,-1,-1
277,11,1855.23,426.06,87.04,203.37,0.6578,-1,-1,-1
277,12,1453.04,379.88,109.20,331.58,0.8480,-1,-1,-1
277,13,1567.78,428.42,86.40,275.38,0.8520,-1,-1,-1
277,15,1729.76,527.69,96.45,200.43,0.7280,-1,-1,-1
277,16,1267.47,320.72,170.93,452.69,0.7528,-1,-1,-1
277,23,1374.98,431.59,91.81,266.88,0.1965,-1,-1,-1
277,24,987.29,359.44,155.67,449.64,0.7873,-1,-1,-1
277,25,1128.97,339.97,190.27,484.56,0.7645,-1,-1,-1
278,11,1856.66,425.68,86.67,203.58,0.6509,-1,-1,-1
278,12,1458.37,379.48,109.33,332.87,0.7911,-1,-1,-1
278,13,1570.50,432.43,86.39,270.35,0.8342,-1,-1,-1
278,15,1729.52,526.82,97.90,203.20,0.7213,-1,-1,-1
278,16,1274.02,320.64,169.83,449.27,0.7764,-1,-1,-1
278,23,1376.74,434.55,90.53,263.46,0.3008,-1,-1,-1
278,24,992.62,359.02,156.95,448.95,0.7910,-1,-1,-1
278,25,1142.59,341.79,188.15,483.10,0.7084,-1,-1,-1
279,11,1858.04,424.48,86.22,204.04,0.6468,-1,-1,-1
279,12,1463.18,376.65,110.11,336.12,0.7983,-1,-1,-1
279,13,1573.95,434.88,87.16,268.13,0.8239,-1,-1,-1
279,15,1729.93,526.92,98.62,204.88,0.7171,-1,-1,-1
279,16,1280.79,323.10,169.97,448.32,0.7754,-1,-1,-1
279,23,1381.40,431.31,90.83,267.63,0.2483,-1,-1,-1
279,24,1001.40,358.71,157.36,447.44,0.7531,-1,-1,-1
279,25,1153.74,343.39,186.25,479.46,0.7329,-1,-1,-1
280,11,1860.59,425.37,85.29,203.34,0.6468,-1,-1,-1
280,12,1467.31,380.41,108.74,332.00,0.8040,-1,-1,-1
280,13,1577.79,436.71,88.14,266.69,0.8499,-1,-1,-1
280,15,1729.82,527.46,98.88,205.64,0.7435,-1,-1,-1
280,16,1284.71,325.22,167.92,444.54,0.7854,-1,-1,-1
280,23,1386.06,428.07,91.13,271.81,0.1957,-1,-1,-1
280,24,1008.40,361.75,155.60,441.28,0.7774,-1,-1,-1
280,25,1164.45,342.59,186.97,480.86,0.7419,-1,-1,-1
281,11,1862.27,424.84,84.45,203.13,0.6467,-1,-1,-1
281,12,1471.18,381.93,107.77,328.89,0.8341,-1,-1,-1
281,13,1581.14,440.11,88.87,263.10,0.7971,-1,-1,-1
281,15,1728.15,527.77,99.24,206.31,0.7250,-1,-1,-1
281,16,1291.92,327.20,167.64,441.49,0.7619,-1,-1,-1
281,23,1392.99,429.64,90.09,269.29,0.3137,-1,-1,-1
281,24,1016.08,360.31,154.91,439.94,0.7589,-1,-1,-1
281,25,1174.54,342.26,186.25,478.65,0.7707,-1,-1,-1
282,11,1862.22,423.56,82.77,198.04,0.6695,-1,-1,-1
282,12,1475.54,384.66,105.76,323.09,0.7890,-1,-1,-1
282,13,1583.18,443.83,89.47,259.53,0.8304,-1,-1,-1
282,15,1725.58,527.56,99.47,206.75,0.7208,-1,-1,-1
282,16,1296.21,326.42,166.53,441.36,0.7670,-1,-1,-1
282,23,1399.93,431.21,89.05,266.78,0.4317,-1,-1,-1
282,24,1024.77,358.99,153.80,437.24,0.7363,-1,-1,-1
282,25,1184.02,345.86,185.16,469.71,0.7510,-1,-1,-1
283,11,1864.24,423.55,82.39,198.98,0.6569,-1,-1,-1
283,12,1479.34,386.44,104.60,319.02,0.8600,-1,-1,-1
283,13,1584.90,448.84,89.65,254.78,0.8054,-1,-1,-1
283,15,1722.82,527.14,100.14,207.71,0.7233,-1,-1,-1
283,16,1302.62,328.95,166.09,437.95,0.7613,-1,-1,-1
283,23,1406.40,430.90,87.74,266.49,0.1145,-1,-1,-1
283,24,1030.67,358.44,152.09,435.23,0.7672,-1,-1,-1
283,25,1192.36,346.03,185.94,471.59,0.7646,-1,-1,-1
284,11,1865.83,421.62,81.59,195.27,0.6499,-1,-1,-1
284,12,1482.34,386.74,104.38,318.29,0.8550,-1,-1,-1
284,13,1586.85,452.68,90.09,251.08,0.7954,-1,-1,-1
284,15,1719.55,526.78,101.12,208.17,0.7080,-1,-1,-1
284,16,1306.62,328.49,164.56,432.79,0.7697,-1,-1,-1
284,23,1413.27,432.29,86.05,262.37,0.5503,-1,-1,-1
284,24,1037.73,360.11,151.01,433.06,0.6893,-1,-1,-1
284,25,1203.09,346.68,185.55,470.63,0.7673,-1,-1,-1
285,11,1867.00,419.92,80.93,192.04,0.6339,-1,-1,-1
285,12,1488.24,385.02,104.61,319.10,0.8109,-1,-1,-1
285,13,1588.87,458.52,89.71,245.36,0.7978,-1,-1,-1
285,15,1717.06,526.59,101.70,207.53,0.7073,-1,-1,-1
285,16,1307.71,329.06,165.13,433.15,0.7640,-1,-1,-1
285,23,1416.95,433.39,85.11,259.97,0.9017,-1,-1,-1
285,24,1043.95,360.13,149.60,430.80,0.7164,-1,-1,-1
285,25,1212.05,347.95,184.98,469.01,0.7753,-1,-1,-1
286,11,1869.60,420.35,82.23,197.11,0.6588,-1,-1,-1
286,12,1493.69,385.47,104.49,319.17,0.7837,-1,-1,-1
286,13,1590.03,464.13,89.52,239.12,0.7449,-1,-1,-1
286,15,1714.59,526.64,102.45,206.70,0.6913,-1,-1,-1
286,16,1310.44,331.03,164.54,431.44,0.7725,-1,-1,-1
286,23,1419.52,434.69,84.76,258.98,0.8933,-1,-1,-1
286,24,1051.72,357.70,150.21,433.65,0.7642,-1,-1,-1
286,25,1223.54,347.35,184.66,466.81,0.7665,-1,-1,-1
287,11,1871.93,420.73,82.43,199.73,0.6594,-1,-1,-1
287,12,1499.98,384.76,104.82,320.54,0.8108,-1,-1,-1
287,13,1591.81,470.94,88.75,231.82,0.7861,-1,-1,-1
287,15,1711.43,526.58,103.18,206.29,0.6926,-1,-1,-1
287,16,1309.49,330.31,164.55,428.82,0.7802,-1,-1,-1
287,23,1422.68,436.62,83.99,256.20,0.9345,-1,-1,-1
287,24,1061.96,360.55,149.69,429.62,0.7882,-1,-1,-1
287,25,1232.72,348.41,183.79,463.96,0.7624,-1,-1,-1
288,11,1874.01,420.97,82.40,201.65,0.6410,-1,-1,-1
288,12,1505.36,383.11,104.56,319.74,0.7775,-1,-1,-1
288,13,1593.37,476.25,88.41,226.33,0.8131,-1,-1,-1
288,15,1707.25,526.21,103.76,205.57,0.6791,-1,-1,-1
288,16,1313.49,332.06,162.80,423.92,0.7839,-1,-1,-1
288,23,1427.23,436.57,84.00,256.95,0.8764,-1,-1,-1
288,24,1070.56,363.27,149.37,424.01,0.8018,-1,-1,-1
288,25,1242.51,346.98,184.21,463.85,0.7633,-1,-1,-1
289,11,1876.72,421.98,80.91,199.98,0.5991,-1,-1,-1
289,12,1511.33,382.67,103.74,317.52,0.8220,-1,-1,-1
289,13,1595.54,481.83,87.96,220.58,0.7851,-1,-1,-1
289,15,1704.75,525.12,104.58,205.73,0.6933,-1,-1,-1
289,16,1316.56,331.49,163.85,425.33,0.7808,-1,-1,-1
289,23,1431.52,436.96,83.23,254.89,0.9127,-1,-1,-1
289,24,1080.24,362.97,150.92,424.60,0.7423,-1,-1,-1
289,25,1253.79,347.34,182.96,460.00,0.7928,-1,-1,-1
290,11,1878.75,423.16,78.74,196.31,0.6198,-1,-1,-1
290,12,1516.00,383.67,102.11,311.69,0.8113,-1,-1,-1
290,13,1598.29,486.04,87.76,216.20,0.7904,-1,-1,-1
290,15,1702.41,525.53,104.81,204.71,0.6974,-1,-1,-1
290,16,1318.34,331.36,164.05,423.15,0.7892,-1,-1,-1
290,23,1436.87,439.02,82.19,251.87,0.9089,-1,-1,-1
290,24,1090.26,364.61,152.07,422.49,0.7771,-1,-1,-1
290,25,1267.24,350.07,181.37,454.82,0.7936,-1,-1,-1
291,11,1880.06,423.55,78.35,197.17,0.6172,-1,-1,-1
291,12,1521.57,383.97,101.22,308.75,0.8211,-1,-1,-1
291,13,1601.03,491.30,87.12,210.64,0.7856,-1,-1,-1
291,15,1700.92,524.89,105.96,206.03,0.7018,-1,-1,-1
291,16,1324.32,331.19,164.45,423.02,0.7979,-1,-1,-1
291,23,1441.54,437.55,81.75,251.57,0.8739,-1,-1,-1
291,24,1091.75,363.76,153.05,423.31,0.7974,-1,-1,-1
291,25,1280.70,352.81,179.77,449.63,0.7943,-1,-1,-1
292,11,1878.59,423.29,78.77,200.69,0.5848,-1,-1,-1
292,12,1529.16,384.66,101.65,307.92,0.8329,-1,-1,-1
292,13,1602.54,495.31,86.87,206.07,0.8020,-1,-1,-1
292,15,1697.84,523.08,107.16,207.50,0.7239,-1,-1,-1
292,16,1329.09,331.62,164.09,421.73,0.7884,-1,-1,-1
292,23,1447.02,435.01,81.97,251.96,0.8556,-1,-1,-1
292,24,1090.00,362.90,152.52,422.59,0.8026,-1,-1,-1
292,25,1294.15,355.54,178.18,444.45,0.7951,-1,-1,-1
292,27,1205.63,347.46,136.75,407.16,0.8059,-1,-1,-1
293,11,1878.57,423.96,76.79,198.32,0.5518,-1,-1,-1
293,12,1535.79,385.58,102.15,306.74,0.8272,-1,-1,-1
293,13,1603.27,498.12,87.81,203.88,0.7671,-1,-1,-1
293,15,1696.74,524.21,106.90,205.76,0.6918,-1,-1,-1
293,16,1333.86,332.05,163.74,420.43,0.7789,-1,-1,-1
293,23,1451.32,434.08,82.28,252.62,0.8667,-1,-1,-1
293,24,1088.39,362.41,151.54,420.27,0.7992,-1,-1,-1
293,25,1301.76,354.65,178.54,444.76,0.7812,-1,-1,-1
293,27,1211.36,352.36,134.65,402.41,0.7840,-1,-1,-1
294,11,1876.84,423.22,75.93,199.01,0.5551,-1,-1,-1
294,12,1542.90,388.24,103.28,306.11,0.7950,-1,-1,-1
294,13,1603.42,502.08,88.01,199.91,0.7215,-1,-1,-1
294,15,1695.04,523.97,107.89,206.61,0.7212,-1,-1,-1
294,23,1455.39,434.59,82.04,250.69,0.8517,-1,-1,-1
294,24,1089.99,362.93,150.09,417.46,0.7830,-1,-1,-1
294,25,1309.37,353.76,178.90,445.07,0.7673,-1,-1,-1
294,27,1214.59,353.45,140.60,392.16,0.7904,-1,-1,-1
295,11,1875.98,422.88,75.03,199.24,0.5813,-1,-1,-1
295,12,1550.15,390.44,104.58,304.43,0.7575,-1,-1,-1
295,13,1603.10,503.44,89.66,199.65,0.7346,-1,-1,-1
295,15,1693.86,524.15,108.39,206.97,0.7020,-1,-1,-1
295,23,1460.26,437.57,81.84,247.13,0.8816,-1,-1,-1
295,24,1092.68,363.71,148.48,413.98,0.7825,-1,-1,-1
295,25,1317.28,354.90,178.90,444.86,0.7572,-1,-1,-1
295,27,1219.43,353.10,141.93,396.01,0.7929,-1,-1,-1
296,11,1876.58,422.32,74.35,199.76,0.5939,-1,-1,-1
296,12,1557.50,391.16,106.95,305.97,0.7509,-1,-1,-1
296,13,1601.75,509.45,89.46,195.65,0.7774,-1,-1,-1
296,15,1693.32,523.80,108.60,206.87,0.7024,-1,-1,-1
296,23,1464.73,441.06,83.49,249.85,0.8718,-1,-1,-1
296,24,1097.10,368.42,145.68,406.56,0.8101,-1,-1,-1
296,25,1325.02,356.60,178.10,443.19,0.7671,-1,-1,-1
296,27,1226.87,358.59,136.79,389.39,0.8201,-1,-1,-1
297,11,1876.17,423.53,72.79,197.98,0.5765,-1,-1,-1
297,12,1564.29,391.98,109.05,305.49,0.7453,-1,-1,-1
297,13,1602.48,510.29,90.53,193.74,0.7196,-1,-1,-1
297,15,1693.05,523.66,108.65,206.74,0.7096,-1,-1,-1
297,23,1469.24,439.34,84.67,249.50,0.9272,-1,-1,-1
297,24,1102.56,367.56,145.05,407.24,0.8000,-1,-1,-1
297,25,1333.65,358.02,177.37,440.11,0.7425,-1,-1,-1
297,27,1228.25,357.51,140.31,390.68,0.7638,-1,-1,-1
298,11,1876.53,423.86,71.60,196.62,0.5994,-1,-1,-1
298,12,1569.14,391.39,111.07,305.73,0.7695,-1,-1,-1
298,13,1602.86,508.93,93.47,195.19,0.6792,-1,-1,-1
298,15,1692.05,524.23,108.25,205.93,0.7366,-1,-1,-1
298,23,1473.21,442.38,84.23,245.14,0.8878,-1,-1,-1
298,24,1108.31,367.01,144.26,407.79,0.7911,-1,-1,-1
298,25,1340.35,354.72,177.70,441.35,0.7483,-1,-1,-1
298,27,1233.21,354.75,141.17,393.26,0.7956,-1,-1,-1
299,11,1876.25,424.06,70.70,196.47,0.5643,-1,-1,-1
299,12,1572.44,391.41,111.17,302.33,0.7731,-1,-1,-1
299,13,1602.84,510.95,94.20,192.35,0.6968,-1,-1,-1
299,15,1692.58,524.38,108.20,205.75,0.7236,-1,-1,-1
299,23,1476.85,443.48,83.97,242.03,0.8601,-1,-1,-1
299,24,1115.74,367.72,142.35,405.42,0.7725,-1,-1,-1
299,25,1349.66,358.16,176.06,435.99,0.7546,-1,-1,-1
299,27,1238.78,354.67,141.40,391.14,0.7840,-1,-1,-1
300,11,1876.47,423.46,70.41,197.23,0.6035,-1,-1,-1
300,12,1575.00,391.07,110.69,298.59,0.7908,-1,-1,-1
300,13,1602.88,512.62,95.80,191.21,0.7212,-1,-1,-1
300,15,1691.75,524.15,108.18,206.67,0.7323,-1,-1,-1
300,23,1478.68,440.48,85.47,244.18,0.9441,-1,-1,-1
300,24,1124.71,368.20,140.73,402.19,0.7601,-1,-1,-1
300,25,1358.00,356.08,175.36,433.60,0.7926,-1,-1,-1
300,27,1244.52,354.23,141.55,391.44,0.8096,-1,-1,-1
301,11,1876.23,424.09,69.88,197.58,0.5929,-1,-1,-1
301,12,1578.78,390.99,109.35,293.36,0.8002,-1,-1,-1
301,13,1603.43,513.25,97.57,190.89,0.7188,-1,-1,-1
301,15,1691.85,524.27,108.05,207.42,0.7408,-1,-1,-1
301,23,1482.00,438.54,86.03,244.65,0.9057,-1,-1,-1
301,24,1132.35,368.94,139.71,400.39,0.7506,-1,-1,-1
301,25,1363.36,357.41,174.35,431.53,0.7632,-1,-1,-1
301,27,1249.77,352.57,139.83,392.96,0.7813,-1,-1,-1
302,11,1875.23,424.05,69.38,198.01,0.5871,-1,-1,-1
302,12,1581.44,389.23,107.96,289.35,0.7832,-1,-1,-1
302,13,1601.69,512.47,99.55,191.61,0.6947,-1,-1,-1
302,15,1692.71,524.91,107.90,207.92,0.7237,-1,-1,-1
302,23,1487.40,436.68,86.03,244.43,0.8659,-1,-1,-1
302,24,1140.03,370.38,138.47,398.01,0.7676,-1,-1,-1
302,25,1367.19,353.04,174.51,432.34,0.7639,-1,-1,-1
302,27,1253.08,352.13,138.43,393.62,0.7432,-1,-1,-1
303,11,1875.74,424.35,69.05,198.72,0.5884,-1,-1,-1
303,12,1583.38,388.88,107.27,288.10,0.7973,-1,-1,-1
303,13,1600.72,509.67,102.20,193.39,0.6933,-1,-1,-1
303,15,1693.52,524.58,107.16,207.31,0.7224,-1,-1,-1
303,23,1489.66,435.25,85.91,244.73,0.8567,-1,-1,-1
303,24,1149.39,369.56,138.92,398.06,0.7863,-1,-1,-1
303,25,1372.00,354.30,174.62,431.51,0.7270,-1,-1,-1
303,27,1254.30,353.86,136.72,387.53,0.8312,-1,-1,-1
304,11,1876.55,426.31,68.04,197.73,0.5687,-1,-1,-1
304,12,1585.37,390.06,106.44,286.13,0.8073,-1,-1,-1
304,13,1598.83,507.27,104.86,195.56,0.7145,-1,-1,-1
304,15,1694.53,524.26,106.42,206.63,0.7346,-1,-1,-1
304,23,1492.62,433.55,86.09,246.39,0.8254,-1,-1,-1
304,24,1157.21,367.71,139.24,398.15,0.8145,-1,-1,-1
304,25,1375.45,356.25,174.17,429.43,0.7344,-1,-1,-1
304,27,1257.97,352.95,135.66,389.35,0.7896,-1,-1,-1
305,11,1877.86,427.32,66.90,196.07,0.5878,-1,-1,-1
305,12,1587.92,389.30,106.30,287.35,0.7687,-1,-1,-1
305,13,1596.85,504.70,107.66,198.69,0.7372,-1,-1,-1
305,15,1694.63,524.06,106.04,206.89,0.7313,-1,-1,-1
305,23,1496.62,433.91,85.11,244.01,0.8408,-1,-1,-1
305,24,1160.46,368.06,138.48,396.60,0.8148,-1,-1,-1
305,25,1380.79,358.72,172.94,425.76,0.7343,-1,-1,-1
305,27,1259.36,355.13,134.83,388.04,0.7843,-1,-1,-1
306,11,1879.09,426.62,66.76,196.69,0.6025,-1,-1,-1
306,12,1590.53,388.15,105.75,287.59,0.7412,-1,-1,-1
306,13,1594.74,501.81,109.66,200.75,0.7254,-1,-1,-1
306,15,1694.66,524.02,105.70,207.30,0.7432,-1,-1,-1
306,23,1500.30,433.58,84.64,243.49,0.8095,-1,-1,-1
306,24,1164.65,368.50,137.34,394.54,0.8197,-1,-1,-1
306,25,1383.63,354.46,172.54,426.02,0.7813,-1,-1,-1
306,27,1264.61,354.84,131.48,385.28,0.7572,-1,-1,-1
307,11,1879.98,428.00,65.99,195.60,0.5544,-1,-1,-1
307,12,1592.73,388.58,107.08,292.99,0.2282,-1,-1,-1
307,13,1592.30,498.65,112.24,204.27,0.7409,-1,-1,-1
307,15,1694.08,524.17,105.29,207.42,0.7606,-1,-1,-1
307,23,1503.86,433.62,83.82,242.52,0.8211,-1,-1,-1
307,24,1167.91,367.48,136.81,394.56,0.7880,-1,-1,-1
307,25,1388.41,355.82,171.22,423.10,0.7860,-1,-1,-1
307,27,1272.06,356.77,127.36,382.20,0.7538,-1,-1,-1
308,11,1880.96,429.12,64.88,192.90,0.5809,-1,-1,-1
308,12,1595.99,389.86,106.10,292.47,0.7920,-1,-1,-1
308,13,1589.61,492.89,116.35,210.82,0.2166,-1,-1,-1
308,15,1693.83,524.25,103.79,205.56,0.7725,-1,-1,-1
308,23,1507.90,433.57,83.34,242.65,0.7456,-1,-1,-1
308,24,1170.95,368.61,134.82,392.74,0.7533,-1,-1,-1
308,25,1392.61,355.25,170.45,422.07,0.7878,-1,-1,-1
308,27,1279.66,356.70,123.81,381.63,0.7374,-1,-1,-1
309,11,1881.61,429.38,64.45,192.25,0.6034,-1,-1,-1
309,12,1600.14,390.43,105.17,291.08,0.8011,-1,-1,-1
309,13,1587.28,490.38,118.36,214.08,0.2218,-1,-1,-1
309,15,1693.01,525.26,103.13,204.56,0.7239,-1,-1,-1
309,23,1512.62,434.56,82.79,241.40,0.8582,-1,-1,-1
309,24,1173.88,370.70,132.59,389.42,0.7761,-1,-1,-1
309,25,1399.09,357.73,167.43,413.87,0.7313,-1,-1,-1
309,27,1286.76,359.14,120.14,378.16,0.7797,-1,-1,-1
310,11,1883.59,429.80,64.06,191.51,0.6088,-1,-1,-1
310,12,1605.95,390.73,103.06,286.86,0.6122,-1,-1,-1
310,13,1585.17,486.63,120.66,218.01,0.7695,-1,-1,-1
310,15,1692.71,525.29,103.07,204.82,0.7441,-1,-1,-1
310,23,1517.21,434.56,81.85,239.77,0.7352,-1,-1,-1
310,24,1176.49,371.43,130.52,386.01,0.7762,-1,-1,-1
310,25,1405.10,359.04,166.37,410.79,0.7379,-1,-1,-1
310,27,1291.64,359.79,118.23,379.08,0.7621,-1,-1,-1
311,11,1884.45,430.48,63.64,190.49,0.6073,-1,-1,-1
311,12,1611.59,393.29,101.39,282.76,0.7315,-1,-1,-1
311,13,1583.23,482.85,122.61,221.74,0.7796,-1,-1,-1
311,15,1692.26,525.18,103.07,205.90,0.7699,-1,-1,-1
311,23,1521.43,435.79,81.10,238.26,0.8046,-1,-1,-1
311,24,1179.64,373.18,129.90,384.20,0.7888,-1,-1,-1
311,25,1410.16,362.00,165.20,408.35,0.7156,-1,-1,-1
311,27,1296.00,361.57,115.59,376.83,0.7868,-1,-1,-1
312,11,1885.23,430.48,63.90,191.46,0.6156,-1,-1,-1
312,12,1615.79,394.27,100.81,281.75,0.7410,-1,-1,-1
312,13,1580.39,479.28,124.38,225.80,0.7859,-1,-1,-1
312,15,1692.06,525.64,102.36,205.12,0.7551,-1,-1,-1
312,23,1528.18,438.46,79.31,234.07,0.8430,-1,-1,-1
312,24,1182.14,374.32,130.09,383.36,0.8186,-1,-1,-1
312,25,1412.89,361.64,164.98,408.41,0.7685,-1,-1,-1
312,27,1298.86,361.70,114.33,377.73,0.7843,-1,-1,-1
313,11,1886.50,430.86,63.39,190.04,0.6118,-1,-1,-1
313,12,1620.05,394.85,100.52,281.80,0.7697,-1,-1,-1
313,13,1578.88,476.38,125.71,229.37,0.7659,-1,-1,-1
313,15,1690.88,525.26,102.43,205.98,0.7794,-1,-1,-1
313,23,1530.40,437.71,79.49,235.14,0.8280,-1,-1,-1
313,24,1184.41,375.03,129.95,382.38,0.7608,-1,-1,-1
313,25,1415.40,360.94,165.34,409.07,0.7689,-1,-1,-1
313,27,1301.98,361.93,113.26,376.57,0.7956,-1,-1,-1
314,11,1887.31,430.74,63.05,189.71,0.6014,-1,-1,-1
314,12,1623.98,394.14,100.80,283.54,0.6898,-1,-1,-1
314,13,1576.96,472.56,127.47,233.86,0.7929,-1,-1,-1
314,15,1689.37,525.20,102.31,206.34,0.7696,-1,-1,-1
314,23,1533.52,437.51,79.60,236.10,0.8085,-1,-1,-1
314,24,1187.73,375.26,129.29,378.03,0.8108,-1,-1,-1
314,25,1418.03,362.21,164.99,407.92,0.7448,-1,-1,-1
314,27,1305.69,364.28,111.67,373.25,0.7912,-1,-1,-1
315,11,1887.47,430.98,62.85,189.40,0.6104,-1,-1,-1
315,12,1628.00,394.11,101.06,284.82,0.7559,-1,-1,-1
315,13,1576.34,469.39,128.48,237.23,0.7967,-1,-1,-1
315,15,1687.96,525.45,102.01,206.24,0.7744,-1,-1,-1
315,23,1536.33,437.09,79.36,236.23,0.8384,-1,-1,-1
315,24,1190.77,376.20,129.41,376.02,0.8029,-1,-1,-1
315,25,1419.93,362.36,164.60,406.81,0.7690,-1,-1,-1
315,27,1308.36,366.85,110.58,368.58,0.7910,-1,-1,-1
316,11,1887.47,431.09,63.01,189.28,0.6407,-1,-1,-1
316,12,1634.24,394.22,100.58,284.27,0.7425,-1,-1,-1
316,13,1575.00,465.85,129.89,241.34,0.8095,-1,-1,-1
316,15,1687.01,526.44,101.70,205.89,0.7678,-1,-1,-1
316,23,1539.72,437.42,78.02,232.97,0.8600,-1,-1,-1
316,24,1193.01,376.31,130.39,377.70,0.7469,-1,-1,-1
316,25,1422.22,361.66,165.51,407.72,0.7548,-1,-1,-1
316,27,1311.68,367.88,110.13,365.31,0.7639,-1,-1,-1
317,11,1887.77,431.09,62.82,188.48,0.6114,-1,-1,-1
317,12,1646.08,392.95,102.45,284.29,0.7225,-1,-1,-1
317,13,1573.90,461.89,130.96,245.29,0.8158,-1,-1,-1
317,15,1686.37,526.75,101.57,205.88,0.7527,-1,-1,-1
317,23,1543.62,436.96,78.41,234.97,0.7999,-1,-1,-1
317,24,1196.76,378.48,130.14,374.89,0.8443,-1,-1,-1
317,25,1422.39,362.87,163.79,403.79,0.7534,-1,-1,-1
317,27,1314.65,368.60,110.82,364.14,0.8394,-1,-1,-1
318,11,1888.12,431.35,62.68,187.86,0.5963,-1,-1,-1
318,12,1654.91,392.90,104.16,283.22,0.6673,-1,-1,-1
318,13,1571.69,457.36,132.68,250.70,0.8509,-1,-1,-1
318,15,1684.63,525.57,101.90,206.65,0.7637,-1,-1,-1
318,23,1540.15,439.27,79.63,238.05,0.7499,-1,-1,-1
318,24,1192.49,389.82,121.43,346.99,0.8791,-1,-1,-1
318,25,1423.87,361.96,163.61,402.64,0.7522,-1,-1,-1
318,27,1318.08,368.77,110.43,360.39,0.8078,-1,-1,-1
319,11,1889.05,431.55,62.46,186.51,0.6233,-1,-1,-1
319,12,1662.89,392.64,105.49,282.00,0.6973,-1,-1,-1
319,13,1569.65,453.68,133.56,254.73,0.8088,-1,-1,-1
319,15,1682.82,525.54,101.93,206.55,0.7518,-1,-1,-1
319,23,1545.63,439.17,78.24,235.09,0.0948,-1,-1,-1
319,24,1201.37,384.85,125.99,358.34,0.7835,-1,-1,-1
319,25,1428.61,363.53,162.80,400.62,0.6982,-1,-1,-1
319,27,1321.28,369.83,112.03,358.94,0.8576,-1,-1,-1
320,11,1888.83,431.62,62.57,186.34,0.6280,-1,-1,-1
320,12,1667.25,393.02,106.57,280.73,0.7189,-1,-1,-1
320,13,1568.78,449.63,133.82,257.95,0.8436,-1,-1,-1
320,15,1681.23,525.04,102.11,206.68,0.7425,-1,-1,-1
320,23,1547.54,437.49,78.45,236.01,0.0957,-1,-1,-1
320,24,1208.56,384.20,127.49,361.64,0.8050,-1,-1,-1
320,25,1437.77,367.02,160.64,396.07,0.7340,-1,-1,-1
320,27,1323.64,369.01,113.49,357.72,0.8610,-1,-1,-1
321,11,1889.11,431.42,62.74,186.23,0.6229,-1,-1,-1
321,12,1668.67,395.94,106.44,278.07,0.7121,-1,-1,-1
321,13,1567.88,447.32,133.89,261.27,0.8491,-1,-1,-1
321,15,1679.68,525.51,102.09,206.26,0.7362,-1,-1,-1
321,23,1549.44,435.80,78.65,236.93,0.0965,-1,-1,-1
321,24,1214.44,384.31,128.90,364.10,0.8202,-1,-1,-1
321,25,1443.05,370.33,157.89,389.68,0.7047,-1,-1,-1
321,27,1323.58,368.83,115.59,358.28,0.8683,-1,-1,-1
321,28,1172.60,397.85,124.14,325.03,0.8883,-1,-1,-1
322,11,1889.54,431.34,63.02,186.58,0.6500,-1,-1,-1
322,12,1668.19,395.58,106.17,278.75,0.7330,-1,-1,-1
322,13,1567.85,443.97,133.71,264.24,0.8150,-1,-1,-1
322,15,1678.48,527.57,101.35,204.36,0.7321,-1,-1,-1
322,23,1551.35,434.12,78.86,237.85,0.0974,-1,-1,-1
322,24,1219.34,383.90,129.76,364.45,0.8145,-1,-1,-1
322,25,1447.62,371.66,157.19,387.29,0.7225,-1,-1,-1
322,27,1321.79,368.51,116.23,355.79,0.8587,-1,-1,-1
322,28,1171.75,398.26,124.35,323.01,0.8946,-1,-1,-1
323,11,1889.40,430.72,63.26,186.53,0.6341,-1,-1,-1
323,12,1670.13,397.02,105.79,277.78,0.7345,-1,-1,-1
323,13,1569.12,440.64,133.72,267.55,0.8029,-1,-1,-1
323,15,1675.79,527.38,101.84,204.86,0.7225,-1,-1,-1
323,23,1553.26,432.44,79.07,238.77,0.0982,-1,-1,-1
323,24,1225.35,385.42,129.73,363.10,0.8383,-1,-1,-1
323,25,1450.06,372.02,157.26,386.15,0.7214,-1,-1,-1
323,27,1320.24,368.90,117.00,352.93,0.8278,-1,-1,-1
323,28,1167.87,398.17,131.04,323.20,0.8683,-1,-1,-1
324,11,1889.44,430.62,63.39,186.43,0.6230,-1,-1,-1
324,12,1673.94,398.72,106.35,277.82,0.6536,-1,-1,-1
324,13,1570.68,437.91,132.91,269.72,0.8016,-1,-1,-1
324,15,1672.64,528.46,102.21,204.61,0.7172,-1,-1,-1
324,23,1555.17,430.76,79.27,239.69,0.0991,-1,-1,-1
324,24,1231.80,384.78,130.13,362.19,0.8458,-1,-1,-1
324,25,1450.26,371.84,157.49,385.07,0.7217,-1,-1,-1
324,27,1317.90,368.72,118.50,352.90,0.8611,-1,-1,-1
324,28,1164.11,398.32,136.64,324.20,0.8610,-1,-1,-1
325,11,1889.07,429.92,63.41,186.16,0.6545,-1,-1,-1
325,12,1678.06,398.61,105.76,274.42,0.6976,-1,-1,-1
325,13,1571.51,434.57,132.14,271.64,0.8145,-1,-1,-1
325,15,1671.14,527.88,103.03,204.92,0.7102,-1,-1,-1
325,23,1557.07,429.07,79.48,240.61,0.0999,-1,-1,-1
325,24,1236.88,385.26,129.91,359.69,0.8569,-1,-1,-1
325,25,1449.78,371.01,157.75,383.72,0.7236,-1,-1,-1
325,27,1319.49,369.37,119.19,348.80,0.8319,-1,-1,-1
325,28,1162.36,398.16,137.20,324.92,0.8619,-1,-1,-1
326,11,1888.76,429.00,63.57,186.73,0.6421,-1,-1,-1
326,12,1679.02,397.79,108.32,280.32,0.7286,-1,-1,-1
326,13,1572.30,430.10,132.91,277.27,0.8115,-1,-1,-1
326,15,1671.14,528.50,103.65,204.10,0.6795,-1,-1,-1
326,23,1558.98,427.39,79.69,241.53,0.1008,-1,-1,-1
326,24,1241.33,385.69,129.73,357.30,0.8561,-1,-1,-1
326,25,1449.74,370.78,157.90,382.06,0.7495,-1,-1,-1
326,27,1321.57,370.88,119.15,344.44,0.8546,-1,-1,-1
326,28,1160.86,397.24,140.44,328.48,0.8371,-1,-1,-1
327,11,1888.56,429.56,63.24,185.78,0.6110,-1,-1,-1
327,12,1682.71,397.98,109.21,282.67,0.7637,-1,-1,-1
327,13,1572.89,425.88,132.74,280.92,0.8041,-1,-1,-1
327,15,1670.09,527.92,104.34,204.26,0.7319,-1,-1,-1
327,23,1560.89,425.71,79.89,242.44,0.1017,-1,-1,-1
327,24,1245.70,387.07,129.47,355.30,0.8683,-1,-1,-1
327,25,1449.55,372.63,157.60,378.89,0.7387,-1,-1,-1
327,27,1324.17,371.80,120.00,341.97,0.8631,-1,-1,-1
327,28,1159.01,396.50,141.93,329.28,0.8583,-1,-1,-1
328,11,1888.57,430.01,62.16,182.64,0.6384,-1,-1,-1
328,12,1686.45,397.78,107.27,277.24,0.7688,-1,-1,-1
328,13,1575.44,420.38,132.60,284.37,0.8316,-1,-1,-1
328,15,1669.34,528.24,104.70,203.72,0.7209,-1,-1,-1
328,23,1562.79,424.02,80.10,243.36,0.1025,-1,-1,-1
328,24,1248.76,386.78,129.80,354.12,0.8555,-1,-1,-1
328,25,1448.91,371.45,159.09,380.87,0.7376,-1,-1,-1
328,27,1326.99,372.92,121.22,342.29,0.8792,-1,-1,-1
328,28,1156.72,396.59,140.98,329.47,0.8570,-1,-1,-1
329,11,1888.61,429.48,62.39,183.43,0.5975,-1,-1,-1
329,12,1691.09,398.62,105.40,272.12,0.7742,-1,-1,-1
329,13,1576.32,416.96,131.73,287.22,0.8034,-1,-1,-1
329,15,1669.21,527.30,105.17,204.51,0.7502,-1,-1,-1
329,23,1564.70,422.34,80.30,244.28,0.1034,-1,-1,-1
329,24,1253.48,387.78,129.89,352.63,0.8686,-1,-1,-1
329,25,1450.47,373.99,157.79,377.14,0.7190,-1,-1,-1
329,27,1329.48,375.05,122.00,341.05,0.8392,-1,-1,-1
329,28,1154.58,394.86,141.85,329.61,0.8607,-1,-1,-1
330,11,1888.31,429.74,62.28,183.71,0.5920,-1,-1,-1
330,12,1693.55,396.52,105.34,272.57,0.7678,-1,-1,-1
330,13,1577.53,411.62,131.53,291.69,0.7966,-1,-1,-1
330,15,1669.42,525.69,105.94,206.22,0.7572,-1,-1,-1
330,23,1566.61,420.66,80.51,245.20,0.1042,-1,-1,-1
330,24,1256.05,388.87,129.34,350.24,0.8762,-1,-1,-1
330,25,1451.33,374.92,157.28,376.44,0.7310,-1,-1,-1
330,27,1332.02,376.28,122.28,337.92,0.8483,-1,-1,-1
330,28,1153.26,393.22,142.18,330.57,0.8595,-1,-1,-1
331,11,1888.58,429.34,62.14,183.74,0.5989,-1,-1,-1
331,12,1697.65,399.07,103.12,267.92,0.7560,-1,-1,-1
331,13,1578.86,408.05,130.79,295.04,0.7619,-1,-1,-1
331,15,1669.73,524.41,106.20,207.33,0.7595,-1,-1,-1
331,23,1568.52,418.98,80.72,246.12,0.1051,-1,-1,-1
331,24,1262.05,389.48,129.13,348.82,0.8631,-1,-1,-1
331,25,1450.85,376.80,156.00,374.07,0.7754,-1,-1,-1
331,27,1334.67,376.92,122.95,336.62,0.8658,-1,-1,-1
331,28,1149.94,391.96,142.90,332.34,0.8594,-1,-1,-1
332,11,1888.99,427.80,62.75,186.11,0.6124,-1,-1,-1
332,12,1701.57,400.46,101.39,264.73,0.7804,-1,-1,-1
332,13,1582.49,405.77,130.26,297.57,0.7953,-1,-1,-1
332,15,1670.66,522.00,107.34,211.13,0.7942,-1,-1,-1
332,23,1570.42,417.29,80.92,247.04,0.1059,-1,-1,-1
332,24,1267.53,390.04,128.97,348.06,0.8720,-1,-1,-1
332,25,1449.03,376.52,156.00,375.12,0.7752,-1,-1,-1
332,27,1338.87,378.14,124.15,337.35,0.8814,-1,-1,-1
332,28,1146.80,390.60,143.22,335.03,0.8572,-1,-1,-1
333,11,1889.46,427.00,62.73,186.41,0.5960,-1,-1,-1
333,12,1705.26,403.03,99.51,261.44,0.7241,-1,-1,-1
333,13,1587.01,404.77,129.40,298.63,0.7726,-1,-1,-1
333,15,1671.08,522.49,106.16,210.11,0.7906,-1,-1,-1
333,23,1572.33,415.61,81.13,247.96,0.1068,-1,-1,-1
333,24,1272.55,391.25,128.36,345.22,0.8563,-1,-1,-1
333,25,1447.72,380.69,152.80,367.60,0.7975,-1,-1,-1
333,27,1342.95,378.86,124.29,335.65,0.8760,-1,-1,-1
333,28,1144.62,390.32,142.82,335.93,0.8533,-1,-1,-1
334,11,1890.62,427.59,62.64,185.94,0.6455,-1,-1,-1
334,12,1710.45,404.82,98.09,258.24,0.7643,-1,-1,-1
334,13,1591.53,403.77,127.64,295.56,0.7730,-1,-1,-1
334,15,1671.38,523.51,104.75,208.67,0.7949,-1,-1,-1
334,23,1566.49,415.30,86.20,259.82,0.6723,-1,-1,-1
334,24,1277.82,390.04,128.77,344.85,0.8553,-1,-1,-1
334,25,1446.29,382.64,151.37,364.00,0.7926,-1,-1,-1
334,27,1347.71,378.37,124.88,335.22,0.8654,-1,-1,-1
334,28,1143.46,390.26,143.36,337.00,0.8251,-1,-1,-1
335,11,1892.44,426.37,62.96,187.04,0.5805,-1,-1,-1
335,12,1714.36,404.27,97.44,257.88,0.7442,-1,-1,-1
335,13,1596.70,404.89,127.42,296.22,0.8061,-1,-1,-1
335,15,1672.04,522.38,104.07,209.27,0.7967,-1,-1,-1
335,23,1564.88,414.55,89.19,265.89,0.7976,-1,-1,-1
335,24,1284.06,393.44,127.28,339.49,0.8498,-1,-1,-1
335,25,1444.85,383.23,151.12,364.10,0.7874,-1,-1,-1
335,27,1352.44,379.10,124.91,333.24,0.8668,-1,-1,-1
335,28,1144.05,390.26,144.30,338.67,0.8398,-1,-1,-1
336,11,1892.61,421.92,64.46,191.39,0.3045,-1,-1,-1
336,12,1718.06,405.40,96.21,255.87,0.7484,-1,-1,-1
336,13,1603.78,406.01,126.75,294.90,0.7925,-1,-1,-1
336,15,1672.34,522.52,102.78,208.80,0.7933,-1,-1,-1
336,23,1568.12,413.27,91.83,270.18,0.8197,-1,-1,-1
336,24,1287.80,396.08,126.51,336.06,0.8637,-1,-1,-1
336,25,1443.88,381.58,152.52,368.30,0.7666,-1,-1,-1
336,27,1356.93,379.36,125.78,333.09,0.8742,-1,-1,-1
336,28,1144.04,391.73,143.73,338.49,0.8418,-1,-1,-1
337,11,1892.23,419.06,64.78,192.50,0.4160,-1,-1,-1
337,12,1722.01,405.79,95.12,254.29,0.7457,-1,-1,-1
337,13,1609.39,406.30,127.20,295.80,0.7683,-1,-1,-1
337,15,1673.62,521.95,101.99,209.55,0.8032,-1,-1,-1
337,23,1573.55,411.64,93.87,274.54,0.8110,-1,-1,-1
337,24,1293.71,396.07,126.45,334.60,0.8756,-1,-1,-1
337,25,1443.97,382.86,151.46,365.66,0.7781,-1,-1,-1
337,27,1358.71,380.02,125.82,332.19,0.9128,-1,-1,-1
337,28,1144.63,391.06,144.47,340.42,0.8322,-1,-1,-1
338,12,1725.87,406.36,94.26,253.10,0.7407,-1,-1,-1
338,13,1613.27,405.93,128.22,297.66,0.7370,-1,-1,-1
338,15,1673.47,520.00,101.86,212.18,0.8071,-1,-1,-1
338,23,1576.75,411.14,94.19,275.77,0.7767,-1,-1,-1
338,24,1300.67,394.94,127.02,334.64,0.8798,-1,-1,-1
338,25,1443.52,382.61,151.49,365.66,0.7784,-1,-1,-1
338,27,1359.25,379.10,125.88,331.69,0.9085,-1,-1,-1
338,28,1144.34,391.19,144.98,342.18,0.8441,-1,-1,-1
339,12,1729.52,405.79,93.68,252.69,0.7106,-1,-1,-1
339,13,1618.94,404.95,129.72,298.85,0.6823,-1,-1,-1
339,15,1674.31,519.80,101.07,212.90,0.7916,-1,-1,-1
339,23,1583.38,409.28,95.03,278.00,0.7393,-1,-1,-1
339,24,1304.50,395.69,126.91,333.76,0.8556,-1,-1,-1
339,25,1444.88,383.39,149.54,361.55,0.7874,-1,-1,-1
339,27,1359.07,380.67,123.94,327.31,0.8869,-1,-1,-1
339,28,1142.68,394.04,144.16,340.32,0.8327,-1,-1,-1
340,12,1737.06,405.61,93.73,251.81,0.7398,-1,-1,-1
340,13,1622.29,405.81,131.64,301.24,0.6276,-1,-1,-1
340,15,1674.98,521.49,98.77,210.18,0.7191,-1,-1,-1
340,23,1587.67,410.88,94.94,276.15,0.7666,-1,-1,-1
340,24,1307.24,395.28,126.82,332.69,0.8445,-1,-1,-1
340,25,1444.46,382.75,148.79,360.38,0.7805,-1,-1,-1
340,27,1359.27,382.92,121.98,323.42,0.6831,-1,-1,-1
340,28,1140.81,394.39,144.37,340.22,0.8443,-1,-1,-1
341,12,1742.53,405.74,94.22,251.17,0.7472,-1,-1,-1
341,13,1628.46,407.16,132.87,301.05,0.6657,-1,-1,-1
341,15,1675.25,521.51,97.74,209.86,0.7738,-1,-1,-1
341,23,1590.58,413.02,94.51,274.51,0.7782,-1,-1,-1
341,24,1312.66,396.20,126.42,331.04,0.8699,-1,-1,-1
341,25,1445.04,383.71,147.17,356.52,0.7610,-1,-1,-1
341,27,1361.65,384.24,121.88,321.96,0.6935,-1,-1,-1
341,28,1140.10,392.75,144.87,341.66,0.8141,-1,-1,-1
342,12,1747.82,404.73,95.82,252.98,0.6778,-1,-1,-1
342,13,1631.44,405.67,133.95,302.23,0.6399,-1,-1,-1
342,15,1675.31,523.18,95.89,207.03,0.7748,-1,-1,-1
342,23,1592.45,414.67,94.90,272.74,0.8348,-1,-1,-1
342,24,1317.65,399.17,125.65,327.42,0.8519,-1,-1,-1
342,25,1446.37,384.46,146.62,355.29,0.7734,-1,-1,-1
342,27,1364.02,385.56,121.78,320.51,0.7039,-1,-1,-1
342,28,1138.00,389.64,146.55,345.00,0.8587,-1,-1,-1
343,12,1751.64,405.17,96.62,252.48,0.6921,-1,-1,-1
343,13,1636.50,405.57,134.36,301.34,0.6698,-1,-1,-1
343,15,1675.00,521.88,95.96,208.74,0.7820,-1,-1,-1
343,23,1593.04,417.52,94.00,268.68,0.8234,-1,-1,-1
343,24,1322.26,400.77,125.12,324.57,0.8606,-1,-1,-1
343,25,1459.90,383.05,139.76,338.48,0.8203,-1,-1,-1
343,27,1366.40,386.89,121.69,319.05,0.7143,-1,-1,-1
343,28,1137.73,387.71,147.52,346.45,0.8392,-1,-1,-1
344,12,1753.80,404.30,97.51,253.57,0.7302,-1,-1,-1
344,13,1641.74,405.97,134.23,299.93,0.7176,-1,-1,-1
344,15,1676.03,523.40,94.38,206.73,0.7899,-1,-1,-1
344,23,1595.67,420.16,92.62,263.98,0.8343,-1,-1,-1
344,24,1326.28,401.63,124.58,321.76,0.8624,-1,-1,-1
344,25,1469.93,381.47,134.47,325.95,0.8412,-1,-1,-1
344,27,1368.77,388.21,121.59,317.60,0.7247,-1,-1,-1
344,28,1136.89,385.46,148.73,348.62,0.8279,-1,-1,-1
345,12,1754.14,405.02,96.63,250.87,0.7102,-1,-1,-1
345,13,1646.77,403.86,136.07,303.85,0.6981,-1,-1,-1
345,15,1675.43,523.98,93.83,206.60,0.7964,-1,-1,-1
345,23,1598.99,420.99,92.68,263.08,0.7751,-1,-1,-1
345,24,1330.96,401.80,124.31,319.75,0.8569,-1,-1,-1
345,25,1463.49,384.36,138.93,337.56,0.8022,-1,-1,-1
345,27,1371.15,389.53,121.49,316.14,0.7351,-1,-1,-1
345,28,1135.36,385.16,149.53,350.68,0.8252,-1,-1,-1
346,12,1754.75,405.07,97.20,252.20,0.7245,-1,-1,-1
346,13,1653.86,403.77,135.82,303.67,0.7251,-1,-1,-1
346,15,1674.95,525.17,92.85,204.77,0.7757,-1,-1,-1
346,23,1604.85,420.76,92.53,262.10,0.7460,-1,-1,-1
346,24,1334.10,402.81,124.57,319.61,0.8686,-1,-1,-1
346,25,1462.58,387.11,140.04,339.87,0.7989,-1,-1,-1
346,27,1373.52,390.85,121.39,314.68,0.7454,-1,-1,-1
346,28,1134.07,385.12,149.80,351.12,0.8320,-1,-1,-1
347,12,1755.01,406.03,96.01,250.64,0.6879,-1,-1,-1
347,13,1658.27,402.55,136.29,305.58,0.7253,-1,-1,-1
347,15,1674.99,525.77,92.34,204.22,0.7843,-1,-1,-1
347,23,1610.44,418.86,93.22,263.70,0.7510,-1,-1,-1
347,24,1339.77,403.06,124.39,318.08,0.8556,-1,-1,-1
347,25,1462.51,390.16,140.15,339.88,0.7879,-1,-1,-1
347,27,1375.90,392.18,121.30,313.23,0.7558,-1,-1,-1
347,28,1131.67,386.74,151.00,353.44,0.8443,-1,-1,-1
348,12,1756.58,406.69,95.37,250.00,0.7109,-1,-1,-1
348,13,1663.41,401.04,136.00,306.52,0.6797,-1,-1,-1
348,15,1675.58,526.54,91.63,203.50,0.7930,-1,-1,-1
348,23,1613.64,417.26,93.60,264.60,0.7660,-1,-1,-1
348,24,1344.68,404.60,123.81,315.48,0.8363,-1,-1,-1
348,25,1463.90,393.83,139.21,337.18,0.7986,-1,-1,-1
348,27,1378.27,393.50,121.20,311.77,0.7662,-1,-1,-1
348,28,1129.16,386.66,153.33,359.13,0.8124,-1,-1,-1
349,12,1759.73,406.35,94.71,248.61,0.7164,-1,-1,-1
349,13,1668.11,400.16,136.62,309.64,0.6957,-1,-1,-1
349,15,1674.93,526.92,91.17,203.35,0.7794,-1,-1,-1
349,23,1614.79,417.22,93.59,263.80,0.8289,-1,-1,-1
349,24,1349.71,403.17,123.76,314.34,0.8487,-1,-1,-1
349,25,1482.40,389.67,134.43,326.17,0.8292,-1,-1,-1
349,27,1380.65,394.82,121.10,310.31,0.7766,-1,-1,-1
349,28,1126.65,386.68,154.13,360.55,0.8172,-1,-1,-1
350,12,1763.39,407.28,94.18,247.86,0.6883,-1,-1,-1
350,13,1674.81,399.10,135.22,308.72,0.7200,-1,-1,-1
350,15,1675.28,528.32,90.88,202.85,0.7821,-1,-1,-1
350,23,1615.07,417.81,92.26,259.96,0.7895,-1,-1,-1
350,24,1354.87,404.25,124.21,313.98,0.8949,-1,-1,-1
350,25,1476.23,393.29,135.62,326.79,0.7719,-1,-1,-1
350,27,1383.02,396.14,121.00,308.86,0.7870,-1,-1,-1
350,28,1123.48,384.94,155.23,364.70,0.8091,-1,-1,-1
351,12,1765.72,407.03,93.64,246.99,0.7173,-1,-1,-1
351,13,1679.82,398.84,134.14,308.77,0.7185,-1,-1,-1
351,15,1675.28,529.27,90.36,201.75,0.7709,-1,-1,-1
351,23,1615.69,420.37,91.49,256.50,0.7485,-1,-1,-1
351,24,1359.65,404.67,123.80,312.11,0.8274,-1,-1,-1
351,25,1473.33,396.47,135.16,322.84,0.5083,-1,-1,-1
351,27,1385.40,397.47,120.91,307.40,0.7974,-1,-1,-1
351,28,1121.67,383.81,155.94,367.42,0.8296,-1,-1,-1
352,12,1766.38,405.89,93.70,248.42,0.7341,-1,-1,-1
352,13,1686.41,396.35,134.23,312.84,0.7210,-1,-1,-1
352,15,1675.93,530.85,90.04,201.41,0.7869,-1,-1,-1
352,23,1618.31,421.02,91.11,254.55,0.7855,-1,-1,-1
352,24,1365.43,405.57,123.33,309.86,0.8323,-1,-1,-1
352,25,1472.98,394.82,137.19,327.02,0.7846,-1,-1,-1
352,27,1387.77,398.79,120.81,305.95,0.8078,-1,-1,-1
352,28,1119.62,381.49,157.47,372.06,0.8261,-1,-1,-1
352,29,1519.40,385.13,123.94,311.37,0.7886,-1,-1,-1
353,12,1769.08,405.62,92.64,247.23,0.7070,-1,-1,-1
353,13,1689.13,395.60,133.31,314.00,0.7257,-1,-1,-1
353,15,1675.41,530.04,89.93,201.40,0.8009,-1,-1,-1
353,23,1622.96,420.24,91.64,254.99,0.8372,-1,-1,-1
353,24,1370.02,406.75,122.82,307.52,0.8995,-1,-1,-1
353,25,1474.25,394.89,138.08,328.68,0.7913,-1,-1,-1
353,27,1390.15,400.11,120.71,304.49,0.8182,-1,-1,-1
353,28,1117.64,380.40,158.33,374.28,0.7936,-1,-1,-1
353,29,1522.39,383.85,124.03,310.92,0.7334,-1,-1,-1
354,12,1772.81,408.00,90.89,244.74,0.6748,-1,-1,-1
354,13,1692.78,393.67,133.39,317.06,0.7305,-1,-1,-1
354,15,1674.64,529.51,89.74,201.40,0.7731,-1,-1,-1
354,23,1627.52,418.99,92.45,256.32,0.7475,-1,-1,-1
354,24,1374.16,408.09,122.22,304.19,0.8834,-1,-1,-1
354,25,1476.63,395.25,138.77,330.01,0.7966,-1,-1,-1
354,27,1392.52,401.43,120.61,303.03,0.8286,-1,-1,-1
354,28,1116.64,378.35,159.07,376.94,0.8110,-1,-1,-1
354,29,1525.23,384.20,124.40,310.52,0.7862,-1,-1,-1
355,12,1774.77,406.15,90.30,245.47,0.6688,-1,-1,-1
355,13,1696.59,392.85,132.08,317.32,0.7022,-1,-1,-1
355,15,1674.12,528.94,89.95,201.77,0.7697,-1,-1,-1
355,23,1633.54,417.41,93.34,257.96,0.7443,-1,-1,-1
355,24,1379.16,408.98,121.58,300.83,0.8766,-1,-1,-1
355,25,1479.54,396.12,138.64,330.06,0.8022,-1,-1,-1
355,27,1394.90,402.76,120.52,301.58,0.8390,-1,-1,-1
355,28,1113.55,375.91,160.88,381.33,0.7721,-1,-1,-1
355,29,1528.92,384.22,123.67,308.95,0.7911,-1,-1,-1
356,12,1777.72,405.60,89.26,244.48,0.6964,-1,-1,-1
356,13,1699.35,394.34,131.27,318.07,0.6859,-1,-1,-1
356,15,1674.97,530.21,89.58,200.64,0.7545,-1,-1,-1
356,23,1639.40,419.31,92.56,254.40,0.8087,-1,-1,-1
356,24,1384.13,411.13,122.06,300.66,0.8245,-1,-1,-1
356,25,1481.26,396.35,138.83,330.86,0.7958,-1,-1,-1
356,27,1397.27,404.08,120.42,300.12,0.8493,-1,-1,-1
356,28,1110.53,374.71,162.77,386.23,0.7522,-1,-1,-1
356,29,1531.40,384.59,124.80,310.87,0.8011,-1,-1,-1
357,12,1780.09,405.11,88.79,245.20,0.6545,-1,-1,-1
357,13,1703.25,394.10,130.63,319.81,0.6914,-1,-1,-1
357,15,1675.98,529.50,90.22,202.14,0.7869,-1,-1,-1
357,23,1643.17,422.11,92.44,252.02,0.7814,-1,-1,-1
357,24,1388.04,410.25,122.92,301.68,0.8495,-1,-1,-1
357,25,1483.79,397.59,137.62,328.39,0.8074,-1,-1,-1
357,27,1399.65,405.40,120.32,298.66,0.8597,-1,-1,-1
357,28,1107.86,373.85,163.39,387.89,0.7820,-1,-1,-1
357,29,1535.95,385.24,124.67,309.12,0.8160,-1,-1,-1
358,12,1783.08,405.20,87.92,245.08,0.6380,-1,-1,-1
358,13,1706.92,393.05,130.15,321.96,0.6752,-1,-1,-1
358,15,1677.42,529.66,90.51,202.81,0.7706,-1,-1,-1
358,23,1645.96,424.33,91.78,248.50,0.7718,-1,-1,-1
358,24,1391.29,404.94,124.88,306.19,0.8488,-1,-1,-1
358,25,1486.82,397.27,137.11,327.55,0.7978,-1,-1,-1
358,27,1402.02,406.72,120.22,297.21,0.8701,-1,-1,-1
358,28,1104.38,369.82,164.62,391.33,0.8105,-1,-1,-1
358,29,1540.02,385.74,127.29,308.54,0.7801,-1,-1,-1
359,12,1785.94,405.15,86.80,244.45,0.6239,-1,-1,-1
359,13,1711.00,392.97,129.01,322.70,0.6201,-1,-1,-1
359,15,1680.13,530.46,90.60,203.34,0.7631,-1,-1,-1
359,23,1649.69,427.03,90.99,244.69,0.7955,-1,-1,-1
359,24,1391.71,397.47,124.66,306.26,0.9259,-1,-1,-1
359,25,1490.09,397.85,136.36,326.22,0.8055,-1,-1,-1
359,27,1404.40,408.05,120.13,295.75,0.8805,-1,-1,-1
359,28,1102.11,366.89,165.70,395.02,0.8024,-1,-1,-1
359,29,1543.66,385.93,127.73,307.56,0.7523,-1,-1,-1
360,12,1790.83,407.58,85.50,241.60,0.6782,-1,-1,-1
360,13,1714.20,391.96,129.46,328.10,0.6468,-1,-1,-1
360,15,1683.99,527.33,92.29,207.05,0.7720,-1,-1,-1
360,23,1654.27,427.85,90.87,243.94,0.7441,-1,-1,-1
360,24,1398.17,399.50,125.32,306.87,0.8085,-1,-1,-1
360,25,1493.12,398.67,136.11,326.57,0.7883,-1,-1,-1
360,27,1406.77,409.37,120.03,294.30,0.8909,-1,-1,-1
360,28,1100.54,366.98,166.09,396.61,0.8031,-1,-1,-1
360,29,1546.62,385.64,129.80,307.66,0.7697,-1,-1,-1
361,12,1796.04,409.21,84.53,240.20,0.6233,-1,-1,-1
361,13,1718.46,391.92,127.60,327.07,0.6485,-1,-1,-1
361,15,1689.26,525.22,93.73,209.99,0.7526,-1,-1,-1
361,23,1655.57,428.56,90.73,241.48,0.8028,-1,-1,-1
361,25,1497.04,400.11,134.19,321.86,0.8179,-1,-1,-1
361,27,1409.15,410.69,119.93,292.84,0.9013,-1,-1,-1
361,28,1098.53,364.90,166.73,399.94,0.8021,-1,-1,-1
361,29,1551.71,385.93,126.89,305.70,0.7939,-1,-1,-1
362,12,1802.89,408.70,84.01,239.36,0.6342,-1,-1,-1
362,13,1724.57,391.60,126.54,327.27,0.6118,-1,-1,-1
362,15,1696.21,522.59,95.61,213.69,0.7407,-1,-1,-1
362,23,1657.64,427.90,91.49,240.97,0.7416,-1,-1,-1
362,25,1502.33,400.47,133.01,319.32,0.7690,-1,-1,-1
362,27,1411.06,412.30,121.97,292.67,0.2556,-1,-1,-1
362,28,1097.18,364.76,166.63,400.38,0.7990,-1,-1,-1
362,29,1556.74,386.31,126.18,305.61,0.7886,-1,-1,-1
363,12,1808.09,408.34,84.17,240.11,0.6542,-1,-1,-1
363,13,1730.67,391.67,126.17,328.22,0.6470,-1,-1,-1
363,15,1704.91,521.84,95.86,213.84,0.7372,-1,-1,-1
363,23,1660.63,429.14,91.87,239.76,0.7716,-1,-1,-1
363,25,1507.35,402.16,131.74,316.24,0.7676,-1,-1,-1
363,27,1414.66,414.13,122.49,290.20,0.9028,-1,-1,-1
363,28,1095.45,365.25,166.88,402.60,0.7573,-1,-1,-1
363,29,1561.42,388.47,125.75,303.05,0.8013,-1,-1,-1
364,12,1813.48,407.12,84.04,240.67,0.6837,-1,-1,-1
364,13,1738.14,391.12,125.78,327.93,0.6600,-1,-1,-1
364,15,1712.29,521.94,97.05,215.47,0.7183,-1,-1,-1
364,23,1663.69,427.66,92.70,241.09,0.7886,-1,-1,-1
364,25,1511.62,401.82,131.19,314.87,0.7868,-1,-1,-1
364,27,1417.98,414.62,122.50,286.95,0.9039,-1,-1,-1
364,28,1093.99,365.39,167.58,405.55,0.7980,-1,-1,-1
364,29,1564.93,388.87,126.47,302.91,0.8076,-1,-1,-1
365,12,1815.98,407.78,84.00,240.64,0.6804,-1,-1,-1
365,13,1744.55,390.22,126.20,329.18,0.6596,-1,-1,-1
365,15,1718.02,521.39,97.92,216.05,0.7166,-1,-1,-1
365,23,1666.14,427.47,93.11,240.81,0.7909,-1,-1,-1
365,25,1517.93,401.67,131.08,314.78,0.8228,-1,-1,-1
365,27,1422.02,413.81,123.81,288.08,0.8900,-1,-1,-1
365,28,1092.05,364.92,168.55,408.57,0.7609,-1,-1,-1
365,29,1568.75,388.30,126.20,303.18,0.7725,-1,-1,-1
366,12,1818.43,408.87,83.56,238.70,0.6801,-1,-1,-1
366,13,1749.78,388.85,126.57,331.14,0.6778,-1,-1,-1
366,15,1723.78,519.67,99.79,218.86,0.7119,-1,-1,-1
366,23,1669.49,425.70,93.34,241.41,0.8024,-1,-1,-1
366,25,1523.92,402.57,130.24,312.85,0.8248,-1,-1,-1
366,27,1426.75,412.61,124.01,288.12,0.9154,-1,-1,-1
366,28,1091.03,363.78,168.58,410.16,0.7868,-1,-1,-1
366,29,1573.78,388.33,124.51,301.52,0.7908,-1,-1,-1
367,12,1821.26,408.88,84.03,240.01,0.6236,-1,-1,-1
367,13,1756.74,387.37,127.63,333.06,0.6230,-1,-1,-1
367,15,1731.85,519.31,100.92,219.26,0.6893,-1,-1,-1
367,23,1672.04,424.73,94.23,242.20,0.7438,-1,-1,-1
367,25,1529.83,402.28,129.71,311.20,0.8020,-1,-1,-1
367,27,1430.14,413.21,123.97,286.96,0.8744,-1,-1,-1
367,28,1090.11,361.31,169.34,413.27,0.7728,-1,-1,-1
367,29,1577.25,387.82,124.55,302.45,0.7911,-1,-1,-1
368,12,1827.21,410.23,77.23,217.66,0.5462,-1,-1,-1
368,13,1764.16,387.86,128.75,334.21,0.5981,-1,-1,-1
368,15,1739.86,518.33,103.26,221.63,0.6326,-1,-1,-1
368,23,1675.26,422.30,95.42,243.61,0.7628,-1,-1,-1
368,25,1536.21,403.16,128.73,307.97,0.8060,-1,-1,-1
368,27,1434.95,413.69,123.95,286.76,0.8748,-1,-1,-1
368,28,1089.10,360.05,168.77,415.25,0.7713,-1,-1,-1
368,29,1580.41,387.57,125.37,303.46,0.7697,-1,-1,-1
369,12,1830.20,411.74,74.99,209.30,0.1470,-1,-1,-1
369,13,1770.88,389.43,129.55,334.22,0.5732,-1,-1,-1
369,15,1747.66,517.66,104.61,222.54,0.6350,-1,-1,-1
369,23,1678.03,421.98,95.60,243.13,0.8040,-1,-1,-1
369,25,1541.48,402.93,128.26,306.59,0.8083,-1,-1,-1
369,27,1437.78,413.31,123.87,286.06,0.8575,-1,-1,-1
369,28,1088.66,357.98,168.99,418.74,0.7937,-1,-1,-1
369,29,1585.45,386.99,124.45,300.45,0.7433,-1,-1,-1
370,12,1832.87,411.29,74.29,207.43,0.1461,-1,-1,-1
370,13,1778.72,390.57,129.86,332.16,0.5624,-1,-1,-1
370,15,1757.21,517.22,104.54,221.48,0.5884,-1,-1,-1
370,23,1681.51,422.10,95.54,242.35,0.7570,-1,-1,-1
370,25,1545.72,403.17,127.50,304.82,0.8118,-1,-1,-1
370,27,1441.08,413.59,124.01,283.99,0.8765,-1,-1,-1
370,28,1086.92,357.03,168.89,422.28,0.7696,-1,-1,-1
370,29,1589.42,387.01,124.07,297.18,0.7306,-1,-1,-1
371,12,1835.55,410.85,73.59,205.56,0.1452,-1,-1,-1
371,13,1785.49,389.44,130.96,331.29,0.5349,-1,-1,-1
371,15,1767.30,518.91,104.77,221.61,0.6764,-1,-1,-1
371,23,1683.89,422.36,95.82,242.42,0.7879,-1,-1,-1
371,25,1552.06,404.18,126.79,302.76,0.8027,-1,-1,-1
371,27,1445.56,414.51,123.35,281.79,0.8972,-1,-1,-1
371,28,1085.31,356.24,169.21,425.52,0.7660,-1,-1,-1
371,29,1593.94,387.15,123.47,297.03,0.7606,-1,-1,-1
372,12,1838.22,410.40,72.89,203.69,0.1443,-1,-1,-1
372,13,1791.20,388.44,132.21,333.19,0.5716,-1,-1,-1
372,15,1775.30,518.03,105.06,222.31,0.6327,-1,-1,-1
372,23,1686.41,423.91,95.61,241.24,0.7427,-1,-1,-1
372,25,1559.06,404.50,126.53,301.18,0.7933,-1,-1,-1
372,27,1449.22,414.63,123.17,281.25,0.2562,-1,-1,-1
372,28,1081.89,356.01,169.48,428.92,0.7471,-1,-1,-1
372,29,1600.05,389.33,121.32,293.60,0.5730,-1,-1,-1
373,12,1840.90,409.96,72.19,201.82,0.1434,-1,-1,-1
373,13,1794.15,387.41,133.83,335.00,0.5899,-1,-1,-1
373,15,1785.31,516.72,105.17,223.27,0.6461,-1,-1,-1
373,23,1690.31,425.90,94.63,237.91,0.7346,-1,-1,-1
373,25,1565.93,405.42,125.93,298.98,0.2268,-1,-1,-1
373,27,1452.69,414.77,123.02,280.57,0.8860,-1,-1,-1
373,28,1078.30,355.52,170.13,433.09,0.7785,-1,-1,-1
373,29,1604.21,389.96,120.78,292.58,0.8052,-1,-1,-1
374,12,1843.57,409.51,71.49,199.95,0.1425,-1,-1,-1
374,13,1797.06,385.94,136.95,339.88,0.5642,-1,-1,-1
374,15,1794.20,516.87,105.50,225.25,0.6621,-1,-1,-1
374,23,1693.57,427.40,93.97,236.16,0.7514,-1,-1,-1
374,25,1571.80,405.78,125.71,298.54,0.7749,-1,-1,-1
374,27,1455.53,414.51,123.41,281.66,0.8920,-1,-1,-1
374,28,1075.41,357.49,169.36,433.02,0.7564,-1,-1,-1
374,29,1608.20,389.63,122.35,293.47,0.2209,-1,-1,-1
375,12,1846.25,409.06,70.79,198.08,0.1416,-1,-1,-1
375,13,1800.12,384.19,137.44,340.60,0.5946,-1,-1,-1
375,15,1804.76,516.01,105.50,226.41,0.7129,-1,-1,-1
375,23,1697.78,429.44,92.58,231.85,0.7548,-1,-1,-1
375,25,1579.07,406.79,125.12,296.41,0.2257,-1,-1,-1
375,27,1459.52,414.88,123.51,281.17,0.8617,-1,-1,-1
375,28,1070.90,357.38,169.47,434.74,0.7658,-1,-1,-1
375,29,1611.27,389.50,122.81,293.84,0.7681,-1,-1,-1
376,12,1848.92,408.62,70.09,196.20,0.1406,-1,-1,-1
376,13,1805.09,382.48,134.68,332.57,0.6215,-1,-1,-1
376,15,1812.27,517.49,105.03,226.12,0.6826,-1,-1,-1
376,23,1700.92,429.15,92.18,230.04,0.7765,-1,-1,-1
376,25,1584.10,406.22,125.14,295.98,0.7385,-1,-1,-1
376,27,1464.00,414.79,123.17,280.40,0.8520,-1,-1,-1
376,28,1066.49,358.34,169.46,436.24,0.7679,-1,-1,-1
376,29,1614.15,390.40,122.37,293.85,0.2268,-1,-1,-1
377,12,1851.59,408.17,69.39,194.33,0.1397,-1,-1,-1
377,13,1807.49,379.82,136.84,338.76,0.6035,-1,-1,-1
377,15,1819.45,517.98,105.55,226.69,0.6366,-1,-1,-1
377,23,1703.58,428.78,91.63,228.13,0.7878,-1,-1,-1
377,25,1590.67,408.30,124.16,292.34,0.7662,-1,-1,-1
377,27,1468.76,415.10,123.15,279.43,0.8531,-1,-1,-1
377,28,1059.78,353.10,171.76,444.27,0.7451,-1,-1,-1
377,29,1617.58,391.03,121.84,292.00,0.2253,-1,-1,-1
378,12,1854.27,407.73,68.69,192.46,0.1388,-1,-1,-1
378,13,1810.71,378.72,137.29,341.37,0.6076,-1,-1,-1
378,15,1824.93,516.70,107.04,229.17,0.5556,-1,-1,-1
378,23,1705.36,427.35,91.65,227.86,0.7808,-1,-1,-1
378,25,1597.20,409.28,123.57,289.84,0.7663,-1,-1,-1
378,27,1473.75,415.74,122.47,276.80,0.2499,-1,-1,-1
378,28,1053.95,349.97,173.10,449.92,0.7608,-1,-1,-1
378,29,1623.62,391.21,120.45,289.66,0.2271,-1,-1,-1
378,30,1773.50,446.81,68.40,201.36,0.6438,-1,-1,-1
378,31,159.15,275.63,353.67,668.80,0.6548,-1,-1,-1
379,12,1856.94,407.28,67.99,190.59,0.1379,-1,-1,-1
379,13,1813.06,376.76,138.57,346.81,0.5884,-1,-1,-1
379,15,1830.36,515.33,107.70,230.56,0.4678,-1,-1,-1
379,23,1708.52,427.54,91.43,227.19,0.7968,-1,-1,-1
379,25,1601.26,409.73,123.33,288.50,0.2237,-1,-1,-1
379,27,1477.24,415.81,122.40,275.88,0.8610,-1,-1,-1
379,28,1048.37,348.00,173.60,453.04,0.7715,-1,-1,-1
379,29,1627.21,390.15,120.78,290.53,0.7915,-1,-1,-1
379,30,1773.62,446.42,69.62,201.96,0.7009,-1,-1,-1
379,31,187.57,276.22,338.14,660.57,0.6940,-1,-1,-1
380,12,1859.62,406.84,67.29,188.72,0.1370,-1,-1,-1
380,13,1820.11,377.78,136.76,344.52,0.6038,-1,-1,-1
380,15,1842.76,515.40,108.74,231.52,0.5580,-1,-1,-1
380,23,1711.83,426.39,91.75,228.18,0.7944,-1,-1,-1
380,25,1604.98,410.83,122.07,284.62,0.7953,-1,-1,-1
380,27,1482.24,415.98,121.56,273.90,0.8906,-1,-1,-1
380,28,1041.38,346.17,174.49,455.10,0.7529,-1,-1,-1
380,29,1631.25,391.13,120.97,289.02,0.2206,-1,-1,-1
380,30,1777.46,447.07,66.77,200.64,0.6854,-1,-1,-1
380,31,222.76,280.20,314.79,650.36,0.6907,-1,-1,-1
381,12,1862.29,406.39,66.58,186.85,0.1361,-1,-1,-1
381,13,1823.21,375.81,137.09,347.99,0.5763,-1,-1,-1
381,15,1852.12,514.95,108.67,231.36,0.5905,-1,-1,-1
381,23,1714.04,427.51,91.20,227.53,0.7801,-1,-1,-1
381,25,1607.76,410.46,122.61,285.43,0.2244,-1,-1,-1
381,27,1486.14,416.30,121.31,273.21,0.8915,-1,-1,-1
381,28,1035.90,341.80,176.40,461.10,0.7599,-1,-1,-1
381,29,1635.10,390.83,120.78,288.89,0.7591,-1,-1,-1
381,30,1778.76,448.19,66.69,196.96,0.6802,-1,-1,-1
381,31,253.77,281.53,292.95,643.09,0.5985,-1,-1,-1
382,12,1864.96,405.94,65.88,184.98,0.1352,-1,-1,-1
382,13,1828.12,375.35,136.86,349.98,0.5724,-1,-1,-1
382,15,1862.03,505.56,111.74,240.29,0.0722,-1,-1,-1
382,23,1717.61,428.70,89.98,226.11,0.7381,-1,-1,-1
382,25,1611.60,410.00,122.98,285.79,0.2231,-1,-1,-1
382,27,1488.88,415.65,121.34,273.03,0.8571,-1,-1,-1
382,28,1031.41,339.51,177.96,465.04,0.7471,-1,-1,-1
382,29,1639.81,391.73,120.39,287.36,0.7653,-1,-1,-1
382,30,1782.14,449.54,64.72,193.42,0.6610,-1,-1,-1
382,31,281.50,278.31,279.04,646.45,0.6434,-1,-1,-1
383,12,1867.64,405.50,65.18,183.11,0.1343,-1,-1,-1
383,13,1832.67,374.44,136.05,350.68,0.5476,-1,-1,-1
383,23,1719.46,429.28,89.39,225.73,0.7329,-1,-1,-1
383,25,1614.65,410.43,123.10,285.50,0.2226,-1,-1,-1
383,27,1492.84,415.60,121.20,272.65,0.8647,-1,-1,-1
383,28,1025.80,339.33,178.81,468.40,0.7483,-1,-1,-1
383,29,1643.44,390.68,120.41,287.92,0.7342,-1,-1,-1
383,30,1784.44,448.73,65.27,195.20,0.6663,-1,-1,-1
383,31,309.94,278.57,265.44,642.88,0.6579,-1,-1,-1
384,12,1870.31,405.05,64.48,181.24,0.1334,-1,-1,-1
384,13,1836.90,372.94,136.25,354.43,0.5695,-1,-1,-1
384,23,1721.68,431.53,87.71,223.21,0.7244,-1,-1,-1
384,25,1617.12,409.79,123.18,285.04,0.7431,-1,-1,-1
384,27,1497.07,416.23,120.34,270.50,0.2509,-1,-1,-1
384,28,1020.67,338.99,179.48,471.37,0.7909,-1,-1,-1
384,29,1647.27,391.09,120.45,287.89,0.2212,-1,-1,-1
384,30,1784.91,449.28,66.68,194.42,0.6779,-1,-1,-1
384,31,335.92,277.19,257.87,639.39,0.7671,-1,-1,-1
385,12,1872.99,404.61,63.78,179.37,0.1325,-1,-1,-1
385,13,1842.99,371.14,135.68,355.36,0.5785,-1,-1,-1
385,23,1723.87,432.98,86.85,222.55,0.7075,-1,-1,-1
385,25,1620.86,409.61,123.42,284.95,0.2206,-1,-1,-1
385,27,1500.95,417.66,120.60,270.67,0.2483,-1,-1,-1
385,28,1015.59,335.88,181.13,475.19,0.7935,-1,-1,-1
385,29,1651.22,391.08,120.53,288.97,0.7633,-1,-1,-1
385,30,1787.15,448.50,67.30,195.06,0.6576,-1,-1,-1
385,31,360.62,283.28,252.36,631.46,0.7356,-1,-1,-1
385,32,1151.00,458.37,63.27,190.07,0.8623,-1,-1,-1
386,12,1875.66,404.16,63.08,177.50,0.1316,-1,-1,-1
386,13,1847.66,369.32,134.48,354.52,0.5747,-1,-1,-1
386,23,1726.53,434.82,85.72,221.08,0.7365,-1,-1,-1
386,25,1624.17,410.96,122.71,282.76,0.2224,-1,-1,-1
386,27,1504.03,418.16,120.03,269.69,0.8913,-1,-1,-1
386,28,1011.08,334.51,182.34,477.54,0.7902,-1,-1,-1
386,29,1653.17,391.09,120.49,287.87,0.7578,-1,-1,-1
386,30,1788.55,448.10,68.24,195.56,0.6877,-1,-1,-1
386,31,382.06,281.71,251.69,629.64,0.7802,-1,-1,-1
386,32,1154.78,454.80,62.22,193.39,0.8910,-1,-1,-1
387,12,1878.34,403.72,62.38,175.62,0.1306,-1,-1,-1
387,13,1853.77,368.22,135.02,358.72,0.5438,-1,-1,-1
387,23,1730.47,435.39,84.85,220.51,0.7358,-1,-1,-1
387,25,1628.77,411.13,122.68,282.46,0.7561,-1,-1,-1
387,27,1508.93,418.23,119.52,268.73,0.8620,-1,-1,-1
387,28,1006.04,335.56,183.85,479.92,0.7660,-1,-1,-1
387,29,1658.13,392.76,119.24,284.89,0.2216,-1,-1,-1
387,30,1791.65,448.91,67.30,196.56,0.6524,-1,-1,-1
387,31,396.45,286.72,251.16,623.80,0.7353,-1,-1,-1
387,32,1157.26,453.58,61.97,195.17,0.9018,-1,-1,-1
388,12,1881.01,403.27,61.68,173.75,0.1297,-1,-1,-1
388,13,1857.99,367.65,135.56,363.21,0.5419,-1,-1,-1
388,23,1734.78,430.92,84.95,223.29,0.6370,-1,-1,-1
388,25,1634.69,410.67,121.97,280.90,0.7733,-1,-1,-1
388,27,1515.63,418.09,118.92,267.19,0.2478,-1,-1,-1
388,28,1003.04,337.60,184.41,479.86,0.7728,-1,-1,-1
388,29,1662.29,392.21,118.49,284.57,0.2226,-1,-1,-1
388,30,1794.35,449.64,66.43,193.85,0.6430,-1,-1,-1
388,31,412.30,289.00,252.11,615.69,0.7404,-1,-1,-1
388,32,1159.83,452.70,60.81,196.33,0.8737,-1,-1,-1
389,12,1883.68,402.82,60.98,171.88,0.1288,-1,-1,-1
389,13,1864.33,367.72,134.41,362.80,0.5282,-1,-1,-1
389,23,1736.92,431.91,83.81,221.97,0.7099,-1,-1,-1
389,25,1638.71,410.07,122.57,282.05,0.7683,-1,-1,-1
389,27,1518.37,418.41,118.92,267.25,0.8506,-1,-1,-1
389,28,996.21,337.35,187.34,485.23,0.7694,-1,-1,-1
389,29,1667.13,392.27,118.48,285.55,0.2204,-1,-1,-1
389,30,1798.36,450.50,65.83,191.35,0.6526,-1,-1,-1
389,31,421.73,293.04,255.76,609.43,0.7402,-1,-1,-1
389,32,1162.68,452.76,61.23,195.72,0.8705,-1,-1,-1
390,12,1886.36,402.38,60.28,170.01,0.1279,-1,-1,-1
390,13,1872.32,363.95,133.05,361.95,0.4898,-1,-1,-1
390,23,1738.73,430.77,83.28,222.81,0.6358,-1,-1,-1
390,25,1644.34,410.78,121.76,279.21,0.7684,-1,-1,-1
390,27,1520.68,417.01,120.00,270.24,0.8779,-1,-1,-1
390,28,989.71,334.80,190.94,492.70,0.7445,-1,-1,-1
390,29,1672.95,392.76,118.77,286.26,0.2174,-1,-1,-1
390,30,1801.68,450.35,65.51,190.05,0.6362,-1,-1,-1
390,31,438.16,294.78,255.21,605.36,0.7495,-1,-1,-1
390,32,1165.36,452.70,60.24,194.62,0.8278,-1,-1,-1
391,12,1889.03,401.93,59.58,168.14,0.1270,-1,-1,-1
391,13,1878.26,365.38,129.34,353.64,0.5381,-1,-1,-1
391,23,1741.09,428.45,83.00,224.19,0.6149,-1,-1,-1
391,25,1649.90,411.77,121.59,277.94,0.7479,-1,-1,-1
391,27,1524.22,417.03,119.46,269.41,0.8766,-1,-1,-1
391,28,983.76,332.82,192.14,493.91,0.7339,-1,-1,-1
391,29,1676.97,392.82,117.67,284.02,0.2200,-1,-1,-1
391,30,1804.86,451.56,64.12,188.32,0.6128,-1,-1,-1
391,31,454.09,298.16,250.93,596.40,0.7641,-1,-1,-1
391,32,1168.13,452.33,62.22,195.02,0.8933,-1,-1,-1
392,12,1891.71,401.49,58.88,166.27,0.1261,-1,-1,-1
392,23,1743.62,428.87,82.78,225.95,0.6197,-1,-1,-1
392,25,1654.08,412.76,120.65,275.00,0.7588,-1,-1,-1
392,27,1528.31,417.35,119.14,269.13,0.8741,-1,-1,-1
392,28,973.57,332.19,194.60,497.42,0.7796,-1,-1,-1
392,29,1683.99,393.17,116.02,278.98,0.2176,-1,-1,-1
392,30,1807.02,451.61,63.30,188.62,0.5988,-1,-1,-1
392,31,479.29,304.67,240.03,580.45,0.7507,-1,-1,-1
392,32,1172.85,453.11,61.75,194.55,0.8889,-1,-1,-1
393,12,1894.38,401.04,58.18,164.40,0.1252,-1,-1,-1
393,23,1749.02,427.04,82.04,225.57,0.7026,-1,-1,-1
393,25,1654.97,411.95,121.23,276.11,0.2193,-1,-1,-1
393,27,1532.61,417.40,118.53,267.87,0.8697,-1,-1,-1
393,28,966.47,328.18,196.35,501.17,0.7280,-1,-1,-1
393,29,1687.32,393.01,116.08,278.87,0.7407,-1,-1,-1
393,30,1809.99,452.64,62.56,187.39,0.6732,-1,-1,-1
393,31,498.38,306.80,232.24,572.23,0.7418,-1,-1,-1
393,32,1176.03,452.68,61.95,195.59,0.8688,-1,-1,-1
394,12,1897.60,409.46,55.83,157.88,0.0800,-1,-1,-1
394,23,1753.88,426.39,81.30,224.53,0.6800,-1,-1,-1
394,25,1655.53,411.91,121.32,276.09,0.7352,-1,-1,-1
394,27,1535.85,416.34,117.97,267.18,0.8567,-1,-1,-1
394,28,958.47,327.61,198.11,502.55,0.7481,-1,-1,-1
394,29,1691.03,394.56,114.25,273.67,0.7491,-1,-1,-1
394,30,1811.31,453.86,62.57,186.18,0.6883,-1,-1,-1
394,31,516.99,306.47,222.60,566.22,0.6549,-1,-1,-1
394,32,1179.31,451.76,61.98,195.94,0.8746,-1,-1,-1
395,23,1755.14,425.33,81.55,224.24,0.7251,-1,-1,-1
395,25,1658.65,412.40,121.38,275.74,0.7493,-1,-1,-1
395,27,1540.90,417.11,117.53,266.03,0.8345,-1,-1,-1
395,28,950.20,325.41,200.26,506.58,0.7787,-1,-1,-1
395,29,1695.70,394.48,114.00,272.77,0.7624,-1,-1,-1
395,30,1813.96,452.80,62.22,187.46,0.6461,-1,-1,-1
395,31,539.74,305.95,210.80,560.05,0.5768,-1,-1,-1
395,32,1183.35,451.92,61.93,195.90,0.8974,-1,-1,-1
396,23,1756.47,428.18,80.90,221.83,0.7038,-1,-1,-1
396,25,1661.05,413.77,121.39,275.34,0.6986,-1,-1,-1
396,27,1545.04,417.80,117.15,264.57,0.8244,-1,-1,-1
396,28,940.51,323.26,203.07,512.22,0.7662,-1,-1,-1
396,29,1698.37,394.97,114.76,273.35,0.7519,-1,-1,-1
396,30,1816.56,453.76,61.27,184.46,0.6300,-1,-1,-1
396,31,560.58,306.72,204.02,556.70,0.6453,-1,-1,-1
396,32,1186.84,451.57,61.49,196.44,0.8752,-1,-1,-1
397,23,1757.35,432.58,80.25,219.05,0.6093,-1,-1,-1
397,25,1664.94,413.39,120.89,274.21,0.7125,-1,-1,-1
397,27,1550.44,418.04,116.07,262.61,0.8083,-1,-1,-1
397,28,931.36,322.06,204.84,515.05,0.7363,-1,-1,-1
397,29,1701.98,394.23,115.37,274.79,0.7441,-1,-1,-1
397,30,1818.31,453.29,61.19,184.49,0.6035,-1,-1,-1
397,31,580.99,306.74,201.18,552.62,0.7543,-1,-1,-1
397,32,1191.83,451.78,61.72,196.04,0.8665,-1,-1,-1
398,23,1755.37,436.16,80.75,219.73,0.5515,-1,-1,-1
398,25,1668.19,414.13,120.13,272.22,0.6969,-1,-1,-1
398,27,1554.33,419.23,114.95,259.97,0.8208,-1,-1,-1
398,28,923.86,321.76,206.77,518.10,0.7617,-1,-1,-1
398,29,1704.79,394.43,115.43,276.52,0.7660,-1,-1,-1
398,30,1819.32,453.14,61.06,183.18,0.6256,-1,-1,-1
398,31,599.21,308.00,203.17,551.17,0.7377,-1,-1,-1
398,32,1195.82,452.58,61.60,194.77,0.8742,-1,-1,-1
399,23,1751.31,432.09,83.91,226.81,0.1281,-1,-1,-1
399,25,1672.62,412.64,120.64,273.23,0.2163,-1,-1,-1
399,27,1557.87,419.44,114.96,259.94,0.2434,-1,-1,-1
399,28,916.34,321.15,209.01,522.07,0.7669,-1,-1,-1
399,29,1708.03,394.27,115.78,277.41,0.7293,-1,-1,-1
399,30,1821.20,453.16,60.86,182.91,0.5774,-1,-1,-1
399,31,618.27,309.92,204.90,543.18,0.7282,-1,-1,-1
399,32,1199.54,453.52,61.82,194.04,0.8974,-1,-1,-1
400,23,1745.13,420.92,88.84,239.50,0.1698,-1,-1,-1
400,25,1680.40,411.18,120.66,272.99,0.7004,-1,-1,-1
400,27,1564.02,420.27,113.54,257.71,0.2461,-1,-1,-1
400,28,907.00,318.39,212.23,528.75,0.7294,-1,-1,-1
400,29,1710.65,393.40,115.50,276.84,0.2152,-1,-1,-1
400,30,1824.31,453.00,60.26,182.70,0.5473,-1,-1,-1
400,31,630.33,315.33,207.35,534.11,0.7163,-1,-1,-1
400,32,1202.81,453.88,62.29,193.92,0.8854,-1,-1,-1
401,23,1738.88,406.21,94.74,254.76,0.1901,-1,-1,-1
401,25,1684.62,409.38,121.45,273.99,0.6506,-1,-1,-1
401,27,1566.85,420.09,113.81,258.73,0.2440,-1,-1,-1
401,28,899.56,317.05,214.18,531.69,0.7105,-1,-1,-1
401,29,1715.76,392.16,114.87,275.75,0.2150,-1,-1,-1
401,30,1826.09,453.10,60.44,182.23,0.5819,-1,-1,-1
401,31,638.46,322.56,207.92,526.51,0.6972,-1,-1,-1
401,32,1206.78,454.25,62.51,193.00,0.8316,-1,-1,-1
402,23,1738.38,402.72,96.75,259.07,0.4256,-1,-1,-1
402,25,1688.79,408.83,120.69,271.64,0.6020,-1,-1,-1
402,27,1563.79,412.79,115.35,263.12,0.7635,-1,-1,-1
402,28,894.70,317.37,215.13,532.02,0.7264,-1,-1,-1
402,29,1723.35,392.69,113.50,273.19,0.7023,-1,-1,-1
402,30,1827.85,452.74,60.75,183.60,0.6232,-1,-1,-1
402,31,648.83,327.64,207.49,519.86,0.7438,-1,-1,-1
402,32,1211.69,453.75,62.71,193.34,0.8672,-1,-1,-1
403,23,1737.88,399.22,98.76,263.39,0.6611,-1,-1,-1
403,25,1691.94,409.06,120.63,270.92,0.6446,-1,-1,-1
403,27,1561.69,410.95,115.36,262.62,0.7395,-1,-1,-1
403,28,885.25,315.68,217.06,535.43,0.7699,-1,-1,-1
403,29,1727.96,393.50,112.85,271.77,0.6925,-1,-1,-1
403,30,1829.78,451.70,60.61,184.02,0.6116,-1,-1,-1
403,31,654.97,328.84,208.57,518.03,0.7539,-1,-1,-1
403,32,1215.82,453.27,62.72,192.82,0.8670,-1,-1,-1
404,23,1738.91,396.47,100.43,267.10,0.6773,-1,-1,-1
404,25,1695.02,409.43,120.16,269.72,0.6752,-1,-1,-1
404,27,1560.97,410.12,115.32,262.15,0.7392,-1,-1,-1
404,28,876.51,315.44,217.93,534.67,0.7727,-1,-1,-1
404,29,1732.58,394.31,112.21,270.36,0.6826,-1,-1,-1
404,30,1831.90,451.57,60.39,184.15,0.6372,-1,-1,-1
404,31,664.53,330.98,207.91,514.42,0.7587,-1,-1,-1
404,32,1220.30,453.24,62.42,193.12,0.8253,-1,-1,-1
405,23,1739.93,393.72,102.10,270.81,0.6934,-1,-1,-1
405,25,1697.56,410.00,119.39,268.06,0.7075,-1,-1,-1
405,27,1561.52,408.32,115.09,262.57,0.7798,-1,-1,-1
405,28,865.07,312.57,222.52,544.61,0.7383,-1,-1,-1
405,29,1736.55,393.97,112.00,269.55,0.6990,-1,-1,-1
405,30,1833.93,451.98,60.24,183.19,0.5876,-1,-1,-1
405,31,675.28,330.02,205.36,510.60,0.7594,-1,-1,-1
405,32,1224.68,452.85,62.90,194.66,0.8448,-1,-1,-1
406,23,1742.31,392.04,103.56,273.30,0.6883,-1,-1,-1
406,25,1699.26,412.10,118.38,266.00,0.7177,-1,-1,-1
406,27,1563.51,407.95,114.61,262.51,0.7818,-1,-1,-1
406,28,855.45,308.81,224.85,550.21,0.7515,-1,-1,-1
406,29,1740.52,393.64,111.80,268.73,0.7154,-1,-1,-1
406,30,1834.36,452.87,60.36,181.99,0.6577,-1,-1,-1
406,31,686.79,326.93,203.05,510.00,0.7502,-1,-1,-1
406,32,1227.93,453.64,62.87,193.92,0.8543,-1,-1,-1
407,25,1701.55,413.46,117.66,263.70,0.7204,-1,-1,-1
407,27,1578.18,413.43,112.44,257.94,0.8407,-1,-1,-1
407,28,844.81,308.58,227.45,555.96,0.7606,-1,-1,-1
407,29,1744.49,393.30,111.59,267.92,0.7318,-1,-1,-1
407,30,1837.41,453.80,59.93,180.44,0.6466,-1,-1,-1
407,31,703.67,324.99,196.07,504.39,0.7002,-1,-1,-1
407,32,1232.16,453.74,62.72,193.40,0.8495,-1,-1,-1
408,25,1705.42,415.20,116.40,259.63,0.7012,-1,-1,-1
408,27,1574.36,411.53,111.83,258.38,0.8723,-1,-1,-1
408,28,835.77,306.04,229.87,562.27,0.7481,-1,-1,-1
408,29,1748.23,394.22,111.20,267.23,0.6642,-1,-1,-1
408,30,1839.46,452.67,60.18,181.59,0.6432,-1,-1,-1
408,31,721.54,325.06,188.79,498.36,0.6592,-1,-1,-1
408,32,1235.22,453.87,63.10,194.56,0.8464,-1,-1,-1
409,25,1708.82,415.59,116.07,258.31,0.7099,-1,-1,-1
409,27,1588.29,415.58,110.04,254.33,0.8022,-1,-1,-1
409,28,823.58,303.85,233.02,570.47,0.7283,-1,-1,-1
409,29,1752.54,393.92,111.51,267.06,0.6784,-1,-1,-1
409,30,1841.89,453.01,59.57,179.24,0.6648,-1,-1,-1
409,31,735.58,324.51,183.70,496.44,0.6392,-1,-1,-1
409,32,1238.84,454.14,63.18,195.06,0.8426,-1,-1,-1
410,25,1713.26,416.29,115.68,256.87,0.7252,-1,-1,-1
410,27,1586.39,410.91,110.95,257.12,0.8276,-1,-1,-1
410,28,814.65,302.14,235.55,577.02,0.7260,-1,-1,-1
410,29,1757.64,393.43,111.46,266.55,0.6915,-1,-1,-1
410,30,1844.43,452.13,59.35,179.91,0.6024,-1,-1,-1
410,31,749.42,324.94,179.72,498.75,0.6082,-1,-1,-1
410,32,1242.60,454.44,63.43,195.04,0.9267,-1,-1,-1
411,25,1715.57,414.67,116.74,258.78,0.6904,-1,-1,-1
411,27,1598.43,416.57,109.03,252.78,0.8250,-1,-1,-1
411,28,805.01,300.17,237.06,582.97,0.7421,-1,-1,-1
411,29,1761.85,393.33,111.67,265.34,0.6857,-1,-1,-1
411,30,1846.14,451.95,59.45,180.43,0.6414,-1,-1,-1
411,31,765.92,331.40,174.44,492.06,0.6884,-1,-1,-1
411,32,1246.66,453.96,63.27,195.00,0.8968,-1,-1,-1
412,25,1719.39,414.43,116.43,257.74,0.7198,-1,-1,-1
412,27,1607.02,419.59,107.84,250.18,0.7920,-1,-1,-1
412,28,794.56,301.55,237.02,584.37,0.7240,-1,-1,-1
412,29,1766.80,393.33,111.66,262.57,0.6913,-1,-1,-1
412,30,1848.77,453.20,59.54,178.95,0.6633,-1,-1,-1
412,31,777.49,331.99,172.63,490.87,0.6824,-1,-1,-1
412,32,1251.10,453.97,63.27,194.39,0.8914,-1,-1,-1
413,25,1720.56,413.89,117.56,259.76,0.6934,-1,-1,-1
413,27,1614.09,420.36,106.82,247.62,0.7439,-1,-1,-1
413,28,784.68,299.03,239.83,592.10,0.7497,-1,-1,-1
413,29,1769.81,393.85,112.07,260.96,0.6705,-1,-1,-1
413,30,1849.89,451.28,60.50,182.17,0.6134,-1,-1,-1
413,31,789.07,332.59,170.83,489.69,0.6765,-1,-1,-1
413,32,1254.33,453.81,62.93,193.79,0.7793,-1,-1,-1
414,25,1722.66,415.50,117.16,258.42,0.7170,-1,-1,-1
414,27,1619.74,421.91,105.73,244.87,0.8284,-1,-1,-1
414,28,776.40,297.85,240.74,594.62,0.7432,-1,-1,-1
414,29,1772.98,394.59,112.84,261.15,0.6987,-1,-1,-1
414,30,1852.03,451.35,60.35,182.11,0.6444,-1,-1,-1
414,31,800.64,333.18,169.02,488.50,0.6705,-1,-1,-1
414,32,1256.94,453.60,62.94,194.29,0.8016,-1,-1,-1
415,25,1725.95,416.15,117.19,257.84,0.7065,-1,-1,-1
415,27,1613.42,415.75,107.79,249.97,0.8445,-1,-1,-1
415,28,764.13,294.00,243.97,602.63,0.7660,-1,-1,-1
415,29,1778.39,395.35,113.12,258.82,0.6514,-1,-1,-1
415,30,1854.76,450.97,59.96,181.08,0.6484,-1,-1,-1
415,31,812.21,333.77,167.21,487.32,0.6646,-1,-1,-1
415,32,1261.65,454.04,62.52,193.27,0.8432,-1,-1,-1
416,25,1727.61,416.11,117.22,257.95,0.6965,-1,-1,-1
416,27,1609.70,411.99,108.95,253.56,0.8379,-1,-1,-1
416,28,752.98,290.86,246.72,608.54,0.7724,-1,-1,-1
416,29,1782.08,395.72,112.81,256.24,0.6824,-1,-1,-1
416,30,1856.40,449.03,59.86,182.67,0.4924,-1,-1,-1
416,31,823.78,334.36,165.40,486.13,0.6586,-1,-1,-1
416,32,1264.16,453.98,63.25,193.59,0.9205,-1,-1,-1
417,25,1730.65,416.66,116.88,256.70,0.6940,-1,-1,-1
417,27,1609.38,408.39,110.41,258.02,0.7976,-1,-1,-1
417,28,744.63,287.12,248.71,615.08,0.7611,-1,-1,-1
417,29,1785.51,396.63,112.78,253.67,0.6549,-1,-1,-1
417,30,1858.64,449.21,59.97,183.34,0.6028,-1,-1,-1
417,31,835.36,334.96,163.60,484.95,0.6527,-1,-1,-1
417,32,1268.83,453.51,63.38,194.68,0.9124,-1,-1,-1
418,25,1733.34,415.79,117.07,256.96,0.6927,-1,-1,-1
418,27,1611.54,407.83,109.92,257.63,0.7910,-1,-1,-1
418,28,735.95,284.47,250.05,619.84,0.7606,-1,-1,-1
418,29,1786.91,395.82,113.84,253.16,0.6354,-1,-1,-1
418,30,1861.15,449.62,59.84,182.91,0.5939,-1,-1,-1
418,31,846.93,335.55,161.79,483.76,0.6467,-1,-1,-1
418,32,1273.62,453.73,62.82,193.23,0.8560,-1,-1,-1
419,25,1737.29,417.50,115.99,253.85,0.7092,-1,-1,-1
419,27,1614.43,407.87,108.92,255.79,0.7522,-1,-1,-1
419,28,727.59,281.13,249.58,619.22,0.7427,-1,-1,-1
419,29,1788.34,395.44,115.57,254.59,0.6507,-1,-1,-1
419,30,1863.38,450.73,59.38,181.51,0.5804,-1,-1,-1
419,31,861.71,338.17,156.37,471.02,0.7069,-1,-1,-1
419,32,1278.09,453.80,62.67,193.06,0.8260,-1,-1,-1
420,25,1741.58,416.85,115.99,253.64,0.7068,-1,-1,-1
420,27,1618.11,410.37,105.85,248.57,0.8236,-1,-1,-1
420,28,716.21,276.15,254.01,629.92,0.7550,-1,-1,-1
420,29,1791.76,396.09,116.47,256.43,0.6768,-1,-1,-1
420,30,1866.81,451.26,59.29,180.39,0.6360,-1,-1,-1
420,31,876.48,338.86,153.07,461.16,0.7622,-1,-1,-1
420,32,1282.82,454.28,62.20,191.07,0.8786,-1,-1,-1
421,25,1745.00,415.49,116.63,255.07,0.7051,-1,-1,-1
421,27,1621.11,411.05,106.30,249.64,0.8105,-1,-1,-1
421,28,704.96,275.69,255.54,633.52,0.7764,-1,-1,-1
421,29,1794.56,396.63,115.87,253.91,0.6914,-1,-1,-1
421,30,1868.07,450.82,59.44,180.78,0.6174,-1,-1,-1
421,31,891.48,339.56,150.40,457.68,0.7163,-1,-1,-1
421,32,1286.33,453.30,62.35,190.99,0.8729,-1,-1,-1
422,25,1749.59,419.00,114.76,249.79,0.6831,-1,-1,-1
422,27,1623.02,409.46,106.08,250.30,0.6870,-1,-1,-1
422,28,690.36,276.95,257.12,638.24,0.7359,-1,-1,-1
422,29,1798.33,397.12,114.32,250.45,0.5525,-1,-1,-1
422,31,905.70,342.27,147.39,454.32,0.7145,-1,-1,-1
422,32,1289.85,452.86,62.55,192.63,0.8423,-1,-1,-1
423,25,1753.52,419.09,114.33,248.37,0.7034,-1,-1,-1
423,27,1627.09,408.99,106.15,251.53,0.2361,-1,-1,-1
423,28,678.27,275.19,259.66,644.09,0.7403,-1,-1,-1
423,29,1801.67,398.75,113.96,249.21,0.6535,-1,-1,-1
423,31,918.48,344.93,144.93,448.75,0.7316,-1,-1,-1
423,32,1293.65,452.58,62.68,193.25,0.8471,-1,-1,-1
424,25,1757.55,418.79,114.24,247.47,0.7011,-1,-1,-1
424,27,1629.89,406.68,107.02,254.29,0.2354,-1,-1,-1
424,28,666.89,270.84,263.58,653.55,0.7542,-1,-1,-1
424,29,1804.35,398.54,114.58,250.66,0.6314,-1,-1,-1
424,31,930.16,347.44,143.85,444.86,0.7329,-1,-1,-1
424,32,1298.08,452.81,62.67,192.77,0.8435,-1,-1,-1
425,25,1761.01,418.96,114.37,247.51,0.7073,-1,-1,-1
425,27,1634.78,408.43,105.80,252.18,0.8166,-1,-1,-1
425,28,654.83,270.90,266.77,660.63,0.7695,-1,-1,-1
425,29,1808.53,399.56,113.89,249.91,0.6732,-1,-1,-1
425,31,940.24,350.43,143.50,439.29,0.7400,-1,-1,-1
425,32,1302.57,451.17,63.65,194.52,0.8388,-1,-1,-1
426,25,1764.32,419.03,113.91,246.13,0.6926,-1,-1,-1
426,27,1639.17,405.54,105.76,252.81,0.8172,-1,-1,-1
426,28,643.14,271.27,269.03,665.64,0.7521,-1,-1,-1
426,29,1811.90,401.96,113.06,249.35,0.6955,-1,-1,-1
426,31,948.19,355.43,142.51,433.39,0.6589,-1,-1,-1
426,32,1306.70,450.30,65.00,196.73,0.9394,-1,-1,-1
427,25,1769.11,419.54,113.72,245.32,0.7031,-1,-1,-1
427,27,1642.70,407.32,104.80,250.73,0.7984,-1,-1,-1
427,28,631.28,269.19,271.26,671.13,0.7568,-1,-1,-1
427,29,1815.39,401.83,112.42,248.80,0.6952,-1,-1,-1
427,31,956.72,358.75,143.46,427.73,0.7525,-1,-1,-1
427,32,1311.90,450.63,65.20,194.71,0.9076,-1,-1,-1
427,33,1143.93,473.81,64.74,170.81,0.9567,-1,-1,-1
428,25,1774.36,420.72,112.96,243.19,0.6487,-1,-1,-1
428,27,1646.86,408.05,104.39,249.98,0.2332,-1,-1,-1
428,28,618.85,268.79,272.36,674.45,0.7813,-1,-1,-1
428,29,1818.14,401.87,111.80,247.75,0.7050,-1,-1,-1
428,31,964.96,361.80,143.45,419.88,0.7638,-1,-1,-1
428,32,1316.63,450.04,66.09,193.75,0.8889,-1,-1,-1
428,33,1152.02,472.10,63.37,171.19,0.9093,-1,-1,-1
429,25,1777.51,421.96,112.86,242.24,0.6543,-1,-1,-1
429,27,1651.39,409.95,103.25,247.96,0.2330,-1,-1,-1
429,28,605.26,265.45,273.19,676.69,0.7834,-1,-1,-1
429,29,1821.92,402.67,110.43,244.80,0.6989,-1,-1,-1
429,31,970.37,363.23,144.28,416.32,0.7633,-1,-1,-1
429,32,1321.89,449.34,67.53,193.44,0.9463,-1,-1,-1
429,33,1158.61,472.31,61.50,170.27,0.9410,-1,-1,-1
430,25,1781.34,422.33,112.85,241.91,0.6054,-1,-1,-1
430,27,1656.74,412.54,102.01,244.87,0.2319,-1,-1,-1
430,28,590.81,263.16,273.36,677.12,0.7701,-1,-1,-1
430,29,1826.71,402.24,109.80,244.68,0.6815,-1,-1,-1
430,31,980.41,364.64,143.39,411.03,0.7983,-1,-1,-1
430,32,1325.45,450.77,69.28,192.41,0.8648,-1,-1,-1
430,33,1163.73,472.89,60.40,168.82,0.9378,-1,-1,-1
431,25,1783.85,422.31,113.58,242.98,0.6621,-1,-1,-1
431,27,1660.43,412.43,101.38,244.17,0.6743,-1,-1,-1
431,28,575.43,257.38,275.87,683.43,0.7653,-1,-1,-1
431,29,1829.02,402.01,109.88,245.09,0.6662,-1,-1,-1
431,31,989.10,364.83,143.82,410.38,0.8008,-1,-1,-1
431,32,1327.46,449.88,71.95,194.13,0.9159,-1,-1,-1
431,33,1167.00,472.31,61.15,168.83,0.8968,-1,-1,-1
431,34,1693.36,421.24,93.87,237.42,0.7838,-1,-1,-1
432,25,1787.80,422.16,114.07,243.20,0.6377,-1,-1,-1
432,27,1662.32,412.83,101.28,244.34,0.6748,-1,-1,-1
432,28,563.26,252.25,277.30,688.01,0.7632,-1,-1,-1
432,29,1831.22,402.77,110.35,244.12,0.6353,-1,-1,-1
432,31,998.52,363.37,142.96,408.68,0.8015,-1,-1,-1
432,32,1329.02,448.94,74.88,195.86,0.9070,-1,-1,-1
432,33,1169.23,473.22,62.78,168.36,0.9654,-1,-1,-1
432,34,1696.31,421.04,94.52,237.70,0.7663,-1,-1,-1
433,25,1790.98,421.68,114.19,242.84,0.6551,-1,-1,-1
433,27,1665.07,413.75,100.38,242.19,0.7599,-1,-1,-1
433,28,546.82,249.21,280.09,696.30,0.7740,-1,-1,-1
433,29,1833.83,402.19,110.16,244.26,0.6805,-1,-1,-1
433,31,1010.71,361.31,142.59,408.60,0.7380,-1,-1,-1
433,32,1329.09,448.42,76.54,197.12,0.9578,-1,-1,-1
433,33,1173.42,472.31,63.30,169.15,0.9419,-1,-1,-1
433,34,1701.30,420.81,93.71,236.91,0.7631,-1,-1,-1
434,25,1794.21,420.94,112.94,239.46,0.6564,-1,-1,-1
434,27,1668.85,413.52,99.86,240.68,0.7672,-1,-1,-1
434,28,528.60,244.98,287.25,714.94,0.7485,-1,-1,-1
434,29,1837.07,401.39,110.15,244.78,0.6506,-1,-1,-1
434,31,1023.24,360.61,140.88,407.21,0.6842,-1,-1,-1
434,32,1331.25,449.39,76.97,196.04,0.9527,-1,-1,-1
434,33,1178.49,472.28,64.35,170.35,0.9028,-1,-1,-1
434,34,1706.37,421.45,93.53,234.42,0.7698,-1,-1,-1
435,25,1796.73,420.67,113.35,240.01,0.6504,-1,-1,-1
435,27,1672.12,414.72,99.15,238.70,0.7399,-1,-1,-1
435,28,512.88,241.58,290.52,725.27,0.7478,-1,-1,-1
435,29,1840.38,401.19,110.27,245.62,0.5583,-1,-1,-1
435,31,1035.06,360.28,139.92,405.95,0.7814,-1,-1,-1
435,32,1334.65,451.59,76.74,194.21,0.9220,-1,-1,-1
435,33,1182.75,472.15,63.43,170.06,0.9031,-1,-1,-1
435,34,1710.44,422.67,92.95,232.55,0.7532,-1,-1,-1
436,25,1801.22,419.14,112.22,237.25,0.6478,-1,-1,-1
436,27,1675.50,416.46,98.50,236.92,0.7608,-1,-1,-1
436,28,494.76,238.96,292.56,731.43,0.7418,-1,-1,-1
436,29,1843.87,400.86,109.72,244.83,0.4075,-1,-1,-1
436,31,1045.14,360.97,138.01,402.69,0.7754,-1,-1,-1
436,32,1337.87,452.10,76.27,193.74,0.8802,-1,-1,-1
436,33,1186.76,471.93,63.77,170.83,0.8851,-1,-1,-1
436,34,1713.13,421.54,93.14,233.71,0.7870,-1,-1,-1
437,25,1805.01,419.01,112.12,237.04,0.6501,-1,-1,-1
437,27,1678.93,416.18,98.28,235.82,0.7723,-1,-1,-1
437,28,480.49,237.78,294.74,739.20,0.7564,-1,-1,-1
437,29,1848.19,400.59,108.49,243.29,0.1447,-1,-1,-1
437,31,1051.35,362.61,136.10,397.95,0.7655,-1,-1,-1
437,32,1341.80,452.52,75.25,192.97,0.8708,-1,-1,-1
437,33,1190.03,470.85,64.58,171.31,0.9107,-1,-1,-1
437,34,1718.25,421.50,92.88,234.30,0.7069,-1,-1,-1
438,25,1806.84,419.97,112.22,237.22,0.6329,-1,-1,-1
438,27,1682.94,416.11,97.56,234.55,0.7984,-1,-1,-1
438,28,467.96,239.16,296.35,745.97,0.7533,-1,-1,-1
438,29,1852.23,403.19,108.91,247.16,0.1170,-1,-1,-1
438,31,1057.06,365.01,135.79,397.18,0.7327,-1,-1,-1
438,32,1346.87,454.03,73.99,191.27,0.8919,-1,-1,-1
438,33,1195.26,470.18,64.31,171.44,0.8709,-1,-1,-1
438,34,1721.91,421.69,92.65,233.61,0.6541,-1,-1,-1
439,25,1807.39,419.93,112.30,237.42,0.5942,-1,-1,-1
439,27,1686.26,416.32,97.37,234.07,0.7782,-1,-1,-1
439,28,455.24,236.69,299.02,754.48,0.7506,-1,-1,-1
439,29,1853.00,397.25,114.16,261.14,0.1814,-1,-1,-1
439,31,1065.43,366.61,135.22,393.47,0.7870,-1,-1,-1
439,32,1349.92,453.15,73.64,192.23,0.9002,-1,-1,-1
439,33,1198.70,469.83,63.89,171.59,0.8735,-1,-1,-1
439,34,1726.13,421.36,92.39,234.07,0.6946,-1,-1,-1
440,25,1806.18,422.09,111.22,234.73,0.6698,-1,-1,-1
440,27,1689.82,415.63,97.30,234.82,0.7643,-1,-1,-1
440,28,438.40,230.05,303.03,765.59,0.7670,-1,-1,-1
440,29,1853.77,391.32,119.42,275.13,0.2457,-1,-1,-1
440,31,1071.11,370.78,134.16,388.26,0.8254,-1,-1,-1
440,32,1354.05,453.18,72.64,191.77,0.8058,-1,-1,-1
440,33,1204.13,469.04,63.47,169.92,0.9293,-1,-1,-1
440,34,1731.06,422.45,90.99,233.53,0.6735,-1,-1,-1
441,25,1807.39,424.03,110.77,233.02,0.6167,-1,-1,-1
441,27,1692.47,412.42,98.20,237.58,0.7542,-1,-1,-1
441,28,423.18,229.42,303.10,767.17,0.7765,-1,-1,-1
441,29,1851.13,393.76,119.62,279.71,0.6211,-1,-1,-1
441,31,1076.97,372.39,134.78,386.00,0.7813,-1,-1,-1
441,32,1358.11,452.98,72.09,192.01,0.8515,-1,-1,-1
441,33,1208.61,469.32,64.02,170.72,0.9116,-1,-1,-1
441,34,1736.23,425.38,89.66,229.59,0.7505,-1,-1,-1
442,25,1808.65,426.88,109.67,230.90,0.6638,-1,-1,-1
442,27,1695.93,413.29,97.69,236.90,0.8007,-1,-1,-1
442,28,410.52,221.86,304.16,772.50,0.7412,-1,-1,-1
442,29,1850.56,388.96,119.62,285.89,0.3838,-1,-1,-1
442,31,1083.88,373.22,135.87,387.98,0.8212,-1,-1,-1
442,32,1362.78,452.50,72.23,191.78,0.9209,-1,-1,-1
442,33,1211.30,470.02,64.28,172.36,0.9131,-1,-1,-1
442,34,1740.74,426.06,89.51,228.74,0.7586,-1,-1,-1
443,25,1811.56,422.15,110.43,235.58,0.4770,-1,-1,-1
443,27,1699.00,416.04,96.50,234.03,0.7272,-1,-1,-1
443,28,393.60,217.78,307.07,781.55,0.7299,-1,-1,-1
443,29,1844.75,388.33,118.66,288.23,0.6422,-1,-1,-1
443,31,1092.42,372.84,135.21,384.74,0.8375,-1,-1,-1
443,32,1369.09,452.64,73.22,191.55,0.8897,-1,-1,-1
443,33,1215.93,468.93,64.27,172.25,0.9318,-1,-1,-1
443,34,1744.33,423.98,89.56,229.56,0.7186,-1,-1,-1
444,25,1812.42,419.23,110.08,238.68,0.2990,-1,-1,-1
444,27,1702.15,418.77,95.27,231.25,0.7721,-1,-1,-1
444,28,379.04,213.82,309.27,787.11,0.7878,-1,-1,-1
444,29,1839.63,387.31,118.14,290.38,0.6662,-1,-1,-1
444,31,1099.81,370.76,135.23,384.13,0.8314,-1,-1,-1
444,32,1376.91,454.11,74.80,189.80,0.8510,-1,-1,-1
444,33,1219.58,466.89,65.46,175.22,0.9591,-1,-1,-1
444,34,1748.87,423.91,88.97,229.30,0.7649,-1,-1,-1
445,25,1813.57,414.70,112.38,244.07,0.2770,-1,-1,-1
445,27,1705.01,419.53,94.76,230.39,0.7711,-1,-1,-1
445,28,362.02,207.10,312.60,799.04,0.7457,-1,-1,-1
445,29,1832.16,388.42,116.83,291.68,0.5193,-1,-1,-1
445,31,1110.17,369.15,134.13,382.26,0.8213,-1,-1,-1
445,32,1381.80,453.06,78.06,192.73,0.8667,-1,-1,-1
445,33,1223.33,467.41,65.12,174.72,0.9192,-1,-1,-1
445,34,1753.38,422.77,88.75,229.62,0.7680,-1,-1,-1
446,25,1814.73,410.18,114.68,249.47,0.2550,-1,-1,-1
446,27,1708.53,418.34,95.24,231.49,0.7694,-1,-1,-1
446,28,339.02,196.92,319.50,819.65,0.7784,-1,-1,-1
446,29,1827.00,390.44,114.25,289.90,0.5411,-1,-1,-1
446,31,1120.74,369.73,132.53,381.37,0.7702,-1,-1,-1
446,32,1384.17,452.08,80.16,194.13,0.8739,-1,-1,-1
446,33,1228.04,467.95,64.09,173.00,0.8742,-1,-1,-1
446,34,1755.43,420.60,89.41,232.17,0.7569,-1,-1,-1
447,25,1815.88,405.65,116.98,254.86,0.2330,-1,-1,-1
447,27,1710.52,417.76,95.24,231.79,0.7143,-1,-1,-1
447,28,315.98,196.01,323.81,826.43,0.7434,-1,-1,-1
447,29,1817.60,389.16,114.98,292.09,0.6175,-1,-1,-1
447,31,1131.64,370.89,130.74,379.98,0.7509,-1,-1,-1
447,32,1385.08,451.87,81.30,193.30,0.8580,-1,-1,-1
447,33,1232.74,467.26,64.20,173.72,0.9308,-1,-1,-1
447,34,1759.82,422.50,88.86,231.90,0.6685,-1,-1,-1
448,25,1817.03,401.12,119.29,260.25,0.2111,-1,-1,-1
448,27,1711.24,416.28,96.16,234.18,0.7288,-1,-1,-1
448,28,282.30,191.38,333.06,841.68,0.7078,-1,-1,-1
448,29,1809.60,390.37,115.74,290.94,0.6383,-1,-1,-1
448,31,1143.45,374.20,128.34,373.67,0.8357,-1,-1,-1
448,32,1385.09,450.11,83.37,195.04,0.8408,-1,-1,-1
448,33,1236.04,467.68,64.19,175.22,0.8854,-1,-1,-1
448,34,1765.46,420.62,90.64,237.01,0.6958,-1,-1,-1
449,25,1818.19,396.60,121.59,265.65,0.1891,-1,-1,-1
449,27,1714.19,417.27,95.27,232.00,0.7684,-1,-1,-1
449,28,252.02,190.07,340.21,847.70,0.6837,-1,-1,-1
449,29,1798.52,392.21,117.80,289.92,0.5682,-1,-1,-1
449,31,1151.96,373.31,127.50,371.45,0.8288,-1,-1,-1
449,32,1384.68,450.10,84.55,195.23,0.9276,-1,-1,-1
449,33,1240.48,467.23,64.40,175.46,0.8503,-1,-1,-1
449,34,1768.34,420.92,89.70,236.06,0.6917,-1,-1,-1
450,25,1819.34,392.07,123.89,271.04,0.1671,-1,-1,-1
450,27,1716.93,417.31,94.43,230.77,0.7575,-1,-1,-1
450,28,224.64,188.89,344.84,849.69,0.6644,-1,-1,-1
450,29,1790.64,392.78,119.38,288.62,0.6052,-1,-1,-1
450,31,1159.99,373.57,127.73,368.19,0.8234,-1,-1,-1
450,32,1385.31,450.09,84.62,193.59,0.8779,-1,-1,-1
450,33,1244.68,465.75,65.51,177.22,0.8513,-1,-1,-1
450,34,1771.22,421.22,88.76,235.12,0.6877,-1,-1,-1
450,35,-1.46,281.58,307.87,650.77,0.5595,-1,-1,-1
451,25,1827.66,385.03,126.17,281.27,0.6055,-1,-1,-1
451,27,1719.65,417.68,93.90,229.53,0.7517,-1,-1,-1
451,28,209.04,188.51,347.19,849.98,0.6928,-1,-1,-1
451,29,1783.75,393.93,120.55,287.52,0.6171,-1,-1,-1
451,31,1170.39,376.44,128.12,364.79,0.7987,-1,-1,-1
451,32,1389.86,450.64,84.08,192.75,0.9736,-1,-1,-1
451,33,1247.67,463.05,66.60,180.92,0.1174,-1,-1,-1
451,34,1774.10,421.52,87.82,234.17,0.6836,-1,-1,-1
451,35,1.16,277.73,305.18,649.68,0.5562,-1,-1,-1
452,25,1828.96,378.25,128.64,292.40,0.5761,-1,-1,-1
452,27,1721.93,416.90,93.58,229.25,0.7810,-1,-1,-1
452,28,196.91,183.70,349.41,853.75,0.7168,-1,-1,-1
452,29,1777.06,394.62,121.76,287.60,0.6310,-1,-1,-1
452,31,1176.67,379.99,129.64,365.16,0.7124,-1,-1,-1
452,32,1393.69,450.66,83.74,193.88,0.9011,-1,-1,-1
452,33,1247.74,462.74,76.03,210.30,0.4502,-1,-1,-1
452,34,1776.99,421.82,86.88,233.23,0.6795,-1,-1,-1
452,35,11.33,276.33,297.83,644.44,0.5433,-1,-1,-1
453,25,1828.42,378.32,128.07,295.00,0.6148,-1,-1,-1
453,27,1723.90,417.71,93.33,228.68,0.7608,-1,-1,-1
453,28,180.01,179.94,354.16,864.95,0.6993,-1,-1,-1
453,29,1769.87,396.23,122.25,286.53,0.6210,-1,-1,-1
453,31,1186.17,382.45,130.39,360.37,0.7894,-1,-1,-1
453,32,1399.25,450.14,83.07,195.23,0.8470,-1,-1,-1
453,34,1779.87,422.12,85.93,232.28,0.6755,-1,-1,-1
453,35,33.41,274.80,292.58,648.01,0.5810,-1,-1,-1
454,25,1828.22,381.58,126.38,293.22,0.5784,-1,-1,-1
454,27,1724.94,418.83,93.22,228.44,0.7335,-1,-1,-1
454,28,164.47,172.11,362.19,884.77,0.7071,-1,-1,-1
454,29,1760.07,396.20,122.92,287.06,0.5630,-1,-1,-1
454,31,1191.99,385.01,131.12,355.75,0.7918,-1,-1,-1
454,32,1403.76,450.55,81.82,194.89,0.8781,-1,-1,-1
454,34,1782.75,422.42,84.99,231.34,0.6714,-1,-1,-1
454,35,60.65,277.49,278.79,643.04,0.5857,-1,-1,-1
455,25,1821.70,382.34,126.08,293.99,0.6502,-1,-1,-1
455,27,1727.25,419.30,92.69,226.92,0.7653,-1,-1,-1
455,28,149.25,172.84,366.17,895.99,0.6996,-1,-1,-1
455,29,1750.34,395.97,122.43,287.21,0.6860,-1,-1,-1
455,31,1199.29,385.27,132.17,354.88,0.7837,-1,-1,-1
455,32,1409.89,450.49,81.07,194.88,0.8991,-1,-1,-1
455,34,1785.63,422.72,84.05,230.39,0.6673,-1,-1,-1
455,35,87.68,280.50,266.57,636.40,0.6081,-1,-1,-1
456,25,1812.18,384.76,126.42,293.69,0.6212,-1,-1,-1
456,27,1729.68,419.03,92.63,226.84,0.7209,-1,-1,-1
456,28,114.91,170.96,374.53,913.18,0.6640,-1,-1,-1
456,29,1737.41,397.74,118.62,278.52,0.6375,-1,-1,-1
456,31,1205.82,380.82,133.72,357.76,0.8178,-1,-1,-1
456,32,1415.98,449.84,80.87,195.86,0.8387,-1,-1,-1
456,34,1788.51,423.02,83.11,229.44,0.6633,-1,-1,-1
456,35,106.13,283.23,262.36,628.85,0.5907,-1,-1,-1
457,25,1807.43,383.99,127.02,294.07,0.5978,-1,-1,-1
457,27,1732.11,418.75,92.58,226.75,0.6765,-1,-1,-1
457,28,87.65,168.61,378.32,922.85,0.6256,-1,-1,-1
457,29,1727.31,398.27,118.07,278.63,0.7310,-1,-1,-1
457,31,1213.21,378.27,134.37,360.23,0.8259,-1,-1,-1
457,32,1421.49,449.14,79.96,194.72,0.8809,-1,-1,-1
457,34,1791.39,423.32,82.17,228.50,0.6592,-1,-1,-1
457,35,124.58,285.97,258.15,621.30,0.5733,-1,-1,-1
458,25,1799.08,384.05,126.03,293.14,0.6346,-1,-1,-1
458,27,1734.54,418.48,92.52,226.67,0.6321,-1,-1,-1
458,28,57.49,164.79,381.64,933.12,0.6088,-1,-1,-1
458,29,1717.92,399.95,116.80,277.09,0.6811,-1,-1,-1
458,31,1222.36,377.83,133.50,359.28,0.8469,-1,-1,-1
458,32,1427.66,448.48,79.25,192.81,0.9553,-1,-1,-1
458,34,1794.27,423.62,81.23,227.55,0.6551,-1,-1,-1
458,35,143.03,288.70,253.93,613.74,0.5558,-1,-1,-1
459,25,1788.61,383.33,125.47,294.75,0.6672,-1,-1,-1
459,27,1736.96,418.20,92.46,226.59,0.5878,-1,-1,-1
459,28,23.65,161.48,387.01,945.40,0.5877,-1,-1,-1
459,29,1707.38,399.28,116.74,277.12,0.7211,-1,-1,-1
459,31,1231.53,377.05,132.80,358.96,0.8637,-1,-1,-1
459,32,1434.57,448.11,80.59,193.47,0.9215,-1,-1,-1
459,34,1797.15,423.92,80.29,226.61,0.6510,-1,-1,-1
459,35,161.48,291.44,249.72,606.19,0.5384,-1,-1,-1
460,25,1834.36,404.08,105.25,258.87,0.6687,-1,-1,-1
460,27,1739.39,417.93,92.40,226.51,0.5434,-1,-1,-1
460,28,-11.73,154.38,397.50,971.63,0.6039,-1,-1,-1
460,29,1698.19,401.03,116.83,276.87,0.7121,-1,-1,-1
460,31,1240.94,375.82,131.92,358.46,0.8443,-1,-1,-1
460,32,1441.53,448.82,81.82,194.03,0.8813,-1,-1,-1
460,34,1800.03,424.22,79.34,225.66,0.6470,-1,-1,-1
460,35,179.93,294.17,245.51,598.64,0.5210,-1,-1,-1
460,36,1878.23,425.64,83.80,222.13,0.5933,-1,-1,-1
461,25,1880.10,424.83,85.04,222.99,0.6703,-1,-1,-1
461,27,1741.82,417.66,92.35,226.42,0.4990,-1,-1,-1
461,28,-41.45,149.88,402.84,981.32,0.5718,-1,-1,-1
461,29,1688.46,401.97,118.24,277.63,0.6897,-1,-1,-1
461,31,1249.43,378.36,130.14,354.59,0.8441,-1,-1,-1
461,32,1446.54,448.90,82.94,194.05,0.8382,-1,-1,-1
461,34,1802.92,424.52,78.40,224.72,0.6429,-1,-1,-1
461,35,183.03,294.23,252.71,609.71,0.6561,-1,-1,-1
462,25,1882.37,424.82,89.74,223.47,0.6903,-1,-1,-1
462,27,1744.25,417.38,92.29,226.34,0.4546,-1,-1,-1
462,28,-72.23,146.10,409.40,997.80,0.5062,-1,-1,-1
462,29,1680.11,404.55,118.91,275.20,0.6878,-1,-1,-1
462,31,1255.83,377.99,129.53,353.63,0.8272,-1,-1,-1
462,32,1449.19,449.25,83.92,193.74,0.8418,-1,-1,-1
462,34,1805.80,424.82,77.46,223.77,0.6388,-1,-1,-1
462,35,188.62,283.80,258.64,617.92,0.6677,-1,-1,-1
462,37,1765.17,394.27,89.85,281.38,0.6669,-1,-1,-1
463,25,1884.07,426.77,90.28,220.88,0.6664,-1,-1,-1
463,27,1746.68,417.11,92.23,226.26,0.4102,-1,-1,-1
463,28,-95.40,145.03,412.52,1002.21,0.5319,-1,-1,-1
463,29,1672.07,406.94,120.19,272.78,0.6417,-1,-1,-1
463,31,1264.37,380.38,127.93,349.73,0.8599,-1,-1,-1
463,32,1451.86,449.22,84.12,193.45,0.8899,-1,-1,-1
463,34,1808.68,425.12,76.52,222.83,0.6348,-1,-1,-1
463,35,197.27,287.29,262.38,618.36,0.6577,-1,-1,-1
463,37,1756.39,395.54,90.15,277.73,0.6299,-1,-1,-1
463,38,1807.33,426.00,82.15,220.40,0.6670,-1,-1,-1
464,25,1887.24,430.21,86.56,217.52,0.6822,-1,-1,-1
464,27,1749.11,416.83,92.17,226.18,0.3658,-1,-1,-1
464,28,-121.81,143.40,417.90,1008.64,0.4969,-1,-1,-1
464,29,1665.10,407.84,121.26,270.92,0.6680,-1,-1,-1
464,31,1271.22,381.72,126.81,347.05,0.8859,-1,-1,-1
464,32,1456.15,448.14,84.56,195.34,0.8712,-1,-1,-1
464,34,1811.56,425.42,75.58,221.88,0.6307,-1,-1,-1
464,35,202.75,282.64,268.64,629.78,0.6680,-1,-1,-1
464,37,1754.36,393.29,89.11,279.11,0.6231,-1,-1,-1
465,25,1888.39,431.46,88.65,214.66,0.6612,-1,-1,-1
465,27,1751.54,416.56,92.12,226.09,0.3214,-1,-1,-1
465,28,-151.64,134.26,424.61,1023.60,0.5001,-1,-1,-1
465,29,1656.33,408.62,123.52,271.56,0.6553,-1,-1,-1
465,31,1280.08,381.01,126.35,346.42,0.8854,-1,-1,-1
465,32,1457.91,449.29,83.76,194.80,0.9235,-1,-1,-1
465,34,1810.64,423.57,76.51,221.15,0.6362,-1,-1,-1
465,35,209.43,288.33,268.84,623.37,0.6482,-1,-1,-1
465,37,1743.89,394.67,90.94,280.13,0.6820,-1,-1,-1
466,25,1891.56,432.37,91.51,212.69,0.6764,-1,-1,-1
466,27,1753.97,416.29,92.06,226.01,0.2770,-1,-1,-1
466,28,-181.82,126.29,428.51,1030.08,0.4775,-1,-1,-1
466,29,1648.44,408.96,124.24,270.50,0.6601,-1,-1,-1
466,31,1288.35,380.82,126.35,346.50,0.8632,-1,-1,-1
466,32,1460.32,450.30,82.38,193.79,0.8362,-1,-1,-1
466,34,1815.10,425.04,76.14,219.81,0.6024,-1,-1,-1
466,35,219.19,290.45,267.04,620.89,0.6742,-1,-1,-1
466,37,1729.29,396.61,102.70,276.72,0.6878,-1,-1,-1
467,25,1893.05,433.90,89.97,207.84,0.5736,-1,-1,-1
467,27,1756.39,416.01,92.00,225.93,0.2327,-1,-1,-1
467,28,-208.07,118.67,430.39,1034.68,0.4583,-1,-1,-1
467,29,1639.36,408.57,124.69,270.88,0.7068,-1,-1,-1
467,31,1296.10,381.86,124.83,343.07,0.8582,-1,-1,-1
467,32,1462.77,451.15,81.10,192.90,0.8474,-1,-1,-1
467,34,1817.96,428.19,75.22,217.02,0.6387,-1,-1,-1
467,35,228.65,291.08,263.69,616.80,0.6670,-1,-1,-1
467,37,1709.44,395.84,123.54,278.97,0.6310,-1,-1,-1
468,25,1890.80,433.03,87.28,205.78,0.1949,-1,-1,-1
468,27,1758.82,415.74,91.94,225.85,0.1883,-1,-1,-1
468,28,-239.55,113.11,435.34,1047.22,0.4602,-1,-1,-1
468,29,1627.27,410.22,123.85,269.90,0.7666,-1,-1,-1
468,31,1302.93,384.63,123.43,339.28,0.8851,-1,-1,-1
468,32,1465.68,450.23,79.53,191.31,0.8556,-1,-1,-1
468,34,1814.63,428.68,76.23,216.37,0.6488,-1,-1,-1
468,35,242.92,293.17,255.24,608.96,0.6796,-1,-1,-1
468,37,1695.69,395.80,142.18,275.61,0.4408,-1,-1,-1
468,39,1124.86,464.56,71.63,185.56,0.9479,-1,-1,-1
469,25,1893.05,438.33,78.05,189.97,0.2022,-1,-1,-1
469,27,1761.25,415.46,91.89,225.76,0.1439,-1,-1,-1
469,28,-272.05,105.91,440.64,1058.76,0.4685,-1,-1,-1
469,29,1619.00,409.22,123.71,271.30,0.7727,-1,-1,-1
469,31,1309.65,383.97,122.65,337.82,0.8722,-1,-1,-1
469,32,1469.20,450.00,79.43,192.62,0.8358,-1,-1,-1
469,34,1814.44,427.25,76.66,216.70,0.6465,-1,-1,-1
469,35,260.98,294.20,247.37,602.68,0.6828,-1,-1,-1
469,37,1682.75,395.11,158.55,277.12,0.5215,-1,-1,-1
469,39,1136.63,467.93,63.36,180.69,0.9034,-1,-1,-1
470,27,1763.68,415.19,91.83,225.68,0.0995,-1,-1,-1
470,28,-309.90,95.33,447.48,1074.21,0.4843,-1,-1,-1
470,29,1611.96,410.52,121.04,266.80,0.7775,-1,-1,-1
470,31,1317.29,388.22,120.00,330.56,0.8763,-1,-1,-1
470,32,1473.91,452.19,79.09,191.95,0.8916,-1,-1,-1
470,34,1818.81,429.01,76.39,214.22,0.6114,-1,-1,-1
470,35,279.87,293.90,240.87,602.84,0.6681,-1,-1,-1
470,37,1677.54,396.41,159.95,275.85,0.6376,-1,-1,-1
470,39,1143.61,468.23,62.00,181.14,0.8894,-1,-1,-1
471,27,1767.12,415.45,90.73,226.58,0.2087,-1,-1,-1
471,28,-349.42,87.76,457.00,1090.36,0.4424,-1,-1,-1
471,29,1604.10,410.58,118.64,265.31,0.7993,-1,-1,-1
471,31,1323.96,389.38,118.85,327.34,0.8692,-1,-1,-1
471,32,1481.15,452.03,79.99,192.64,0.9018,-1,-1,-1
471,34,1822.50,431.28,75.94,211.89,0.6709,-1,-1,-1
471,35,297.72,293.33,234.45,598.02,0.6958,-1,-1,-1
471,37,1674.38,397.41,158.46,275.95,0.6503,-1,-1,-1
471,39,1150.20,467.45,61.07,183.45,0.8552,-1,-1,-1
472,27,1772.31,417.19,87.46,220.03,0.5501,-1,-1,-1
472,28,-361.08,108.34,442.53,1047.48,0.2851,-1,-1,-1
472,29,1596.80,409.87,117.30,266.48,0.7959,-1,-1,-1
472,31,1330.52,386.78,119.17,328.23,0.8458,-1,-1,-1
472,32,1488.48,452.63,81.48,192.95,0.8715,-1,-1,-1
472,34,1826.73,431.63,75.27,208.89,0.6780,-1,-1,-1
472,35,310.89,293.93,229.51,589.15,0.7352,-1,-1,-1
472,37,1671.62,399.88,155.72,275.39,0.6916,-1,-1,-1
472,39,1154.25,467.29,61.25,183.86,0.8281,-1,-1,-1
473,27,1776.04,418.35,86.35,218.04,0.7020,-1,-1,-1
473,28,-341.40,115.06,434.71,1031.92,0.3001,-1,-1,-1
473,29,1588.75,409.27,116.35,267.73,0.8188,-1,-1,-1
473,31,1338.44,386.46,119.00,327.29,0.8673,-1,-1,-1
473,32,1495.97,453.45,83.29,192.68,0.8569,-1,-1,-1
473,34,1832.68,433.27,74.65,207.76,0.6739,-1,-1,-1
473,35,330.05,297.53,225.51,582.28,0.7432,-1,-1,-1
473,37,1665.49,401.99,149.89,272.64,0.7357,-1,-1,-1
473,39,1157.49,468.05,63.33,180.65,0.8629,-1,-1,-1
474,27,1778.60,419.18,85.52,217.10,0.7388,-1,-1,-1
474,28,-321.73,121.79,426.89,1016.36,0.3152,-1,-1,-1
474,29,1582.72,410.47,115.28,266.02,0.7885,-1,-1,-1
474,31,1345.08,382.78,120.51,330.46,0.8735,-1,-1,-1
474,32,1501.94,454.76,84.42,190.56,0.8417,-1,-1,-1
474,34,1835.97,435.37,74.95,204.83,0.6599,-1,-1,-1
474,35,345.50,295.92,225.22,582.35,0.7717,-1,-1,-1
474,37,1657.40,403.37,145.87,271.16,0.7318,-1,-1,-1
474,39,1161.11,466.66,67.75,182.06,0.9829,-1,-1,-1
475,27,1780.79,420.35,84.65,215.83,0.7052,-1,-1,-1
475,28,-302.05,128.51,419.06,1000.81,0.3302,-1,-1,-1
475,29,1577.12,412.37,114.48,263.56,0.7992,-1,-1,-1
475,31,1354.20,383.74,120.21,327.87,0.8758,-1,-1,-1
475,32,1505.35,455.20,86.01,190.38,0.8380,-1,-1,-1
475,34,1839.35,435.50,74.96,205.50,0.6588,-1,-1,-1
475,35,361.76,298.79,226.94,578.57,0.7494,-1,-1,-1
475,37,1649.10,403.43,140.45,270.59,0.7475,-1,-1,-1
475,39,1162.53,466.20,73.36,182.32,0.9092,-1,-1,-1
476,27,1783.07,421.75,84.10,214.40,0.6760,-1,-1,-1
476,28,-282.37,135.24,411.24,985.25,0.3452,-1,-1,-1
476,29,1570.94,412.76,115.21,264.54,0.8114,-1,-1,-1
476,31,1362.91,385.33,120.43,326.09,0.8653,-1,-1,-1
476,32,1508.52,455.13,87.13,190.46,0.8746,-1,-1,-1
476,34,1841.41,434.95,75.58,205.79,0.7036,-1,-1,-1
476,35,377.62,299.99,230.17,574.95,0.7591,-1,-1,-1
476,37,1642.41,404.18,133.76,271.45,0.7046,-1,-1,-1
476,39,1164.89,465.03,79.18,183.00,0.8684,-1,-1,-1
477,27,1784.98,421.44,83.84,214.47,0.6938,-1,-1,-1
477,28,-262.69,141.96,403.42,969.69,0.3603,-1,-1,-1
477,29,1565.75,413.51,115.45,261.28,0.7385,-1,-1,-1
477,31,1370.29,387.01,120.58,324.58,0.8907,-1,-1,-1
477,32,1511.84,455.24,87.70,189.37,0.8289,-1,-1,-1
477,34,1842.48,433.98,76.00,206.05,0.7048,-1,-1,-1
477,35,389.46,303.16,233.09,569.97,0.7387,-1,-1,-1
477,37,1636.32,404.61,128.12,270.96,0.7425,-1,-1,-1
477,39,1168.14,464.40,82.83,184.17,0.8998,-1,-1,-1
478,27,1787.31,423.02,82.84,212.93,0.6912,-1,-1,-1
478,28,-243.02,148.69,395.60,954.13,0.3753,-1,-1,-1
478,29,1557.63,413.26,116.00,260.02,0.7737,-1,-1,-1
478,31,1375.73,387.98,120.73,322.83,0.8770,-1,-1,-1
478,32,1512.81,451.90,90.56,195.19,0.8163,-1,-1,-1
478,34,1844.35,433.52,75.82,204.59,0.6887,-1,-1,-1
478,35,398.17,300.20,237.21,572.35,0.7738,-1,-1,-1
478,37,1628.67,405.05,124.90,268.84,0.7601,-1,-1,-1
478,39,1171.49,464.17,85.07,183.63,0.9056,-1,-1,-1
479,27,1788.78,424.08,82.07,211.39,0.6887,-1,-1,-1
479,28,-223.34,155.41,387.77,938.58,0.3903,-1,-1,-1
479,29,1551.08,415.11,116.29,258.72,0.7842,-1,-1,-1
479,31,1380.78,387.38,121.23,323.28,0.8835,-1,-1,-1
479,32,1515.76,451.02,90.23,194.25,0.8335,-1,-1,-1
479,34,1845.88,432.56,76.08,203.38,0.6838,-1,-1,-1
479,35,405.29,303.75,237.82,567.60,0.7601,-1,-1,-1
479,37,1620.23,405.95,124.51,268.20,0.7505,-1,-1,-1
479,39,1175.79,463.58,86.77,183.28,0.8931,-1,-1,-1
480,27,1789.85,424.45,81.84,211.33,0.6889,-1,-1,-1
480,28,-203.66,162.14,379.95,923.02,0.4054,-1,-1,-1
480,29,1545.47,415.09,116.16,258.06,0.7490,-1,-1,-1
480,31,1385.97,388.61,120.85,321.33,0.8834,-1,-1,-1
480,32,1515.25,447.68,90.40,196.48,0.8942,-1,-1,-1
480,34,1846.36,431.30,76.99,203.88,0.6362,-1,-1,-1
480,35,411.94,307.64,238.11,562.58,0.7592,-1,-1,-1
480,37,1612.89,407.07,124.46,267.44,0.7950,-1,-1,-1
480,39,1181.33,461.78,88.11,183.83,0.8960,-1,-1,-1
481,27,1790.91,424.42,81.44,210.18,0.7008,-1,-1,-1
481,28,-183.98,168.86,372.13,907.46,0.4204,-1,-1,-1
481,29,1538.11,415.11,116.44,258.80,0.7943,-1,-1,-1
481,31,1390.44,389.58,120.41,319.58,0.8574,-1,-1,-1
481,32,1516.89,448.34,89.42,195.61,0.8562,-1,-1,-1
481,34,1847.23,430.53,78.47,205.27,0.6248,-1,-1,-1
481,35,416.33,309.19,239.16,562.29,0.7328,-1,-1,-1
481,37,1603.01,408.29,126.46,265.50,0.7557,-1,-1,-1
481,39,1185.91,460.80,88.32,184.99,0.9572,-1,-1,-1
482,27,1792.15,423.97,81.85,211.64,0.7086,-1,-1,-1
482,28,-164.31,175.58,364.31,891.90,0.4354,-1,-1,-1
482,29,1532.25,414.47,116.01,259.34,0.8335,-1,-1,-1
482,31,1394.55,389.68,120.16,319.05,0.8722,-1,-1,-1
482,32,1521.44,449.50,89.80,196.05,0.7850,-1,-1,-1
482,34,1847.98,430.88,78.51,205.63,0.6343,-1,-1,-1
482,35,420.35,307.61,239.76,560.98,0.7769,-1,-1,-1
482,37,1595.15,410.12,127.99,262.92,0.7402,-1,-1,-1
482,39,1189.34,459.73,88.93,187.29,0.9455,-1,-1,-1
483,27,1792.86,424.60,81.80,211.03,0.6905,-1,-1,-1
483,28,-144.63,182.31,356.49,876.34,0.4505,-1,-1,-1
483,29,1525.39,414.33,115.09,259.12,0.8538,-1,-1,-1
483,31,1399.14,391.33,118.79,315.23,0.8812,-1,-1,-1
483,32,1525.99,450.66,90.17,196.49,0.7138,-1,-1,-1
483,34,1848.76,431.94,77.77,206.26,0.6196,-1,-1,-1
483,35,423.68,308.45,237.88,557.62,0.7518,-1,-1,-1
483,37,1588.64,410.37,129.59,263.60,0.7589,-1,-1,-1
483,39,1194.45,460.00,87.26,186.67,0.9290,-1,-1,-1
484,27,1794.26,425.21,81.63,210.08,0.6872,-1,-1,-1
484,28,-124.95,189.03,348.66,860.79,0.4655,-1,-1,-1
484,29,1518.24,412.65,114.46,260.20,0.8752,-1,-1,-1
484,31,1404.37,391.99,117.95,313.98,0.8348,-1,-1,-1
484,32,1530.53,451.82,90.55,196.93,0.6426,-1,-1,-1
484,34,1849.54,433.14,77.19,206.00,0.6745,-1,-1,-1
484,35,428.69,309.02,235.85,555.37,0.7489,-1,-1,-1
484,37,1582.30,411.11,129.59,263.52,0.7540,-1,-1,-1
484,39,1199.09,459.48,86.55,187.52,0.9527,-1,-1,-1
485,27,1795.15,424.87,81.88,210.16,0.6924,-1,-1,-1
485,28,-105.28,195.76,340.84,845.23,0.4805,-1,-1,-1
485,29,1511.62,414.15,112.83,258.66,0.8866,-1,-1,-1
485,31,1407.88,390.38,118.53,317.46,0.8574,-1,-1,-1
485,32,1535.08,452.98,90.92,197.37,0.5714,-1,-1,-1
485,34,1850.39,434.38,76.30,204.41,0.6470,-1,-1,-1
485,35,436.03,311.19,232.91,551.21,0.7540,-1,-1,-1
485,37,1576.62,412.52,126.70,261.83,0.8497,-1,-1,-1
485,39,1204.82,458.55,85.44,187.59,0.9500,-1,-1,-1
486,27,1796.29,424.03,82.13,210.87,0.7157,-1,-1,-1
486,28,-85.60,202.48,333.02,829.67,0.4956,-1,-1,-1
486,29,1504.48,415.12,112.06,258.32,0.9076,-1,-1,-1
486,31,1415.05,393.90,116.22,312.44,0.8739,-1,-1,-1
486,32,1539.63,454.14,91.30,197.81,0.5002,-1,-1,-1
486,34,1852.14,434.00,76.31,204.15,0.6555,-1,-1,-1
486,35,444.83,313.05,229.46,545.38,0.7513,-1,-1,-1
486,37,1570.32,412.40,124.08,260.83,0.7983,-1,-1,-1
486,39,1210.29,459.53,84.17,186.26,0.9389,-1,-1,-1
487,27,1797.99,423.75,81.80,209.88,0.7189,-1,-1,-1
487,28,-65.92,209.21,325.20,814.11,0.5106,-1,-1,-1
487,29,1498.51,417.13,110.90,257.01,0.8559,-1,-1,-1
487,31,1419.87,393.84,116.09,313.80,0.8897,-1,-1,-1
487,32,1544.18,455.30,91.67,198.25,0.4291,-1,-1,-1
487,34,1853.17,434.66,75.76,202.70,0.6592,-1,-1,-1
487,35,455.83,314.48,224.91,539.39,0.7466,-1,-1,-1
487,37,1565.28,414.69,121.54,258.87,0.8400,-1,-1,-1
487,39,1215.85,459.41,84.78,186.76,0.9510,-1,-1,-1
487,40,1408.97,461.33,69.92,183.38,0.8837,-1,-1,-1
488,27,1800.08,423.59,81.54,209.21,0.7108,-1,-1,-1
488,28,-46.24,215.93,317.37,798.56,0.5256,-1,-1,-1
488,29,1493.18,423.23,108.26,251.49,0.8928,-1,-1,-1
488,31,1423.80,397.41,115.37,311.29,0.8897,-1,-1,-1
488,32,1548.73,456.46,92.05,198.69,0.3579,-1,-1,-1
488,34,1853.74,434.19,75.92,201.47,0.6829,-1,-1,-1
488,35,467.67,314.91,220.87,536.99,0.7391,-1,-1,-1
488,37,1554.29,414.67,117.99,259.56,0.8057,-1,-1,-1
488,39,1221.99,460.65,85.35,185.77,0.9193,-1,-1,-1
488,40,1413.04,464.41,68.25,180.82,0.8505,-1,-1,-1
489,27,1801.71,422.61,81.85,210.22,0.7133,-1,-1,-1
489,28,-26.57,222.66,309.55,783.00,0.5407,-1,-1,-1
489,29,1485.25,421.43,108.94,253.88,0.8524,-1,-1,-1
489,31,1430.79,397.61,113.39,307.40,0.8557,-1,-1,-1
489,32,1553.27,457.62,92.42,199.13,0.2867,-1,-1,-1
489,34,1855.36,434.08,75.61,201.03,0.6517,-1,-1,-1
489,35,478.85,313.49,217.33,536.41,0.7423,-1,-1,-1
489,37,1549.59,414.66,116.05,259.74,0.8092,-1,-1,-1
489,39,1226.39,460.79,86.56,186.71,0.9120,-1,-1,-1
489,40,1417.32,463.50,71.61,183.19,0.8465,-1,-1,-1
490,27,1803.17,422.52,81.86,210.37,0.6995,-1,-1,-1
490,28,-6.89,229.38,301.73,767.44,0.5557,-1,-1,-1
490,29,1477.34,420.96,108.96,253.40,0.8750,-1,-1,-1
490,31,1436.52,396.02,113.61,309.89,0.8449,-1,-1,-1
490,32,1557.82,458.78,92.80,199.57,0.2155,-1,-1,-1
490,34,1856.84,433.03,75.01,201.12,0.6496,-1,-1,-1
490,35,490.87,313.96,211.79,530.86,0.7127,-1,-1,-1
490,37,1544.59,414.36,113.99,259.47,0.7912,-1,-1,-1
490,39,1231.20,460.25,87.68,187.05,0.9403,-1,-1,-1
490,40,1424.91,462.26,71.18,185.26,0.8814,-1,-1,-1
491,27,1804.30,422.65,81.92,210.89,0.6917,-1,-1,-1
491,28,25.00,228.91,293.77,758.71,0.5719,-1,-1,-1
491,29,1471.57,420.92,109.93,256.51,0.2615,-1,-1,-1
491,31,1443.32,397.21,112.55,307.98,0.8846,-1,-1,-1
491,32,1562.37,459.94,93.17,200.01,0.1443,-1,-1,-1
491,34,1858.77,433.35,73.63,198.78,0.6492,-1,-1,-1
491,35,502.03,315.48,206.94,526.00,0.7368,-1,-1,-1
491,37,1541.48,415.67,112.86,258.76,0.8540,-1,-1,-1
491,39,1235.92,460.09,88.69,188.77,0.9351,-1,-1,-1
491,40,1429.77,461.60,72.50,185.55,0.8876,-1,-1,-1
492,27,1805.99,423.64,81.58,210.25,0.7011,-1,-1,-1
492,28,65.11,233.08,271.15,742.31,0.5826,-1,-1,-1
492,29,1465.15,421.39,109.77,256.24,0.2628,-1,-1,-1
492,31,1448.87,398.75,112.27,308.33,0.8335,-1,-1,-1
492,32,1565.68,457.56,92.53,200.08,0.4778,-1,-1,-1
492,34,1862.89,433.50,72.77,198.50,0.6250,-1,-1,-1
492,35,509.59,317.20,204.90,526.85,0.7510,-1,-1,-1
492,37,1535.87,416.22,112.70,259.92,0.7980,-1,-1,-1
492,39,1240.62,460.19,88.42,188.26,0.9047,-1,-1,-1
492,40,1433.30,463.01,72.95,190.64,0.8466,-1,-1,-1
493,27,1808.72,423.41,81.40,209.87,0.6618,-1,-1,-1
493,28,97.99,227.60,256.94,743.80,0.5729,-1,-1,-1
493,29,1458.74,421.86,109.60,255.97,0.2641,-1,-1,-1
493,31,1455.98,400.33,110.78,304.95,0.8369,-1,-1,-1
493,32,1568.99,455.18,91.90,200.15,0.8113,-1,-1,-1
493,34,1866.23,433.57,72.06,199.08,0.6284,-1,-1,-1
493,35,521.35,320.53,200.90,522.67,0.7395,-1,-1,-1
493,37,1530.11,417.85,110.08,257.98,0.8039,-1,-1,-1
493,39,1245.91,459.01,88.47,188.67,0.9297,-1,-1,-1
493,40,1437.57,461.22,72.44,196.45,0.7017,-1,-1,-1
494,27,1811.76,424.44,80.78,208.58,0.6887,-1,-1,-1
494,28,126.61,224.38,258.82,747.61,0.6218,-1,-1,-1
494,29,1452.32,422.33,109.44,255.70,0.2653,-1,-1,-1
494,31,1461.47,401.37,109.92,303.42,0.8323,-1,-1,-1
494,32,1571.02,451.15,90.55,199.31,0.8472,-1,-1,-1
494,34,1869.06,434.33,71.18,198.36,0.6254,-1,-1,-1
494,35,528.97,321.37,198.27,521.64,0.7478,-1,-1,-1
494,37,1523.74,421.19,107.61,253.26,0.7819,-1,-1,-1
494,39,1252.54,458.76,87.24,187.70,0.9469,-1,-1,-1
494,40,1447.88,461.69,72.07,197.99,0.1432,-1,-1,-1
495,27,1815.37,424.33,80.85,208.59,0.6591,-1,-1,-1
495,28,149.68,226.97,272.63,741.14,0.6163,-1,-1,-1
495,29,1445.90,422.80,109.27,255.43,0.2666,-1,-1,-1
495,31,1465.87,399.50,110.65,306.69,0.8443,-1,-1,-1
495,32,1574.73,450.39,89.05,197.72,0.8685,-1,-1,-1
495,34,1870.69,434.97,70.83,197.71,0.6419,-1,-1,-1
495,35,539.45,323.91,195.48,518.24,0.7410,-1,-1,-1
495,37,1519.45,420.93,106.46,252.36,0.7876,-1,-1,-1
495,39,1259.77,456.54,86.18,188.66,0.9592,-1,-1,-1
495,40,1448.77,442.54,81.05,228.87,0.4446,-1,-1,-1
496,27,1818.38,424.33,80.70,208.12,0.6669,-1,-1,-1
496,28,168.33,228.50,291.73,737.72,0.6267,-1,-1,-1
496,29,1438.42,425.40,106.39,251.60,0.9466,-1,-1,-1
496,31,1471.44,399.35,108.88,302.46,0.7907,-1,-1,-1
496,32,1578.37,450.58,86.42,194.14,0.8657,-1,-1,-1
496,34,1871.31,435.91,69.99,196.09,0.6465,-1,-1,-1
496,35,549.86,325.74,192.16,514.37,0.7204,-1,-1,-1
496,37,1521.79,423.23,104.19,248.34,0.4910,-1,-1,-1
496,39,1265.74,453.02,86.34,191.43,0.9640,-1,-1,-1
496,40,1447.42,437.47,83.91,234.98,0.6960,-1,-1,-1
497,27,1820.04,423.75,80.73,208.05,0.6870,-1,-1,-1
497,28,183.20,235.90,314.29,729.69,0.6228,-1,-1,-1
497,29,1429.97,425.56,105.01,249.30,0.9431,-1,-1,-1
497,31,1476.91,400.00,108.13,301.74,0.8151,-1,-1,-1
497,32,1579.87,449.36,85.39,192.79,0.8143,-1,-1,-1
497,34,1871.73,436.77,69.14,194.91,0.6213,-1,-1,-1
497,35,557.37,325.94,190.68,514.23,0.7452,-1,-1,-1
497,37,1513.38,422.19,103.97,250.15,0.6916,-1,-1,-1
497,39,1271.94,452.65,85.52,190.67,0.9435,-1,-1,-1
497,40,1446.07,432.39,86.78,241.09,0.9473,-1,-1,-1
498,27,1819.92,423.63,80.53,208.04,0.6625,-1,-1,-1
498,28,193.04,240.79,326.43,722.17,0.6151,-1,-1,-1
498,29,1421.51,425.72,103.63,246.99,0.9396,-1,-1,-1
498,31,1482.21,400.03,107.34,301.04,0.7413,-1,-1,-1
498,32,1583.42,449.26,84.29,192.15,0.8703,-1,-1,-1
498,34,1873.31,437.14,68.51,194.66,0.6284,-1,-1,-1
498,35,564.88,325.66,188.18,511.29,0.7448,-1,-1,-1
498,37,1505.47,416.66,104.86,257.33,0.1287,-1,-1,-1
498,39,1277.46,453.05,85.24,190.14,0.9315,-1,-1,-1
498,40,1450.37,429.86,87.28,243.41,0.9235,-1,-1,-1
499,27,1819.96,423.31,80.42,208.04,0.6664,-1,-1,-1
499,28,200.31,244.11,339.42,718.95,0.6186,-1,-1,-1
499,29,1414.23,427.01,101.75,244.32,0.9382,-1,-1,-1
499,31,1487.37,401.47,105.65,296.78,0.8063,-1,-1,-1
499,32,1589.01,449.17,83.55,191.45,0.8699,-1,-1,-1
499,34,1874.49,437.03,68.05,194.46,0.6220,-1,-1,-1
499,35,573.27,327.85,185.46,506.01,0.7309,-1,-1,-1
499,37,1498.55,415.67,104.66,257.81,0.1620,-1,-1,-1
499,39,1282.16,453.76,85.36,189.48,0.9002,-1,-1,-1
499,40,1454.67,427.32,87.78,245.73,0.8997,-1,-1,-1
500,27,1819.20,422.69,80.50,208.50,0.6706,-1,-1,-1
500,28,209.97,244.38,350.17,714.30,0.6259,-1,-1,-1
500,29,1406.77,428.69,99.79,240.43,0.8372,-1,-1,-1
500,31,1491.85,401.14,106.04,299.39,0.7999,-1,-1,-1
500,32,1596.25,450.41,82.37,189.79,0.8345,-1,-1,-1
500,34,1876.49,435.90,67.53,193.86,0.6346,-1,-1,-1
500,35,581.61,328.35,183.55,502.21,0.7389,-1,-1,-1
500,37,1491.63,414.69,104.47,258.29,0.1952,-1,-1,-1
500,39,1287.10,453.02,86.23,190.10,0.9478,-1,-1,-1
500,40,1458.98,424.79,88.29,248.04,0.8758,-1,-1,-1
501,27,1819.53,421.61,80.58,209.18,0.6860,-1,-1,-1
501,28,226.24,245.93,349.31,707.61,0.6932,-1,-1,-1
501,29,1401.45,429.77,98.97,238.80,0.8417,-1,-1,-1
501,31,1496.08,400.85,105.71,299.27,0.8372,-1,-1,-1
501,32,1602.23,450.42,81.99,190.11,0.8356,-1,-1,-1
501,34,1878.20,434.31,67.35,194.12,0.6212,-1,-1,-1
501,35,589.12,327.60,181.77,499.63,0.7500,-1,-1,-1
501,37,1484.71,413.70,104.27,258.78,0.2284,-1,-1,-1
501,39,1291.80,452.88,87.49,190.89,0.9271,-1,-1,-1
501,40,1463.28,422.25,88.79,250.36,0.8520,-1,-1,-1
502,27,1820.71,422.75,80.02,208.01,0.6843,-1,-1,-1
502,28,248.00,245.05,343.39,701.36,0.6808,-1,-1,-1
502,29,1395.04,431.82,97.86,236.70,0.8919,-1,-1,-1
502,31,1499.92,401.23,104.52,295.96,0.8155,-1,-1,-1
502,32,1605.71,449.90,82.47,191.98,0.8220,-1,-1,-1
502,34,1879.74,433.40,67.25,194.53,0.6305,-1,-1,-1
502,35,596.64,329.40,178.77,493.37,0.7351,-1,-1,-1
502,37,1477.79,412.71,104.07,259.26,0.2617,-1,-1,-1
502,39,1295.75,453.74,88.39,191.43,0.9471,-1,-1,-1
502,40,1467.58,419.72,89.29,252.68,0.8282,-1,-1,-1
503,27,1822.37,423.20,79.14,206.59,0.6950,-1,-1,-1
503,28,278.99,249.70,328.95,690.73,0.7315,-1,-1,-1
503,29,1390.45,433.46,97.39,235.30,0.8977,-1,-1,-1
503,31,1504.92,400.19,104.74,297.01,0.7828,-1,-1,-1
503,32,1608.58,448.78,82.48,193.26,0.7987,-1,-1,-1
503,34,1881.18,432.85,66.94,194.65,0.6166,-1,-1,-1
503,35,603.48,327.97,177.50,492.52,0.7138,-1,-1,-1
503,37,1470.83,416.34,102.81,257.42,0.5515,-1,-1,-1
503,39,1298.33,454.33,89.07,191.69,0.9199,-1,-1,-1
503,40,1474.07,417.21,92.41,255.43,0.8798,-1,-1,-1
504,27,1822.37,423.62,78.48,205.52,0.6980,-1,-1,-1
504,28,308.09,250.81,314.32,686.62,0.7547,-1,-1,-1
504,29,1385.20,432.97,97.25,235.26,0.9882,-1,-1,-1
504,31,1509.90,399.38,104.30,296.72,0.8074,-1,-1,-1
504,32,1610.84,447.41,81.76,193.31,0.7907,-1,-1,-1
504,34,1883.02,432.49,66.42,194.42,0.6097,-1,-1,-1
504,35,610.11,328.62,175.08,487.31,0.6965,-1,-1,-1
504,37,1463.87,419.97,101.55,255.58,0.8413,-1,-1,-1
504,39,1301.40,455.34,89.86,192.53,0.9318,-1,-1,-1
505,27,1823.58,424.46,78.01,204.87,0.6755,-1,-1,-1
505,28,347.11,248.13,293.79,681.92,0.6009,-1,-1,-1
505,29,1379.87,433.65,97.36,235.57,0.9254,-1,-1,-1
505,31,1514.08,401.10,103.07,294.19,0.8558,-1,-1,-1
505,32,1610.13,446.57,81.39,194.25,0.7026,-1,-1,-1
505,34,1885.26,432.02,65.76,193.98,0.5835,-1,-1,-1
505,35,617.11,329.56,174.23,486.25,0.7234,-1,-1,-1
505,37,1459.39,422.78,99.61,250.95,0.7546,-1,-1,-1
505,39,1305.86,455.46,90.38,194.07,0.9276,-1,-1,-1
506,27,1825.69,424.84,77.82,205.00,0.6768,-1,-1,-1
506,28,377.49,247.58,277.72,677.74,0.6466,-1,-1,-1
506,29,1373.67,434.02,96.92,235.44,0.9089,-1,-1,-1
506,31,1518.60,402.57,102.42,293.38,0.8593,-1,-1,-1
506,32,1612.79,447.92,79.83,192.12,0.7598,-1,-1,-1
506,34,1888.11,430.37,65.30,193.95,0.5858,-1,-1,-1
506,35,623.81,328.32,173.77,486.53,0.7702,-1,-1,-1
506,37,1453.21,424.85,98.26,247.52,0.8055,-1,-1,-1
506,39,1314.05,452.76,90.96,197.18,0.9055,-1,-1,-1
507,27,1826.93,425.29,77.70,204.94,0.6728,-1,-1,-1
507,28,402.76,248.77,267.42,672.84,0.7387,-1,-1,-1
507,29,1367.44,434.80,95.98,234.43,0.9451,-1,-1,-1
507,31,1522.66,402.55,101.90,292.41,0.8444,-1,-1,-1
507,32,1615.14,448.32,79.49,192.60,0.7586,-1,-1,-1
507,34,1889.63,430.17,64.86,194.02,0.5814,-1,-1,-1
507,35,629.61,325.21,175.33,493.39,0.7619,-1,-1,-1
507,37,1448.99,426.37,96.78,244.60,0.8706,-1,-1,-1
507,39,1319.06,453.14,89.60,196.27,0.9392,-1,-1,-1
508,27,1828.38,423.76,78.43,207.11,0.6702,-1,-1,-1
508,28,425.44,252.92,264.36,669.75,0.7522,-1,-1,-1
508,29,1360.70,436.53,94.70,232.60,0.9194,-1,-1,-1
508,31,1526.70,402.04,100.90,289.44,0.7621,-1,-1,-1
508,32,1620.98,448.44,78.97,193.10,0.7714,-1,-1,-1
508,34,1891.63,430.57,63.86,192.86,0.5312,-1,-1,-1
508,35,638.25,322.48,175.70,495.75,0.7781,-1,-1,-1
508,37,1442.29,428.44,96.99,242.99,0.9004,-1,-1,-1
508,39,1324.18,454.03,87.23,194.21,0.9326,-1,-1,-1
509,27,1829.29,424.05,78.52,207.10,0.6724,-1,-1,-1
509,28,445.38,258.14,264.91,665.96,0.7577,-1,-1,-1
509,29,1356.12,437.31,93.55,230.68,0.9338,-1,-1,-1
509,31,1529.86,401.03,100.56,289.20,0.7723,-1,-1,-1
509,32,1623.53,448.60,78.40,192.78,0.8045,-1,-1,-1
509,34,1893.62,431.27,62.98,191.71,0.5334,-1,-1,-1
509,35,649.60,321.44,176.19,497.43,0.7353,-1,-1,-1
509,37,1436.13,430.46,96.32,240.36,0.8544,-1,-1,-1
509,39,1331.71,453.57,85.67,194.24,0.8986,-1,-1,-1
510,27,1830.79,426.02,77.19,202.75,0.6646,-1,-1,-1
510,28,466.23,259.43,270.44,664.99,0.7393,-1,-1,-1
510,29,1349.34,436.04,92.87,229.97,0.8815,-1,-1,-1
510,31,1534.19,401.32,99.89,288.61,0.8110,-1,-1,-1
510,32,1625.33,448.11,78.24,192.08,0.7863,-1,-1,-1
510,34,1891.31,427.75,64.03,196.55,0.1531,-1,-1,-1
510,35,662.89,324.10,174.50,489.72,0.7868,-1,-1,-1
510,37,1421.81,432.99,95.66,236.28,0.9516,-1,-1,-1
510,39,1338.06,453.84,85.86,194.18,0.8941,-1,-1,-1
511,27,1832.59,426.40,76.98,201.50,0.6533,-1,-1,-1
511,28,479.11,267.32,275.84,654.74,0.7173,-1,-1,-1
511,29,1344.05,436.87,91.46,228.01,0.9094,-1,-1,-1
511,31,1538.56,401.42,99.87,289.90,0.8055,-1,-1,-1
511,32,1625.01,445.49,78.93,194.17,0.7501,-1,-1,-1
511,34,1890.94,426.16,64.96,199.74,0.1719,-1,-1,-1
511,35,674.28,325.07,176.15,491.05,0.7705,-1,-1,-1
511,37,1412.59,431.49,96.14,236.55,0.9003,-1,-1,-1
511,39,1344.41,454.11,86.04,194.12,0.8895,-1,-1,-1
512,27,1833.64,427.24,77.22,201.64,0.6683,-1,-1,-1
512,28,489.80,283.33,276.28,637.68,0.7511,-1,-1,-1
512,29,1339.56,437.70,89.89,225.93,0.9149,-1,-1,-1
512,31,1542.83,401.66,99.24,288.69,0.8258,-1,-1,-1
512,32,1627.85,445.09,78.27,193.82,0.7559,-1,-1,-1
512,34,1891.60,424.58,66.10,203.00,0.0713,-1,-1,-1
512,35,680.85,326.85,177.14,491.84,0.7411,-1,-1,-1
512,37,1404.96,433.11,95.71,233.85,0.9429,-1,-1,-1
512,39,1350.76,454.38,86.23,194.06,0.8850,-1,-1,-1
513,27,1835.12,427.41,76.24,198.43,0.6969,-1,-1,-1
513,28,499.02,279.03,276.60,636.62,0.7529,-1,-1,-1
513,29,1334.16,439.31,89.00,224.48,0.9320,-1,-1,-1
513,31,1546.17,401.73,98.77,288.18,0.8249,-1,-1,-1
513,32,1630.65,444.33,77.86,193.88,0.7472,-1,-1,-1
513,34,1886.82,413.33,76.66,228.86,0.2086,-1,-1,-1
513,35,683.69,328.38,175.61,489.67,0.7104,-1,-1,-1
513,37,1398.37,432.18,94.70,232.38,0.8896,-1,-1,-1
513,39,1357.11,454.65,86.42,194.00,0.8804,-1,-1,-1
514,27,1834.76,427.88,75.56,196.90,0.6747,-1,-1,-1
514,28,510.64,278.64,271.59,630.12,0.7936,-1,-1,-1
514,29,1328.37,441.05,88.58,222.23,0.9737,-1,-1,-1
514,31,1551.25,401.32,97.74,286.38,0.8146,-1,-1,-1
514,32,1632.65,442.17,78.04,196.73,0.7601,-1,-1,-1
514,34,1882.05,402.08,87.21,254.72,0.3458,-1,-1,-1
514,35,687.27,329.55,174.84,489.52,0.6465,-1,-1,-1
514,37,1389.12,431.24,94.49,233.55,0.9288,-1,-1,-1
514,39,1363.45,454.91,86.60,193.95,0.8759,-1,-1,-1
515,27,1835.55,428.01,75.06,195.97,0.6579,-1,-1,-1
515,28,529.04,275.46,265.25,625.71,0.7862,-1,-1,-1
515,29,1323.48,439.32,89.90,224.79,0.9664,-1,-1,-1
515,31,1556.07,399.28,97.48,286.69,0.7749,-1,-1,-1
515,32,1635.64,443.09,76.71,194.55,0.7960,-1,-1,-1
515,34,1877.28,390.83,97.76,280.57,0.4831,-1,-1,-1
515,35,688.88,329.33,172.46,487.95,0.6227,-1,-1,-1
515,37,1380.18,430.86,94.10,233.57,0.9122,-1,-1,-1
515,39,1369.80,455.18,86.79,193.89,0.8713,-1,-1,-1
515,41,1880.00,379.35,104.72,307.76,0.5622,-1,-1,-1
516,27,1836.09,428.68,74.57,195.21,0.6544,-1,-1,-1
516,28,557.89,271.15,258.84,625.35,0.7371,-1,-1,-1
516,29,1318.41,440.39,90.81,225.09,0.9374,-1,-1,-1
516,31,1561.83,400.75,95.81,282.82,0.7999,-1,-1,-1
516,32,1638.29,443.87,76.28,195.28,0.7603,-1,-1,-1
516,34,1872.50,379.58,108.32,306.43,0.6204,-1,-1,-1
516,35,696.29,331.46,169.63,484.50,0.7479,-1,-1,-1
516,37,1377.25,430.89,93.92,233.35,0.8548,-1,-1,-1
516,39,1376.15,455.45,86.98,193.83,0.8668,-1,-1,-1
517,27,1837.16,428.74,74.33,194.76,0.6495,-1,-1,-1
517,28,585.20,269.98,248.98,618.87,0.7093,-1,-1,-1
517,29,1314.81,441.39,91.46,224.35,0.9340,-1,-1,-1
517,31,1566.14,401.60,94.79,280.81,0.7943,-1,-1,-1
517,32,1641.19,444.10,75.49,194.41,0.7305,-1,-1,-1
517,34,1859.75,378.76,116.27,307.36,0.6242,-1,-1,-1
517,35,702.52,332.76,167.04,481.86,0.7056,-1,-1,-1
517,37,1368.73,426.35,94.73,238.91,0.2377,-1,-1,-1
517,39,1382.50,455.72,87.16,193.77,0.8622,-1,-1,-1
518,27,1837.54,430.57,74.22,194.30,0.6211,-1,-1,-1
518,28,609.43,270.23,243.74,613.94,0.7186,-1,-1,-1
518,29,1310.17,444.23,91.38,221.88,0.8622,-1,-1,-1
518,31,1570.33,404.83,93.36,276.43,0.8175,-1,-1,-1
518,32,1645.54,445.44,74.37,192.81,0.6955,-1,-1,-1
518,34,1853.07,375.11,121.09,309.52,0.5518,-1,-1,-1
518,35,699.34,324.73,169.84,498.39,0.6223,-1,-1,-1
518,37,1361.79,428.82,92.97,236.16,0.7632,-1,-1,-1
518,39,1388.85,455.99,87.35,193.71,0.8577,-1,-1,-1
519,27,1837.62,430.32,75.01,197.10,0.0751,-1,-1,-1
519,28,633.67,270.48,238.49,609.02,0.7278,-1,-1,-1
519,29,1305.03,443.17,92.58,222.78,0.7972,-1,-1,-1
519,31,1574.85,403.75,93.69,277.67,0.8010,-1,-1,-1
519,32,1648.11,445.29,74.39,194.13,0.7337,-1,-1,-1
519,34,1845.21,375.05,125.24,310.24,0.5863,-1,-1,-1
519,37,1356.08,431.00,91.81,233.81,0.8506,-1,-1,-1
519,39,1393.63,456.28,90.29,198.13,0.8364,-1,-1,-1
520,28,652.73,278.84,232.69,604.34,0.7231,-1,-1,-1
520,29,1300.59,444.33,91.38,219.96,0.9817,-1,-1,-1
520,31,1579.14,406.95,92.21,272.73,0.8043,-1,-1,-1
520,32,1651.60,445.79,73.39,193.01,0.7389,-1,-1,-1
520,34,1840.74,376.92,129.35,305.52,0.5769,-1,-1,-1
520,37,1350.36,430.29,92.73,236.04,0.8755,-1,-1,-1
520,39,1398.32,456.11,92.71,202.13,0.9114,-1,-1,-1
521,28,667.16,282.97,229.59,598.96,0.7656,-1,-1,-1
521,29,1294.38,444.32,90.57,217.34,0.9447,-1,-1,-1
521,31,1583.20,405.66,92.12,273.22,0.7888,-1,-1,-1
521,32,1654.38,446.17,73.11,193.83,0.7422,-1,-1,-1
521,34,1834.48,376.42,129.47,307.31,0.6280,-1,-1,-1
521,37,1345.71,432.78,91.55,232.33,0.9106,-1,-1,-1
521,39,1404.51,455.31,93.58,202.68,0.9021,-1,-1,-1
522,28,680.08,285.24,231.07,597.31,0.7518,-1,-1,-1
522,29,1286.71,442.85,91.12,218.85,0.9536,-1,-1,-1
522,31,1586.49,404.75,92.41,275.23,0.7946,-1,-1,-1
522,32,1658.16,446.76,72.51,193.47,0.6933,-1,-1,-1
522,34,1827.55,376.03,131.09,310.24,0.6266,-1,-1,-1
522,37,1343.57,433.38,90.94,230.23,0.9447,-1,-1,-1
522,39,1412.40,457.01,94.31,200.72,0.7943,-1,-1,-1
523,28,690.94,291.82,231.77,590.19,0.7692,-1,-1,-1
523,29,1280.79,443.66,90.12,217.53,0.9660,-1,-1,-1
523,31,1591.47,404.02,92.13,275.25,0.7930,-1,-1,-1
523,32,1661.11,446.47,72.06,193.22,0.7256,-1,-1,-1
523,34,1824.42,379.15,131.04,308.12,0.6165,-1,-1,-1
523,37,1341.73,436.80,90.46,227.07,0.9300,-1,-1,-1
523,39,1418.10,458.12,93.98,198.17,0.8189,-1,-1,-1
524,28,704.64,296.10,232.88,582.81,0.7604,-1,-1,-1
524,29,1275.74,444.28,88.99,216.20,0.9000,-1,-1,-1
524,31,1595.47,401.35,92.39,276.68,0.7686,-1,-1,-1
524,32,1666.16,449.82,69.53,188.33,0.3993,-1,-1,-1
524,34,1820.80,381.19,130.43,307.95,0.6105,-1,-1,-1
524,37,1338.80,438.06,89.91,224.79,0.9167,-1,-1,-1
524,39,1424.76,455.37,94.73,201.15,0.8760,-1,-1,-1
524,42,1629.46,458.68,67.85,196.59,0.7096,-1,-1,-1
525,28,715.28,297.77,235.60,579.94,0.7575,-1,-1,-1
525,29,1270.85,445.10,87.61,214.96,0.8954,-1,-1,-1
525,31,1600.50,401.13,91.89,276.05,0.7543,-1,-1,-1
525,32,1668.96,447.09,70.57,192.81,0.7129,-1,-1,-1
525,34,1816.83,379.28,130.82,310.76,0.6028,-1,-1,-1
525,37,1334.64,438.26,91.05,224.64,0.8899,-1,-1,-1
525,39,1434.07,455.78,94.27,199.85,0.9030,-1,-1,-1
525,42,1630.62,455.56,74.85,197.98,0.7091,-1,-1,-1