event_ordinal,partition,seq,event_key,lost_global_id,cand_global_id,lost_local_id_present,cand_local_id_present,runtime_coordinates_available,runtime_dist_h,runtime_ema_lost,runtime_ema_cand,offline_pair_status,frozen_coordinate_pair_available,classification,reason
1,cohort_gap,MOT17-02-SDP,MOT17-02-SDP|115|116,115,116,True,True,True,0.0626420081,105.0317306519,97.9594039917,absent,False,structurally unjoinable,same_global_pair_absent_from_offline_universe
2,cohort_gap,MOT17-02-SDP,MOT17-02-SDP|115|117,115,117,True,True,True,1.4614065886,105.0317306519,116.6301345825,absent,False,structurally unjoinable,same_global_pair_absent_from_offline_universe
3,cohort_gap,MOT17-02-SDP,MOT17-02-SDP|115|118,115,118,True,True,True,0.8146985173,105.0317306519,96.232963562,absent,False,structurally unjoinable,same_global_pair_absent_from_offline_universe
4,cohort_gap,MOT17-02-SDP,MOT17-02-SDP|12|38,12,38,True,True,True,1.1685225964,113.0575790405,111.206703186,absent,False,structurally unjoinable,same_global_pair_absent_from_offline_universe
5,cohort_gap,MOT17-02-SDP,MOT17-02-SDP|12|40,12,40,True,True,True,0.9925451279,113.0575790405,102.5559234619,absent,False,structurally unjoinable,same_global_pair_absent_from_offline_universe
6,cohort_gap,MOT17-02-SDP,MOT17-02-SDP|12|41,12,41,True,True,True,0.7082217336,113.0575790405,117.1602325439,absent,False,structurally unjoinable,same_global_pair_absent_from_offline_universe
7,cohort_gap,MOT17-02-SDP,MOT17-02-SDP|12|44,12,44,True,True,True,0.3065908551,113.0575790405,104.6436691284,absent,False,structurally unjoinable,same_global_pair_absent_from_offline_universe
8,cohort_gap,MOT17-02-SDP,MOT17-02-SDP|13|38,13,38,True,True,True,1.2395398617,108.0350036621,111.206703186,absent,False,structurally unjoinable,same_global_pair_absent_from_offline_universe
9,cohort_gap,MOT17-02-SDP,MOT17-02-SDP|13|40,13,40,True,True,True,1.0392674208,108.0350036621,102.5559234619,absent,False,structurally unjoinable,same_global_pair_absent_from_offline_universe
10,cohort_gap,MOT17-02-SDP,MOT17-02-SDP|13|41,13,41,True,True,True,0.7533182502,108.0350036621,117.1602325439,absent,False,structurally unjoinable,same_global_pair_absent_from_offline_universe
11,cohort_gap,MOT17-02-SDP,MOT17-02-SDP|13|42,13,42,True,True,True,6.039525032,108.0350036621,63.8107070923,absent,False,structurally unjoinable,same_global_pair_absent_from_offline_universe
12,cohort_gap,MOT17-02-SDP,MOT17-02-SDP|13|43,13,43,True,True,True,5.913336277,108.0350036621,66.1826171875,absent,False,structurally unjoinable,same_global_pair_absent_from_offline_universe
13,cohort_gap,MOT17-02-SDP,MOT17-02-SDP|13|44,13,44,True,True,True,0.6079164743,108.0350036621,104.6436691284,absent,False,structurally unjoinable,same_global_pair_absent_from_offline_universe
14,cohort_gap,MOT17-02-SDP,MOT17-02-SDP|16|40,16,40,True,True,True,1.3991653919,98.1817626953,102.5559234619,absent,False,structurally unjoinable,same_global_pair_absent_from_offline_universe
15,cohort_gap,MOT17-02-SDP,MOT17-02-SDP|16|41,16,41,True,True,True,1.0719609261,98.1817626953,117.1602325439,absent,False,structurally unjoinable,same_global_pair_absent_from_offline_universe
16,cohort_gap,MOT17-02-SDP,MOT17-02-SDP|16|42,16,42,True,True,True,6.7909564972,98.1817626953,63.8107070923,absent,False,structurally unjoinable,same_global_pair_absent_from_offline_universe
17,cohort_gap,MOT17-02-SDP,MOT17-02-SDP|16|43,16,43,True,True,True,6.6457724571,98.1817626953,66.1826171875,absent,False,structurally unjoinable,same_global_pair_absent_from_offline_universe
18,cohort_gap,MOT17-02-SDP,MOT17-02-SDP|16|44,16,44,True,True,True,0.8599031568,98.1817626953,104.6436691284,absent,False,structurally unjoinable,same_global_pair_absent_from_offline_universe
19,cohort_gap,MOT17-02-SDP,MOT17-02-SDP|16|45,16,45,True,True,True,6.9887318611,98.1817626953,83.3240356445,absent,False,structurally unjoinable,same_global_pair_absent_from_offline_universe
20,cohort_gap,MOT17-02-SDP,MOT17-02-SDP|16|46,16,46,True,True,True,4.8145260811,98.1817626953,66.9412918091,absent,False,structurally unjoinable,same_global_pair_absent_from_offline_universe
21,cohort_gap,MOT17-02-SDP,MOT17-02-SDP|22|49,22,49,True,True,True,2.4088816643,101.2113189697,59.5807495117,absent,False,structurally unjoinable,same_global_pair_absent_from_offline_universe
22,cohort_gap,MOT17-02-SDP,MOT17-02-SDP|23|70,23,70,True,True,True,1.3536599874,111.3060760498,73.353729248,absent,False,structurally unjoinable,same_global_pair_absent_from_offline_universe
23,cohort_gap,MOT17-02-SDP,MOT17-02-SDP|23|74,23,74,True,True,True,6.1672534943,111.3060760498,75.5375976562,absent,False,structurally unjoinable,same_global_pair_absent_from_offline_universe
24,cohort_gap,MOT17-02-SDP,MOT17-02-SDP|23|78,23,78,True,True,True,0.8859966993,111.6207046509,82.2588119507,absent,False,structurally unjoinable,same_global_pair_absent_from_offline_universe
25,cohort_gap,MOT17-02-SDP,MOT17-02-SDP|23|79,23,79,True,True,True,1.3921290636,111.6207046509,65.9968795776,absent,False,structurally unjoinable,same_global_pair_absent_from_offline_universe
26,cohort_gap,MOT17-02-SDP,MOT17-02-SDP|23|80,23,80,True,True,True,0.0944478586,111.6207046509,107.7361755371,absent,False,structurally unjoinable,same_global_pair_absent_from_offline_universe
27,cohort_gap,MOT17-02-SDP,MOT17-02-SDP|23|82,23,82,True,True,True,5.7561826706,111.6207046509,98.0045166016,absent,False,structurally unjoinable,same_global_pair_absent_from_offline_universe
28,cohort_gap,MOT17-02-SDP,MOT17-02-SDP|23|88,23,88,True,True,True,6.1448297501,106.5322418213,111.5382003784,absent,False,structurally unjoinable,same_global_pair_absent_from_offline_universe
29,cohort_gap,MOT17-02-SDP,MOT17-02-SDP|23|89,23,89,True,True,True,6.3101892471,106.5322418213,82.4869842529,absent,False,structurally unjoinable,same_global_pair_absent_from_offline_universe
30,cohort_gap,MOT17-02-SDP,MOT17-02-SDP|23|90,23,90,True,True,True,5.2672820091,106.5322418213,158.1492004395,absent,False,structurally unjoinable,same_global_pair_absent_from_offline_universe
31,cohort_gap,MOT17-02-SDP,MOT17-02-SDP|23|91,23,91,True,True,True,1.2389761209,106.5322418213,66.5202636719,absent,False,structurally unjoinable,same_global_pair_absent_from_offline_universe
32,cohort_gap,MOT17-02-SDP,MOT17-02-SDP|23|92,23,92,True,True,True,1.6328994036,106.5322418213,70.8277511597,absent,False,structurally unjoinable,same_global_pair_absent_from_offline_universe
33,cohort_gap,MOT17-02-SDP,MOT17-02-SDP|23|94,23,94,True,True,True,3.2692885399,106.5322418213,83.1123123169,absent,False,structurally unjoinable,same_global_pair_absent_from_offline_universe
34,cohort_gap,MOT17-02-SDP,MOT17-02-SDP|23|95,23,95,True,True,True,6.3965520859,106.5322418213,79.9122238159,absent,False,structurally unjoinable,same_global_pair_absent_from_offline_universe
35,cohort_gap,MOT17-02-SDP,MOT17-02-SDP|23|96,23,96,True,True,True,2.1180481911,106.5322418213,84.3218307495,absent,False,structurally unjoinable,same_global_pair_absent_from_offline_universe
36,cohort_gap,MOT17-02-SDP,MOT17-02-SDP|23|97,23,97,True,True,True,6.3547611237,106.5322418213,92.9169235229,absent,False,structurally unjoinable,same_global_pair_absent_from_offline_universe
37,cohort_gap,MOT17-02-SDP,MOT17-02-SDP|27|40,27,40,True,True,True,5.6282763481,66.1327896118,102.5559234619,absent,False,structurally unjoinable,same_global_pair_absent_from_offline_universe
38,cohort_gap,MOT17-02-SDP,MOT17-02-SDP|27|42,27,42,True,True,True,1.0066041946,66.1327896118,63.8107070923,absent,False,structurally unjoinable,same_global_pair_absent_from_offline_universe
39,cohort_gap,MOT17-02-SDP,MOT17-02-SDP|27|43,27,43,True,True,True,1.0427113771,66.1327896118,66.1826171875,absent,False,structurally unjoinable,same_global_pair_absent_from_offline_universe
40,cohort_gap,MOT17-02-SDP,MOT17-02-SDP|27|44,27,44,True,True,True,6.3279051781,66.1327896118,104.6436691284,absent,False,structurally unjoinable,same_global_pair_absent_from_offline_universe
41,cohort_gap,MOT17-02-SDP,MOT17-02-SDP|27|45,27,45,True,True,True,0.3010415733,66.1327896118,83.3240356445,absent,False,structurally unjoinable,same_global_pair_absent_from_offline_universe
42,cohort_gap,MOT17-02-SDP,MOT17-02-SDP|27|46,27,46,True,True,True,3.274938345,66.1327896118,66.9412918091,absent,False,structurally unjoinable,same_global_pair_absent_from_offline_universe
43,cohort_gap,MOT17-02-SDP,MOT17-02-SDP|29|35,29,35,True,True,True,0.7672530413,73.6739654541,101.5054473877,absent,False,structurally unjoinable,same_global_pair_absent_from_offline_universe
44,cohort_gap,MOT17-02-SDP,MOT17-02-SDP|29|55,29,55,True,True,True,3.7255728245,64.3385543823,70.4155197144,absent,False,structurally unjoinable,same_global_pair_absent_from_offline_universe
45,cohort_gap,MOT17-02-SDP,MOT17-02-SDP|33|64,33,64,True,True,True,7.2489476204,109.8813018799,101.4673233032,absent,False,structurally unjoinable,same_global_pair_absent_from_offline_universe
46,cohort_gap,MOT17-02-SDP,MOT17-02-SDP|38|40,38,40,True,True,True,0.1755405366,111.3935623169,102.5559234619,absent,False,structurally unjoinable,same_global_pair_absent_from_offline_universe
47,cohort_gap,MOT17-02-SDP,MOT17-02-SDP|38|41,38,41,True,True,True,0.3806744218,111.3935623169,117.1602325439,absent,False,structurally unjoinable,same_global_pair_absent_from_offline_universe
48,cohort_gap,MOT17-02-SDP,MOT17-02-SDP|38|43,38,43,True,True,True,4.3730988503,111.0581817627,66.1826171875,absent,False,structurally unjoinable,same_global_pair_absent_from_offline_universe
49,cohort_gap,MOT17-02-SDP,MOT17-02-SDP|43|67,43,67,True,True,True,5.3946976662,57.4356842041,77.0650787354,absent,False,structurally unjoinable,same_global_pair_absent_from_offline_universe
50,cohort_gap,MOT17-02-SDP,MOT17-02-SDP|43|68,43,68,True,True,True,1.3120549917,57.4356842041,81.0860671997,absent,False,structurally unjoinable,same_global_pair_absent_from_offline_universe
51,cohort_gap,MOT17-02-SDP,MOT17-02-SDP|43|70,43,70,True,True,True,1.0796049833,57.4356842041,73.353729248,absent,False,structurally unjoinable,same_global_pair_absent_from_offline_universe
52,cohort_gap,MOT17-02-SDP,MOT17-02-SDP|43|71,43,71,True,True,True,0.5947149992,57.4356842041,54.1726036072,absent,False,structurally unjoinable,same_global_pair_absent_from_offline_universe
53,cohort_gap,MOT17-02-SDP,MOT17-02-SDP|51|70,51,70,True,True,True,1.6410149336,68.7085952759,73.353729248,absent,False,structurally unjoinable,same_global_pair_absent_from_offline_universe
54,cohort_gap,MOT17-02-SDP,MOT17-02-SDP|51|71,51,71,True,True,True,1.3000485897,68.7085952759,54.1726036072,absent,False,structurally unjoinable,same_global_pair_absent_from_offline_universe
55,cohort_gap,MOT17-02-SDP,MOT17-02-SDP|51|72,51,72,True,True,True,1.0167633295,68.7085952759,59.1509017944,absent,False,structurally unjoinable,same_global_pair_absent_from_offline_universe
56,cohort_gap,MOT17-02-SDP,MOT17-02-SDP|54|67,54,67,True,True,True,5.3911881447,52.4145774841,77.0650787354,absent,False,structurally unjoinable,same_global_pair_absent_from_offline_universe
57,cohort_gap,MOT17-02-SDP,MOT17-02-SDP|54|68,54,68,True,True,True,1.5744452477,52.4145774841,81.0860671997,absent,False,structurally unjoinable,same_global_pair_absent_from_offline_universe
58,cohort_gap,MOT17-02-SDP,MOT17-02-SDP|54|70,54,70,True,True,True,1.3486140966,52.4145774841,73.353729248,absent,False,structurally unjoinable,same_global_pair_absent_from_offline_universe
59,cohort_gap,MOT17-02-SDP,MOT17-02-SDP|54|71,54,71,True,True,True,0.8836686015,52.4145774841,54.1726036072,absent,False,structurally unjoinable,same_global_pair_absent_from_offline_universe
60,cohort_gap,MOT17-02-SDP,MOT17-02-SDP|54|72,54,72,True,True,True,0.5909863114,52.4145774841,59.1509017944,absent,False,structurally unjoinable,same_global_pair_absent_from_offline_universe
61,cohort_gap,MOT17-02-SDP,MOT17-02-SDP|57|67,57,67,True,True,True,6.5281581879,50.8792686462,77.0650787354,absent,False,structurally unjoinable,same_global_pair_absent_from_offline_universe
62,cohort_gap,MOT17-02-SDP,MOT17-02-SDP|57|68,57,68,True,True,True,0.5665424466,50.8792686462,81.0860671997,absent,False,structurally unjoinable,same_global_pair_absent_from_offline_universe
63,cohort_gap,MOT17-02-SDP,MOT17-02-SDP|67|70,67,70,True,True,True,5.7514996529,76.9129562378,73.353729248,absent,False,structurally unjoinable,same_global_pair_absent_from_offline_universe
64,cohort_gap,MOT17-02-SDP,MOT17-02-SDP|67|71,67,71,True,True,True,6.0287365913,76.9129562378,54.1726036072,absent,False,structurally unjoinable,same_global_pair_absent_from_offline_universe
65,cohort_gap,MOT17-02-SDP,MOT17-02-SDP|67|72,67,72,True,True,True,5.5924520493,76.9129562378,59.1509017944,absent,False,structurally unjoinable,same_global_pair_absent_from_offline_universe
66,cohort_gap,MOT17-02-SDP,MOT17-02-SDP|67|74,67,74,True,True,True,0.2913478017,76.9129562378,75.5375976562,absent,False,structurally unjoinable,same_global_pair_absent_from_offline_universe
67,cohort_gap,MOT17-02-SDP,MOT17-02-SDP|67|75,67,75,True,True,True,0.0371542722,76.9129562378,76.5958480835,absent,False,structurally unjoinable,same_global_pair_absent_from_offline_universe
68,cohort_gap,MOT17-02-SDP,MOT17-02-SDP|67|84,67,84,True,True,True,5.3911685944,70.0062942505,111.6343307495,absent,False,structurally unjoinable,same_global_pair_absent_from_offline_universe
69,cohort_gap,MOT17-02-SDP,MOT17-02-SDP|67|85,67,85,True,True,True,5.7900772095,70.0062942505,47.7784233093,absent,False,structurally unjoinable,same_global_pair_absent_from_offline_universe
70,cohort_gap,MOT17-02-SDP,MOT17-02-SDP|69|84,69,84,True,True,True,2.8343977928,168.3767700195,111.6343307495,absent,False,structurally unjoinable,same_global_pair_absent_from_offline_universe
71,cohort_gap,MOT17-02-SDP,MOT17-02-SDP|69|90,69,90,True,True,True,2.1469106674,158.0851135254,158.1492004395,absent,False,structurally unjoinable,same_global_pair_absent_from_offline_universe
72,cohort_gap,MOT17-02-SDP,MOT17-02-SDP|70|71,70,71,True,True,True,0.5699819326,72.1164016724,54.1726036072,absent,False,structurally unjoinable,same_global_pair_absent_from_offline_universe
73,cohort_gap,MOT17-02-SDP,MOT17-02-SDP|74|78,74,78,True,True,True,6.2352442741,77.5308151245,82.2588119507,absent,False,structurally unjoinable,same_global_pair_absent_from_offline_universe
74,cohort_gap,MOT17-02-SDP,MOT17-02-SDP|74|80,74,80,True,True,True,6.4239020348,77.5490036011,107.7361755371,absent,False,structurally unjoinable,same_global_pair_absent_from_offline_universe
75,cohort_gap,MOT17-02-SDP,MOT17-02-SDP|74|82,74,82,True,True,True,0.2350334525,77.5490036011,98.0045166016,absent,False,structurally unjoinable,same_global_pair_absent_from_offline_universe
76,cohort_gap,MOT17-02-SDP,MOT17-02-SDP|74|84,74,84,True,True,True,5.8014321327,79.9451980591,111.6343307495,absent,False,structurally unjoinable,same_global_pair_absent_from_offline_universe
77,cohort_gap,MOT17-02-SDP,MOT17-02-SDP|74|85,74,85,True,True,True,6.3821554184,79.9451980591,47.7784233093,absent,False,structurally unjoinable,same_global_pair_absent_from_offline_universe
78,cohort_gap,MOT17-02-SDP,MOT17-02-SDP|78|82,78,82,True,True,True,5.8100104332,82.1907806396,98.0045166016,absent,False,structurally unjoinable,same_global_pair_absent_from_offline_universe
79,cohort_gap,MOT17-02-SDP,MOT17-02-SDP|78|87,78,87,True,True,True,6.2508144379,80.0347366333,110.4828948975,absent,False,structurally unjoinable,same_global_pair_absent_from_offline_universe
80,cohort_gap,MOT17-02-SDP,MOT17-02-SDP|78|88,78,88,True,True,True,6.4920992851,80.0347366333,111.5382003784,absent,False,structurally unjoinable,same_global_pair_absent_from_offline_universe
81,cohort_gap,MOT17-02-SDP,MOT17-02-SDP|7|50,7,50,True,True,True,0.0508574434,346.5637512207,366.9018554688,absent,False,structurally unjoinable,same_global_pair_absent_from_offline_universe
82,cohort_gap,MOT17-02-SDP,MOT17-02-SDP|7|53,7,53,True,True,True,1.7444534302,346.5637512207,386.6142272949,absent,False,structurally unjoinable,same_global_pair_absent_from_offline_universe
83,cohort_gap,MOT17-02-SDP,MOT17-02-SDP|80|88,80,88,True,True,True,6.2465782166,112.7514190674,111.5382003784,absent,False,structurally unjoinable,same_global_pair_absent_from_offline_universe
84,cohort_gap,MOT17-02-SDP,MOT17-02-SDP|80|89,80,89,True,True,True,6.423251152,112.7514190674,82.4869842529,absent,False,structurally unjoinable,same_global_pair_absent_from_offline_universe
85,cohort_gap,MOT17-02-SDP,MOT17-02-SDP|84|87,84,87,True,True,True,5.7305111885,111.3196487427,110.4828948975,absent,False,structurally unjoinable,same_global_pair_absent_from_offline_universe
86,cohort_gap,MOT17-02-SDP,MOT17-02-SDP|84|88,84,88,True,True,True,5.9312624931,111.3196487427,111.5382003784,absent,False,structurally unjoinable,same_global_pair_absent_from_offline_universe
87,cohort_gap,MOT17-02-SDP,MOT17-02-SDP|84|89,84,89,True,True,True,6.054649353,111.3196487427,82.4869842529,absent,False,structurally unjoinable,same_global_pair_absent_from_offline_universe
88,cohort_gap,MOT17-02-SDP,MOT17-02-SDP|84|96,84,96,True,True,True,2.1246464252,106.4793319702,84.3218307495,absent,False,structurally unjoinable,same_global_pair_absent_from_offline_universe
89,cohort_gap,MOT17-02-SDP,MOT17-02-SDP|84|97,84,97,True,True,True,6.3629360199,106.4793319702,92.9169235229,absent,False,structurally unjoinable,same_global_pair_absent_from_offline_universe
90,cohort_gap,MOT17-02-SDP,MOT17-02-SDP|89|105,89,105,True,True,True,0.4360696971,97.3682174683,100.7655792236,absent,False,structurally unjoinable,same_global_pair_absent_from_offline_universe
91,cohort_gap,MOT17-02-SDP,MOT17-02-SDP|89|106,89,106,True,True,True,6.810667038,97.3682174683,64.7184829712,absent,False,structurally unjoinable,same_global_pair_absent_from_offline_universe
92,cohort_gap,MOT17-02-SDP,MOT17-02-SDP|89|107,89,107,True,True,True,3.5628454685,97.3682174683,103.4614868164,absent,False,structurally unjoinable,same_global_pair_absent_from_offline_universe
93,cohort_gap,MOT17-02-SDP,MOT17-02-SDP|89|97,89,97,True,True,True,0.1760200709,84.0570297241,92.9169235229,absent,False,structurally unjoinable,same_global_pair_absent_from_offline_universe
94,cohort_gap,MOT17-02-SDP,MOT17-02-SDP|89|98,89,98,True,True,True,1.6003539562,85.3292617798,83.2189941406,absent,False,structurally unjoinable,same_global_pair_absent_from_offline_universe
95,cohort_gap,MOT17-02-SDP,MOT17-02-SDP|97|102,97,102,True,True,True,1.7642241716,95.1492004395,74.0408935547,absent,False,structurally unjoinable,same_global_pair_absent_from_offline_universe
96,cohort_gap,MOT17-02-SDP,MOT17-02-SDP|99|102,99,102,True,True,True,5.6618924141,105.8565292358,74.0408935547,absent,False,structurally unjoinable,same_global_pair_absent_from_offline_universe
97,cohort_gap,MOT17-02-SDP,MOT17-02-SDP|99|105,99,105,True,True,True,6.7570023537,105.8565292358,100.7655792236,absent,False,structurally unjoinable,same_global_pair_absent_from_offline_universe
98,cohort_gap,MOT17-02-SDP,MOT17-02-SDP|99|106,99,106,True,True,True,1.2439875603,105.8565292358,64.7184829712,absent,False,structurally unjoinable,same_global_pair_absent_from_offline_universe
99,cohort_gap,MOT17-02-SDP,MOT17-02-SDP|99|107,99,107,True,True,True,2.8627285957,105.8565292358,103.4614868164,absent,False,structurally unjoinable,same_global_pair_absent_from_offline_universe
100,cohort_gap,MOT17-04-SDP,MOT17-04-SDP|119|168,119,168,True,True,True,6.6944775581,173.7066192627,229.0854492188,absent,False,structurally unjoinable,same_global_pair_absent_from_offline_universe
101,cohort_gap,MOT17-04-SDP,MOT17-04-SDP|119|169,119,169,True,True,True,2.862983942,173.7066192627,198.7299041748,absent,False,structurally unjoinable,same_global_pair_absent_from_offline_universe
102,cohort_gap,MOT17-04-SDP,MOT17-04-SDP|128|210,128,210,True,True,True,2.9870529175,167.3459777832,124.4183044434,absent,False,structurally unjoinable,same_global_pair_absent_from_offline_universe
103,cohort_gap,MOT17-04-SDP,MOT17-04-SDP|128|212,128,212,True,True,True,0.4864555597,167.3459777832,171.9899291992,absent,False,structurally unjoinable,same_global_pair_absent_from_offline_universe
104,cohort_gap,MOT17-04-SDP,MOT17-04-SDP|141|192,141,192,True,True,True,6.0742692947,145.6230316162,85.7778778076,absent,False,structurally unjoinable,same_global_pair_absent_from_offline_universe
105,cohort_gap,MOT17-04-SDP,MOT17-04-SDP|144|168,144,168,True,True,True,5.7067484856,156.5574798584,229.0854492188,absent,False,structurally unjoinable,same_global_pair_absent_from_offline_universe
106,cohort_gap,MOT17-04-SDP,MOT17-04-SDP|144|169,144,169,True,True,True,5.0989780426,156.5574798584,198.7299041748,absent,False,structurally unjoinable,same_global_pair_absent_from_offline_universe
107,cohort_gap,MOT17-04-SDP,MOT17-04-SDP|144|185,144,185,True,True,True,2.8919141293,134.09425354,135.6901855469,absent,False,structurally unjoinable,same_global_pair_absent_from_offline_universe
108,cohort_gap,MOT17-04-SDP,MOT17-04-SDP|144|186,144,186,True,True,True,3.3651797771,134.09425354,130.430770874,absent,False,structurally unjoinable,same_global_pair_absent_from_offline_universe
109,cohort_gap,MOT17-04-SDP,MOT17-04-SDP|148|184,148,184,True,True,True,1.7241760492,173.8485107422,132.247177124,absent,False,structurally unjoinable,same_global_pair_absent_from_offline_universe
110,cohort_gap,MOT17-04-SDP,MOT17-04-SDP|148|185,148,185,True,True,True,1.5973274708,173.6686553955,135.6901855469,absent,False,structurally unjoinable,same_global_pair_absent_from_offline_universe
111,cohort_gap,MOT17-04-SDP,MOT17-04-SDP|148|186,148,186,True,True,True,1.564337492,173.4364013672,130.430770874,absent,False,structurally unjoinable,same_global_pair_absent_from_offline_universe
112,cohort_gap,MOT17-04-SDP,MOT17-04-SDP|148|188,148,188,True,True,True,0.1040716767,174.7654418945,168.1577606201,absent,False,structurally unjoinable,same_global_pair_absent_from_offline_universe
113,cohort_gap,MOT17-04-SDP,MOT17-04-SDP|157|187,157,187,True,True,True,2.2942330837,173.9802856445,145.0125274658,absent,False,structurally unjoinable,same_global_pair_absent_from_offline_universe
114,cohort_gap,MOT17-04-SDP,MOT17-04-SDP|162|175,162,175,True,True,True,10.4316425323,154.1047058105,157.0724029541,absent,False,structurally unjoinable,same_global_pair_absent_from_offline_universe
115,cohort_gap,MOT17-04-SDP,MOT17-04-SDP|162|182,162,182,True,True,True,0.1366280913,173.8645172119,161.7227172852,absent,False,structurally unjoinable,same_global_pair_absent_from_offline_universe
116,cohort_gap,MOT17-04-SDP,MOT17-04-SDP|162|183,162,183,True,True,True,0.5414589047,173.8645172119,173.2182922363,absent,False,structurally unjoinable,same_global_pair_absent_from_offline_universe
117,cohort_gap,MOT17-04-SDP,MOT17-04-SDP|162|184,162,184,True,True,True,1.899697423,174.6311950684,132.247177124,absent,False,structurally unjoinable,same_global_pair_absent_from_offline_universe
118,cohort_gap,MOT17-04-SDP,MOT17-04-SDP|165|195,165,195,True,True,True,1.1610825062,160.3834075928,126.1099624634,absent,False,structurally unjoinable,same_global_pair_absent_from_offline_universe
119,cohort_gap,MOT17-04-SDP,MOT17-04-SDP|165|207,165,207,True,True,True,2.4019510746,160.3834075928,130.7700195312,absent,False,structurally unjoinable,same_global_pair_absent_from_offline_universe
120,cohort_gap,MOT17-04-SDP,MOT17-04-SDP|178|181,178,181,True,True,True,9.0950889587,163.7438812256,168.1474304199,absent,False,structurally unjoinable,same_global_pair_absent_from_offline_universe
121,cohort_gap,MOT17-04-SDP,MOT17-04-SDP|183|185,183,185,True,True,True,1.4647397995,175.675567627,135.6901855469,absent,False,structurally unjoinable,same_global_pair_absent_from_offline_universe
122,cohort_gap,MOT17-04-SDP,MOT17-04-SDP|183|187,183,187,True,True,True,1.7079242468,176.2843170166,145.0125274658,absent,False,structurally unjoinable,same_global_pair_absent_from_offline_universe
123,cohort_gap,MOT17-04-SDP,MOT17-04-SDP|186|187,186,187,True,True,True,1.0285966396,130.8104248047,145.0125274658,absent,False,structurally unjoinable,same_global_pair_absent_from_offline_universe
124,cohort_gap,MOT17-04-SDP,MOT17-04-SDP|186|189,186,189,True,True,True,11.3488197327,137.05909729,151.723739624,absent,False,structurally unjoinable,same_global_pair_absent_from_offline_universe
125,cohort_gap,MOT17-04-SDP,MOT17-04-SDP|186|190,186,190,True,True,True,10.8647203445,137.05909729,151.7520141602,absent,False,structurally unjoinable,same_global_pair_absent_from_offline_universe
126,cohort_gap,MOT17-04-SDP,MOT17-04-SDP|187|188,187,188,True,True,True,1.5311976671,144.6810150146,168.1577606201,absent,False,structurally unjoinable,same_global_pair_absent_from_offline_universe
127,cohort_gap,MOT17-04-SDP,MOT17-04-SDP|188|190,188,190,True,True,True,9.0059843063,172.7145385742,151.7520141602,absent,False,structurally unjoinable,same_global_pair_absent_from_offline_universe
128,cohort_gap,MOT17-04-SDP,MOT17-04-SDP|188|191,188,191,True,True,True,5.5561404228,172.3995056152,142.2897186279,absent,False,structurally unjoinable,same_global_pair_absent_from_offline_universe
129,cohort_gap,MOT17-04-SDP,MOT17-04-SDP|188|193,188,193,True,True,True,6.9909486771,172.205871582,148.6184692383,absent,False,structurally unjoinable,same_global_pair_absent_from_offline_universe
130,cohort_gap,MOT17-04-SDP,MOT17-04-SDP|201|205,201,205,True,True,True,0.3917153478,241.5092926025,261.3440856934,absent,False,structurally unjoinable,same_global_pair_absent_from_offline_universe
131,cohort_gap,MOT17-05-SDP,MOT17-05-SDP|219|274,219,274,True,True,True,0.1722293645,486.1885681152,300.9195861816,absent,False,structurally unjoinable,same_global_pair_absent_from_offline_universe
132,cohort_gap,MOT17-05-SDP,MOT17-05-SDP|220|226,220,226,True,True,True,4.3590421677,74.285774231,65.9155807495,absent,False,structurally unjoinable,same_global_pair_absent_from_offline_universe
133,cohort_gap,MOT17-05-SDP,MOT17-05-SDP|224|229,224,229,True,True,True,2.8395051956,72.5921859741,71.9219741821,absent,False,structurally unjoinable,same_global_pair_absent_from_offline_universe
134,cohort_gap,MOT17-05-SDP,MOT17-05-SDP|224|230,224,230,True,True,True,2.5078396797,72.5921859741,85.5758743286,absent,False,structurally unjoinable,same_global_pair_absent_from_offline_universe
135,cohort_gap,MOT17-05-SDP,MOT17-05-SDP|224|233,224,233,True,True,True,4.6018929482,79.148399353,61.196269989,absent,False,structurally unjoinable,same_global_pair_absent_from_offline_universe
136,cohort_gap,MOT17-05-SDP,MOT17-05-SDP|225|226,225,226,True,True,True,2.134165287,73.3690261841,65.9155807495,absent,False,structurally unjoinable,same_global_pair_absent_from_offline_universe
137,cohort_gap,MOT17-05-SDP,MOT17-05-SDP|228|257,228,257,True,True,True,0.2974338233,216.6033782959,163.1485748291,absent,False,structurally unjoinable,same_global_pair_absent_from_offline_universe
138,cohort_gap,MOT17-05-SDP,MOT17-05-SDP|228|259,228,259,True,True,True,0.0932387784,216.6033782959,284.5318908691,absent,False,structurally unjoinable,same_global_pair_absent_from_offline_universe
139,cohort_gap,MOT17-05-SDP,MOT17-05-SDP|228|260,228,260,True,True,True,0.0519302636,216.6033782959,164.326385498,absent,False,structurally unjoinable,same_global_pair_absent_from_offline_universe
140,cohort_gap,MOT17-05-SDP,MOT17-05-SDP|228|263,228,263,True,True,True,0.6022862792,216.6033782959,207.0012969971,absent,False,structurally unjoinable,same_global_pair_absent_from_offline_universe
141,cohort_gap,MOT17-05-SDP,MOT17-05-SDP|228|264,228,264,True,True,True,1.013857007,216.6033782959,323.8367004395,absent,False,structurally unjoinable,same_global_pair_absent_from_offline_universe
142,cohort_gap,MOT17-05-SDP,MOT17-05-SDP|228|267,228,267,True,True,True,0.5167193413,213.0462799072,332.3991394043,absent,False,structurally unjoinable,same_global_pair_absent_from_offline_universe
143,cohort_gap,MOT17-05-SDP,MOT17-05-SDP|228|268,228,268,True,True,True,0.1245633438,213.0462799072,128.391708374,absent,False,structurally unjoinable,same_global_pair_absent_from_offline_universe
144,cohort_gap,MOT17-05-SDP,MOT17-05-SDP|228|269,228,269,True,True,True,0.1169732064,213.0462799072,187.8740539551,absent,False,structurally unjoinable,same_global_pair_absent_from_offline_universe
145,cohort_gap,MOT17-05-SDP,MOT17-05-SDP|238|242,238,242,True,True,True,0.3711290359,57.9840774536,85.2580795288,absent,False,structurally unjoinable,same_global_pair_absent_from_offline_universe
146,cohort_gap,MOT17-05-SDP,MOT17-05-SDP|238|243,238,243,True,True,True,0.678412497,57.9840774536,96.1441421509,absent,False,structurally unjoinable,same_global_pair_absent_from_offline_universe
147,cohort_gap,MOT17-05-SDP,MOT17-05-SDP|238|244,238,244,True,True,True,0.0262134578,57.9840774536,60.594871521,absent,False,structurally unjoinable,same_global_pair_absent_from_offline_universe
148,cohort_gap,MOT17-05-SDP,MOT17-05-SDP|253|255,253,255,True,True,True,0.1940862387,87.5068206787,95.1305389404,absent,False,structurally unjoinable,same_global_pair_absent_from_offline_universe
149,cohort_gap,MOT17-05-SDP,MOT17-05-SDP|262|263,262,263,True,True,True,0.2113758624,127.3712005615,207.0012969971,absent,False,structurally unjoinable,same_global_pair_absent_from_offline_universe
150,cohort_gap,MOT17-05-SDP,MOT17-05-SDP|262|265,262,265,True,True,True,0.8662980199,127.3712005615,154.6785888672,absent,False,structurally unjoinable,same_global_pair_absent_from_offline_universe
151,cohort_gap,MOT17-05-SDP,MOT17-05-SDP|262|268,262,268,True,True,True,0.2594434321,127.3712005615,128.391708374,absent,False,structurally unjoinable,same_global_pair_absent_from_offline_universe
152,cohort_gap,MOT17-05-SDP,MOT17-05-SDP|280|282,280,282,True,True,True,2.5720334053,120.0501327515,190.1497955322,absent,False,structurally unjoinable,same_global_pair_absent_from_offline_universe
153,cohort_gap,MOT17-05-SDP,MOT17-05-SDP|281|282,281,282,True,True,True,0.2220310867,321.4468078613,190.1497955322,absent,False,structurally unjoinable,same_global_pair_absent_from_offline_universe
154,cohort_gap,MOT17-05-SDP,MOT17-05-SDP|282|286,282,286,True,True,True,2.5463342667,185.5383300781,160.9582061768,absent,False,structurally unjoinable,same_global_pair_absent_from_offline_universe
155,cohort_gap,MOT17-05-SDP,MOT17-05-SDP|284|285,284,285,True,True,True,2.1743552685,134.3006896973,219.3159637451,absent,False,structurally unjoinable,same_global_pair_absent_from_offline_universe
156,cohort_gap,MOT17-05-SDP,MOT17-05-SDP|288|292,288,292,True,True,True,0.2039371729,285.5196533203,383.7622070312,absent,False,structurally unjoinable,same_global_pair_absent_from_offline_universe
157,cohort_gap,MOT17-05-SDP,MOT17-05-SDP|293|297,293,297,True,True,True,3.1729712486,138.5467224121,86.8613967896,absent,False,structurally unjoinable,same_global_pair_absent_from_offline_universe
158,cohort_gap,MOT17-05-SDP,MOT17-05-SDP|293|298,293,298,True,True,True,3.2423045635,138.5467224121,90.6315078735,absent,False,structurally unjoinable,same_global_pair_absent_from_offline_universe
159,cohort_gap,MOT17-05-SDP,MOT17-05-SDP|307|314,307,314,True,True,True,1.3770928383,330.7727050781,225.5941162109,absent,False,structurally unjoinable,same_global_pair_absent_from_offline_universe
160,cohort_gap,MOT17-05-SDP,MOT17-05-SDP|317|322,317,322,True,True,True,0.8896053433,309.5774536133,383.7800292969,absent,False,structurally unjoinable,same_global_pair_absent_from_offline_universe
161,cohort_gap,MOT17-05-SDP,MOT17-05-SDP|317|323,317,323,True,True,True,0.0545178987,309.5774536133,296.6911621094,absent,False,structurally unjoinable,same_global_pair_absent_from_offline_universe
162,cohort_gap,MOT17-05-SDP,MOT17-05-SDP|317|325,317,325,True,True,True,1.0573731661,309.5774536133,248.5029754639,absent,False,structurally unjoinable,same_global_pair_absent_from_offline_universe
163,cohort_gap,MOT17-05-SDP,MOT17-05-SDP|324|326,324,326,True,True,True,1.1301724911,161.7931213379,259.9538879395,absent,False,structurally unjoinable,same_global_pair_absent_from_offline_universe
164,cohort_gap,MOT17-05-SDP,MOT17-05-SDP|325|327,325,327,True,True,True,0.4838092029,250.1148834229,271.5168762207,absent,False,structurally unjoinable,same_global_pair_absent_from_offline_universe
165,cohort_gap,MOT17-05-SDP,MOT17-05-SDP|331|335,331,335,True,True,True,0.493157655,138.3203887939,182.9812469482,absent,False,structurally unjoinable,same_global_pair_absent_from_offline_universe
166,cohort_gap,MOT17-05-SDP,MOT17-05-SDP|331|336,331,336,True,True,True,1.5811344385,149.5168457031,168.1781463623,absent,False,structurally unjoinable,same_global_pair_absent_from_offline_universe
167,cohort_gap,MOT17-05-SDP,MOT17-05-SDP|340|342,340,342,True,True,True,2.3692409992,100.1215515137,138.272857666,absent,False,structurally unjoinable,same_global_pair_absent_from_offline_universe
168,cohort_gap,MOT17-05-SDP,MOT17-05-SDP|340|344,340,344,True,True,True,1.9789649248,104.2894058228,121.630355835,absent,False,structurally unjoinable,same_global_pair_absent_from_offline_universe
169,cohort_gap,MOT17-05-SDP,MOT17-05-SDP|340|345,340,345,True,True,True,0.6863715649,104.2894058228,151.0109405518,absent,False,structurally unjoinable,same_global_pair_absent_from_offline_universe
170,cohort_gap,MOT17-05-SDP,MOT17-05-SDP|349|365,349,365,True,True,True,2.1869082451,135.0077972412,107.0597686768,absent,False,structurally unjoinable,same_global_pair_absent_from_offline_universe
171,cohort_gap,MOT17-05-SDP,MOT17-05-SDP|358|360,358,360,True,True,True,1.7541952133,120.6424560547,124.8665771484,absent,False,structurally unjoinable,same_global_pair_absent_from_offline_universe
172,cohort_gap,MOT17-05-SDP,MOT17-05-SDP|358|361,358,361,True,True,True,1.431455493,120.6424560547,74.6637802124,absent,False,structurally unjoinable,same_global_pair_absent_from_offline_universe
173,cohort_gap,MOT17-05-SDP,MOT17-05-SDP|358|362,358,362,True,True,True,1.1641827822,120.6424560547,72.3340454102,absent,False,structurally unjoinable,same_global_pair_absent_from_offline_universe
174,cohort_gap,MOT17-05-SDP,MOT17-05-SDP|358|363,358,363,True,True,True,1.7725989819,120.6424560547,120.4488220215,absent,False,structurally unjoinable,same_global_pair_absent_from_offline_universe
175,cohort_gap,MOT17-05-SDP,MOT17-05-SDP|358|365,358,365,True,True,True,0.8819774985,120.6424560547,107.0597686768,absent,False,structurally unjoinable,same_global_pair_absent_from_offline_universe
176,cohort_gap,MOT17-05-SDP,MOT17-05-SDP|358|368,358,368,True,True,True,0.657387495,120.6424560547,113.568321228,absent,False,structurally unjoinable,same_global_pair_absent_from_offline_universe
177,cohort_gap,MOT17-05-SDP,MOT17-05-SDP|358|369,358,369,True,True,True,3.0490531921,120.6424560547,115.8703765869,absent,False,structurally unjoinable,same_global_pair_absent_from_offline_universe
178,cohort_gap,MOT17-05-SDP,MOT17-05-SDP|358|370,358,370,True,True,True,1.5102465153,120.6424560547,192.9201812744,absent,False,structurally unjoinable,same_global_pair_absent_from_offline_universe
179,cohort_gap,MOT17-05-SDP,MOT17-05-SDP|359|360,359,360,True,True,True,1.4447015524,88.871887207,124.8665771484,absent,False,structurally unjoinable,same_global_pair_absent_from_offline_universe
180,cohort_gap,MOT17-05-SDP,MOT17-05-SDP|359|361,359,361,True,True,True,0.9586606622,88.871887207,74.6637802124,absent,False,structurally unjoinable,same_global_pair_absent_from_offline_universe
181,cohort_gap,MOT17-05-SDP,MOT17-05-SDP|359|365,359,365,True,True,True,0.38391909,98.667137146,107.0597686768,absent,False,structurally unjoinable,same_global_pair_absent_from_offline_universe
182,cohort_gap,MOT17-05-SDP,MOT17-05-SDP|359|368,359,368,True,True,True,0.1518819928,98.667137146,113.568321228,absent,False,structurally unjoinable,same_global_pair_absent_from_offline_universe
183,cohort_gap,MOT17-05-SDP,MOT17-05-SDP|359|369,359,369,True,True,True,2.7861435413,98.667137146,115.8703765869,absent,False,structurally unjoinable,same_global_pair_absent_from_offline_universe
184,cohort_gap,MOT17-05-SDP,MOT17-05-SDP|367|371,367,371,True,True,True,1.8640064001,60.3446540833,98.7877731323,absent,False,structurally unjoinable,same_global_pair_absent_from_offline_universe
185,cohort_gap,MOT17-05-SDP,MOT17-05-SDP|367|373,367,373,True,True,True,0.5406810045,60.3446540833,81.8710403442,absent,False,structurally unjoinable,same_global_pair_absent_from_offline_universe
186,cohort_gap,MOT17-05-SDP,MOT17-05-SDP|367|374,367,374,True,True,True,0.8181381226,60.3446540833,62.4265365601,absent,False,structurally unjoinable,same_global_pair_absent_from_offline_universe
187,cohort_gap,MOT17-05-SDP,MOT17-05-SDP|367|375,367,375,True,True,True,0.8656380773,60.3446540833,73.3952255249,absent,False,structurally unjoinable,same_global_pair_absent_from_offline_universe
188,cohort_gap,MOT17-05-SDP,MOT17-05-SDP|367|376,367,376,True,True,True,0.4890658557,60.3446540833,93.0366287231,absent,False,structurally unjoinable,same_global_pair_absent_from_offline_universe
189,cohort_gap,MOT17-05-SDP,MOT17-05-SDP|370|377,370,377,True,True,True,1.3493341208,272.1323852539,415.8521728516,absent,False,structurally unjoinable,same_global_pair_absent_from_offline_universe
190,cohort_gap,MOT17-05-SDP,MOT17-05-SDP|372|375,372,375,True,True,True,1.5034447908,108.240272522,73.3952255249,absent,False,structurally unjoinable,same_global_pair_absent_from_offline_universe
191,cohort_gap,MOT17-05-SDP,MOT17-05-SDP|372|376,372,376,True,True,True,0.5055962801,108.240272522,93.0366287231,absent,False,structurally unjoinable,same_global_pair_absent_from_offline_universe
192,cohort_gap,MOT17-05-SDP,MOT17-05-SDP|372|378,372,378,True,True,True,0.2627390623,108.240272522,121.8443527222,absent,False,structurally unjoinable,same_global_pair_absent_from_offline_universe
193,cohort_gap,MOT17-05-SDP,MOT17-05-SDP|372|379,372,379,True,True,True,0.6051958203,108.240272522,139.9354705811,absent,False,structurally unjoinable,same_global_pair_absent_from_offline_universe
194,cohort_gap,MOT17-05-SDP,MOT17-05-SDP|372|380,372,380,True,True,True,1.5731604099,108.240272522,80.7212753296,absent,False,structurally unjoinable,same_global_pair_absent_from_offline_universe
195,cohort_gap,MOT17-05-SDP,MOT17-05-SDP|372|381,372,381,True,True,True,1.9326652288,108.240272522,83.4398422241,absent,False,structurally unjoinable,same_global_pair_absent_from_offline_universe
196,cohort_gap,MOT17-05-SDP,MOT17-05-SDP|376|384,376,384,True,True,True,0.7206340432,148.8925170898,189.8307800293,absent,False,structurally unjoinable,same_global_pair_absent_from_offline_universe
197,cohort_gap,MOT17-09-SDP,MOT17-09-SDP|385|390,385,390,True,True,True,0.4538661838,260.0827331543,244.6510925293,absent,False,structurally unjoinable,same_global_pair_absent_from_offline_universe
198,cohort_gap,MOT17-09-SDP,MOT17-09-SDP|395|409,395,409,True,True,True,2.6039493084,235.3090515137,382.7583007812,absent,False,structurally unjoinable,same_global_pair_absent_from_offline_universe
199,cohort_gap,MOT17-09-SDP,MOT17-09-SDP|396|402,396,402,True,True,True,0.2964138985,492.8721618652,416.4044189453,absent,False,structurally unjoinable,same_global_pair_absent_from_offline_universe
200,cohort_gap,MOT17-09-SDP,MOT17-09-SDP|396|403,396,403,True,True,True,0.1509746313,492.8721618652,397.126953125,absent,False,structurally unjoinable,same_global_pair_absent_from_offline_universe
201,cohort_gap,MOT17-09-SDP,MOT17-09-SDP|396|404,396,404,True,True,True,0.0846627429,492.8721618652,412.6695861816,absent,False,structurally unjoinable,same_global_pair_absent_from_offline_universe
202,cohort_gap,MOT17-09-SDP,MOT17-09-SDP|396|413,396,413,True,True,True,0.3391630352,248.8292236328,198.3224487305,absent,False,structurally unjoinable,same_global_pair_absent_from_offline_universe
203,cohort_gap,MOT17-09-SDP,MOT17-09-SDP|396|415,396,415,True,True,True,3.2488596439,248.8292236328,177.2259674072,absent,False,structurally unjoinable,same_global_pair_absent_from_offline_universe
204,cohort_gap,MOT17-09-SDP,MOT17-09-SDP|403|406,403,406,True,True,True,0.7999011874,398.9847717285,344.6129760742,absent,False,structurally unjoinable,same_global_pair_absent_from_offline_universe
205,cohort_gap,MOT17-09-SDP,MOT17-09-SDP|406|411,406,411,True,True,True,1.2201480865,249.3166046143,323.2700500488,absent,False,structurally unjoinable,same_global_pair_absent_from_offline_universe
206,cohort_gap,MOT17-09-SDP,MOT17-09-SDP|410|412,410,412,True,True,True,0.4649374187,354.6446228027,315.6298217773,absent,False,structurally unjoinable,same_global_pair_absent_from_offline_universe
207,cohort_gap,MOT17-09-SDP,MOT17-09-SDP|410|419,410,419,True,True,True,0.620603025,239.999710083,231.7075653076,absent,False,structurally unjoinable,same_global_pair_absent_from_offline_universe
208,cohort_gap,MOT17-09-SDP,MOT17-09-SDP|410|420,410,420,True,True,True,0.1916679293,239.999710083,290.7469787598,absent,False,structurally unjoinable,same_global_pair_absent_from_offline_universe
209,cohort_gap,MOT17-09-SDP,MOT17-09-SDP|410|421,410,421,True,True,True,0.290661186,239.999710083,223.8730926514,absent,False,structurally unjoinable,same_global_pair_absent_from_offline_universe
210,cohort_gap,MOT17-09-SDP,MOT17-09-SDP|410|422,410,422,True,True,True,2.8799469471,239.999710083,199.8895721436,absent,False,structurally unjoinable,same_global_pair_absent_from_offline_universe
211,cohort_gap,MOT17-09-SDP,MOT17-09-SDP|415|423,415,423,True,True,True,0.6655876637,193.2041473389,182.2835540771,absent,False,structurally unjoinable,same_global_pair_absent_from_offline_universe
212,cohort_gap,MOT17-09-SDP,MOT17-09-SDP|422|425,422,425,True,True,True,2.266587019,191.3597717285,307.7474975586,absent,False,structurally unjoinable,same_global_pair_absent_from_offline_universe
213,cohort_gap,MOT17-10-SDP,MOT17-10-SDP|430|450,430,450,True,True,True,7.6860132217,69.2785720825,67.9879760742,absent,False,structurally unjoinable,same_global_pair_absent_from_offline_universe
214,cohort_gap,MOT17-10-SDP,MOT17-10-SDP|434|538,434,538,True,True,True,0.2086079717,155.9242706299,155.6712036133,absent,False,structurally unjoinable,same_global_pair_absent_from_offline_universe
215,cohort_gap,MOT17-10-SDP,MOT17-10-SDP|437|453,437,453,True,True,True,0.9450120926,140.4258422852,193.2239685059,absent,False,structurally unjoinable,same_global_pair_absent_from_offline_universe
216,cohort_gap,MOT17-10-SDP,MOT17-10-SDP|437|455,437,455,True,True,True,3.4597463608,140.4258422852,103.6971130371,absent,False,structurally unjoinable,same_global_pair_absent_from_offline_universe
217,cohort_gap,MOT17-10-SDP,MOT17-10-SDP|438|448,438,448,True,True,True,0.1027584001,71.0453948975,71.7006912231,absent,False,structurally unjoinable,same_global_pair_absent_from_offline_universe
218,cohort_gap,MOT17-10-SDP,MOT17-10-SDP|438|450,438,450,True,True,True,0.0731818974,70.96434021,67.9879760742,absent,False,structurally unjoinable,same_global_pair_absent_from_offline_universe
219,cohort_gap,MOT17-10-SDP,MOT17-10-SDP|442|461,442,461,True,True,True,0.5868062377,62.3673667908,54.1428833008,absent,False,structurally unjoinable,same_global_pair_absent_from_offline_universe
220,cohort_gap,MOT17-10-SDP,MOT17-10-SDP|444|462,444,462,True,True,True,5.1459188461,106.3104934692,143.1618499756,absent,False,structurally unjoinable,same_global_pair_absent_from_offline_universe
221,cohort_gap,MOT17-10-SDP,MOT17-10-SDP|444|463,444,463,True,True,True,2.608527422,106.3104934692,89.6739807129,absent,False,structurally unjoinable,same_global_pair_absent_from_offline_universe
222,cohort_gap,MOT17-10-SDP,MOT17-10-SDP|444|464,444,464,True,True,True,3.9464793205,110.5611495972,97.6924362183,absent,False,structurally unjoinable,same_global_pair_absent_from_offline_universe
223,cohort_gap,MOT17-10-SDP,MOT17-10-SDP|444|475,444,475,True,True,True,0.9451185465,110.4296264648,120.6790313721,absent,False,structurally unjoinable,same_global_pair_absent_from_offline_universe
224,cohort_gap,MOT17-10-SDP,MOT17-10-SDP|444|476,444,476,True,True,True,4.9994654655,110.4296264648,65.374961853,absent,False,structurally unjoinable,same_global_pair_absent_from_offline_universe
225,cohort_gap,MOT17-10-SDP,MOT17-10-SDP|446|450,446,450,True,True,True,2.3796646595,61.4814682007,67.9879760742,absent,False,structurally unjoinable,same_global_pair_absent_from_offline_universe
226,cohort_gap,MOT17-10-SDP,MOT17-10-SDP|446|452,446,452,True,True,True,0.4495782554,61.4814682007,57.803314209,absent,False,structurally unjoinable,same_global_pair_absent_from_offline_universe
227,cohort_gap,MOT17-10-SDP,MOT17-10-SDP|447|448,447,448,True,True,True,0.3419257998,67.5017318726,71.7006912231,absent,False,structurally unjoinable,same_global_pair_absent_from_offline_universe
228,cohort_gap,MOT17-10-SDP,MOT17-10-SDP|447|450,447,450,True,True,True,0.4960766137,67.5017318726,67.9879760742,absent,False,structurally unjoinable,same_global_pair_absent_from_offline_universe
229,cohort_gap,MOT17-10-SDP,MOT17-10-SDP|447|451,447,451,True,True,True,8.2712192535,67.5017318726,74.843711853,absent,False,structurally unjoinable,same_global_pair_absent_from_offline_universe
230,cohort_gap,MOT17-10-SDP,MOT17-10-SDP|447|452,447,452,True,True,True,2.5692284107,67.5017318726,57.803314209,absent,False,structurally unjoinable,same_global_pair_absent_from_offline_universe
231,cohort_gap,MOT17-10-SDP,MOT17-10-SDP|447|454,447,454,True,True,True,2.3558504581,67.5017318726,73.365814209,absent,False,structurally unjoinable,same_global_pair_absent_from_offline_universe
232,cohort_gap,MOT17-10-SDP,MOT17-10-SDP|447|455,447,455,True,True,True,2.5586423874,67.5017318726,103.6971130371,absent,False,structurally unjoinable,same_global_pair_absent_from_offline_universe
233,cohort_gap,MOT17-10-SDP,MOT17-10-SDP|447|456,447,456,True,True,True,0.4662398696,67.5017318726,79.0518951416,absent,False,structurally unjoinable,same_global_pair_absent_from_offline_universe
234,cohort_gap,MOT17-10-SDP,MOT17-10-SDP|447|457,447,457,True,True,True,2.8197078705,67.5017318726,70.0946044922,absent,False,structurally unjoinable,same_global_pair_absent_from_offline_universe
235,cohort_gap,MOT17-10-SDP,MOT17-10-SDP|447|459,447,459,True,True,True,2.7937297821,67.5017318726,75.5319290161,absent,False,structurally unjoinable,same_global_pair_absent_from_offline_universe
236,cohort_gap,MOT17-10-SDP,MOT17-10-SDP|449|450,449,450,True,True,True,2.0642457008,57.0452194214,67.9879760742,absent,False,structurally unjoinable,same_global_pair_absent_from_offline_universe
237,cohort_gap,MOT17-10-SDP,MOT17-10-SDP|450|454,450,454,True,True,True,0.3078018129,67.8707275391,73.365814209,absent,False,structurally unjoinable,same_global_pair_absent_from_offline_universe
238,cohort_gap,MOT17-10-SDP,MOT17-10-SDP|450|459,450,459,True,True,True,0.2735438645,67.9481887817,75.5319290161,absent,False,structurally unjoinable,same_global_pair_absent_from_offline_universe
239,cohort_gap,MOT17-10-SDP,MOT17-10-SDP|458|465,458,465,True,True,True,4.5411157608,200.2477416992,120.9168777466,absent,False,structurally unjoinable,same_global_pair_absent_from_offline_universe
240,cohort_gap,MOT17-10-SDP,MOT17-10-SDP|458|469,458,469,True,True,True,0.1517579854,200.2477416992,221.9284362793,absent,False,structurally unjoinable,same_global_pair_absent_from_offline_universe
241,cohort_gap,MOT17-10-SDP,MOT17-10-SDP|461|463,461,463,True,True,True,2.7127914429,55.8734703064,89.6739807129,absent,False,structurally unjoinable,same_global_pair_absent_from_offline_universe
242,cohort_gap,MOT17-10-SDP,MOT17-10-SDP|461|481,461,481,True,True,True,1.1393054724,88.1656951904,65.3428878784,absent,False,structurally unjoinable,same_global_pair_absent_from_offline_universe
243,cohort_gap,MOT17-10-SDP,MOT17-10-SDP|461|490,461,490,True,True,True,3.990953207,95.6521377563,67.8535079956,absent,False,structurally unjoinable,same_global_pair_absent_from_offline_universe
244,cohort_gap,MOT17-10-SDP,MOT17-10-SDP|461|492,461,492,True,True,True,4.5056300163,96.923324585,118.6537322998,absent,False,structurally unjoinable,same_global_pair_absent_from_offline_universe
245,cohort_gap,MOT17-10-SDP,MOT17-10-SDP|461|493,461,493,True,True,True,4.764714241,96.923324585,103.9379119873,absent,False,structurally unjoinable,same_global_pair_absent_from_offline_universe
246,cohort_gap,MOT17-10-SDP,MOT17-10-SDP|461|494,461,494,True,True,True,2.6126954556,96.923324585,58.9724731445,absent,False,structurally unjoinable,same_global_pair_absent_from_offline_universe
247,cohort_gap,MOT17-10-SDP,MOT17-10-SDP|461|496,461,496,True,True,True,4.3010807037,96.923324585,117.513999939,absent,False,structurally unjoinable,same_global_pair_absent_from_offline_universe
248,cohort_gap,MOT17-10-SDP,MOT17-10-SDP|461|497,461,497,True,True,True,4.9446020126,96.923324585,114.8857421875,absent,False,structurally unjoinable,same_global_pair_absent_from_offline_universe
249,cohort_gap,MOT17-10-SDP,MOT17-10-SDP|462|464,462,464,True,True,True,2.0219869614,143.5749664307,97.6924362183,absent,False,structurally unjoinable,same_global_pair_absent_from_offline_universe
250,cohort_gap,MOT17-10-SDP,MOT17-10-SDP|462|465,462,465,True,True,True,4.9036765099,143.5749664307,120.9168777466,absent,False,structurally unjoinable,same_global_pair_absent_from_offline_universe
251,cohort_gap,MOT17-10-SDP,MOT17-10-SDP|462|466,462,466,True,True,True,2.371771574,143.5749664307,97.0298843384,absent,False,structurally unjoinable,same_global_pair_absent_from_offline_universe
252,cohort_gap,MOT17-10-SDP,MOT17-10-SDP|464|470,464,470,True,True,True,3.4173340797,94.3091125488,106.7561187744,absent,False,structurally unjoinable,same_global_pair_absent_from_offline_universe
253,cohort_gap,MOT17-10-SDP,MOT17-10-SDP|466|468,466,468,True,True,True,0.5999850631,97.760345459,77.0972824097,absent,False,structurally unjoinable,same_global_pair_absent_from_offline_universe
254,cohort_gap,MOT17-10-SDP,MOT17-10-SDP|466|470,466,470,True,True,True,3.7089087963,98.473449707,106.7561187744,absent,False,structurally unjoinable,same_global_pair_absent_from_offline_universe
255,cohort_gap,MOT17-10-SDP,MOT17-10-SDP|470|471,470,471,True,True,True,0.21985358,105.6813735962,101.53074646,absent,False,structurally unjoinable,same_global_pair_absent_from_offline_universe
256,cohort_gap,MOT17-10-SDP,MOT17-10-SDP|470|472,470,472,True,True,True,0.3806740344,105.6813735962,68.1863937378,absent,False,structurally unjoinable,same_global_pair_absent_from_offline_universe
257,cohort_gap,MOT17-10-SDP,MOT17-10-SDP|470|473,470,473,True,True,True,6.9943842888,105.6813735962,111.0199432373,absent,False,structurally unjoinable,same_global_pair_absent_from_offline_universe
258,cohort_gap,MOT17-10-SDP,MOT17-10-SDP|470|475,470,475,True,True,True,6.896630764,105.6813735962,120.6790313721,absent,False,structurally unjoinable,same_global_pair_absent_from_offline_universe
259,cohort_gap,MOT17-10-SDP,MOT17-10-SDP|470|476,470,476,True,True,True,5.2648005486,105.6813735962,65.374961853,absent,False,structurally unjoinable,same_global_pair_absent_from_offline_universe
260,cohort_gap,MOT17-10-SDP,MOT17-10-SDP|473|486,473,486,True,True,True,0.2465115488,110.5420227051,118.7136001587,absent,False,structurally unjoinable,same_global_pair_absent_from_offline_universe
261,cohort_gap,MOT17-10-SDP,MOT17-10-SDP|473|492,473,492,True,True,True,0.0514630675,112.456489563,118.6537322998,absent,False,structurally unjoinable,same_global_pair_absent_from_offline_universe
262,cohort_gap,MOT17-10-SDP,MOT17-10-SDP|473|493,473,493,True,True,True,0.0354482569,112.456489563,103.9379119873,absent,False,structurally unjoinable,same_global_pair_absent_from_offline_universe
263,cohort_gap,MOT17-10-SDP,MOT17-10-SDP|473|496,473,496,True,True,True,0.1942379624,112.456489563,117.513999939,absent,False,structurally unjoinable,same_global_pair_absent_from_offline_universe
264,cohort_gap,MOT17-10-SDP,MOT17-10-SDP|473|497,473,497,True,True,True,0.3771540225,112.456489563,114.8857421875,absent,False,structurally unjoinable,same_global_pair_absent_from_offline_universe
265,cohort_gap,MOT17-10-SDP,MOT17-10-SDP|479|488,479,488,True,True,True,4.5487380028,108.1721115112,95.0594406128,absent,False,structurally unjoinable,same_global_pair_absent_from_offline_universe
266,cohort_gap,MOT17-10-SDP,MOT17-10-SDP|479|490,479,490,True,True,True,8.7651348114,108.6708908081,67.8535079956,absent,False,structurally unjoinable,same_global_pair_absent_from_offline_universe
267,cohort_gap,MOT17-10-SDP,MOT17-10-SDP|479|491,479,491,True,True,True,6.3443541527,108.6708908081,118.0594024658,absent,False,structurally unjoinable,same_global_pair_absent_from_offline_universe
268,cohort_gap,MOT17-10-SDP,MOT17-10-SDP|479|492,479,492,True,True,True,0.0972530097,108.6247253418,118.6537322998,absent,False,structurally unjoinable,same_global_pair_absent_from_offline_universe
269,cohort_gap,MOT17-10-SDP,MOT17-10-SDP|479|493,479,493,True,True,True,0.0894362405,108.6247253418,103.9379119873,absent,False,structurally unjoinable,same_global_pair_absent_from_offline_universe
270,cohort_gap,MOT17-10-SDP,MOT17-10-SDP|479|496,479,496,True,True,True,0.1870798767,108.6247253418,117.513999939,absent,False,structurally unjoinable,same_global_pair_absent_from_offline_universe
271,cohort_gap,MOT17-10-SDP,MOT17-10-SDP|479|497,479,497,True,True,True,0.4424325824,108.6247253418,114.8857421875,absent,False,structurally unjoinable,same_global_pair_absent_from_offline_universe
272,cohort_gap,MOT17-10-SDP,MOT17-10-SDP|479|498,479,498,True,True,True,7.7362446785,108.6708908081,71.1120910645,absent,False,structurally unjoinable,same_global_pair_absent_from_offline_universe
273,cohort_gap,MOT17-10-SDP,MOT17-10-SDP|481|488,481,488,True,True,True,1.2527395487,64.0623321533,95.0594406128,absent,False,structurally unjoinable,same_global_pair_absent_from_offline_universe
274,cohort_gap,MOT17-10-SDP,MOT17-10-SDP|482|486,482,486,True,True,True,1.1155958176,93.3562088013,118.7136001587,absent,False,structurally unjoinable,same_global_pair_absent_from_offline_universe
275,cohort_gap,MOT17-10-SDP,MOT17-10-SDP|485|488,485,488,True,True,True,3.4173719883,69.0358505249,95.0594406128,absent,False,structurally unjoinable,same_global_pair_absent_from_offline_universe
276,cohort_gap,MOT17-10-SDP,MOT17-10-SDP|485|490,485,490,True,True,True,0.2805983722,69.0358505249,67.8535079956,absent,False,structurally unjoinable,same_global_pair_absent_from_offline_universe
277,cohort_gap,MOT17-10-SDP,MOT17-10-SDP|494|517,494,517,True,True,True,0.3667851388,61.6811294556,53.5444564819,absent,False,structurally unjoinable,same_global_pair_absent_from_offline_universe
278,cohort_gap,MOT17-10-SDP,MOT17-10-SDP|494|519,494,519,True,True,True,0.2799353898,62.5205383301,65.8163146973,absent,False,structurally unjoinable,same_global_pair_absent_from_offline_universe
279,cohort_gap,MOT17-10-SDP,MOT17-10-SDP|494|520,494,520,True,True,True,0.0359420069,64.2572479248,67.5231628418,absent,False,structurally unjoinable,same_global_pair_absent_from_offline_universe
280,cohort_gap,MOT17-10-SDP,MOT17-10-SDP|494|521,494,521,True,True,True,0.6644750834,64.2572479248,60.0779075623,absent,False,structurally unjoinable,same_global_pair_absent_from_offline_universe
281,cohort_gap,MOT17-10-SDP,MOT17-10-SDP|494|523,494,523,True,True,True,1.0301475525,64.2572479248,63.3320770264,absent,False,structurally unjoinable,same_global_pair_absent_from_offline_universe
282,cohort_gap,MOT17-10-SDP,MOT17-10-SDP|494|527,494,527,True,True,True,0.6329092383,64.2572479248,63.6388015747,absent,False,structurally unjoinable,same_global_pair_absent_from_offline_universe
283,cohort_gap,MOT17-10-SDP,MOT17-10-SDP|494|533,494,533,True,True,True,0.0978533924,76.4558334351,81.8066864014,absent,False,structurally unjoinable,same_global_pair_absent_from_offline_universe
284,cohort_gap,MOT17-10-SDP,MOT17-10-SDP|494|534,494,534,True,True,True,4.9355788231,76.4558334351,46.0457344055,absent,False,structurally unjoinable,same_global_pair_absent_from_offline_universe
285,cohort_gap,MOT17-10-SDP,MOT17-10-SDP|494|541,494,541,True,True,True,4.6351065636,73.3000946045,46.4464225769,absent,False,structurally unjoinable,same_global_pair_absent_from_offline_universe
286,cohort_gap,MOT17-10-SDP,MOT17-10-SDP|500|505,500,505,True,True,True,0.1441536695,53.2659950256,51.5475616455,absent,False,structurally unjoinable,same_global_pair_absent_from_offline_universe
287,cohort_gap,MOT17-10-SDP,MOT17-10-SDP|500|508,500,508,True,True,True,0.3324702382,53.4405975342,51.4622001648,absent,False,structurally unjoinable,same_global_pair_absent_from_offline_universe
288,cohort_gap,MOT17-10-SDP,MOT17-10-SDP|500|517,500,517,True,True,True,0.4128239453,54.3287620544,53.5444564819,absent,False,structurally unjoinable,same_global_pair_absent_from_offline_universe
289,cohort_gap,MOT17-10-SDP,MOT17-10-SDP|502|546,502,546,True,True,True,8.4677066803,86.9761276245,116.2053451538,absent,False,structurally unjoinable,same_global_pair_absent_from_offline_universe
290,cohort_gap,MOT17-10-SDP,MOT17-10-SDP|506|518,506,518,True,True,True,3.5887286663,118.979888916,77.46434021,absent,False,structurally unjoinable,same_global_pair_absent_from_offline_universe
291,cohort_gap,MOT17-10-SDP,MOT17-10-SDP|507|511,507,511,True,True,True,0.0900246873,112.6677398682,112.884437561,absent,False,structurally unjoinable,same_global_pair_absent_from_offline_universe
292,cohort_gap,MOT17-10-SDP,MOT17-10-SDP|507|513,507,513,True,True,True,2.1454200745,112.6677398682,114.0430603027,absent,False,structurally unjoinable,same_global_pair_absent_from_offline_universe
293,cohort_gap,MOT17-10-SDP,MOT17-10-SDP|507|514,507,514,True,True,True,5.9097132683,112.6677398682,120.8785629272,absent,False,structurally unjoinable,same_global_pair_absent_from_offline_universe
294,cohort_gap,MOT17-10-SDP,MOT17-10-SDP|507|515,507,515,True,True,True,1.654286623,112.6677398682,128.3069915771,absent,False,structurally unjoinable,same_global_pair_absent_from_offline_universe
295,cohort_gap,MOT17-10-SDP,MOT17-10-SDP|507|516,507,516,True,True,True,0.3691262007,112.6677398682,109.6728897095,absent,False,structurally unjoinable,same_global_pair_absent_from_offline_universe
296,cohort_gap,MOT17-10-SDP,MOT17-10-SDP|509|511,509,511,True,True,True,2.7727661133,166.8514862061,112.884437561,absent,False,structurally unjoinable,same_global_pair_absent_from_offline_universe
297,cohort_gap,MOT17-10-SDP,MOT17-10-SDP|509|513,509,513,True,True,True,1.5958533287,167.6580657959,114.0430603027,absent,False,structurally unjoinable,same_global_pair_absent_from_offline_universe
298,cohort_gap,MOT17-10-SDP,MOT17-10-SDP|509|514,509,514,True,True,True,1.5572541952,167.6580657959,120.8785629272,absent,False,structurally unjoinable,same_global_pair_absent_from_offline_universe
299,cohort_gap,MOT17-10-SDP,MOT17-10-SDP|510|519,510,519,True,True,True,0.5404654741,65.7948074341,65.8163146973,absent,False,structurally unjoinable,same_global_pair_absent_from_offline_universe
300,cohort_gap,MOT17-10-SDP,MOT17-10-SDP|511|525,511,525,True,True,True,0.212972641,118.559173584,129.7055358887,absent,False,structurally unjoinable,same_global_pair_absent_from_offline_universe
301,cohort_gap,MOT17-10-SDP,MOT17-10-SDP|522|536,522,536,True,True,True,5.5328788757,158.2594146729,154.7478942871,absent,False,structurally unjoinable,same_global_pair_absent_from_offline_universe
302,cohort_gap,MOT17-10-SDP,MOT17-10-SDP|523|527,523,527,True,True,True,1.2689156532,63.842502594,63.6388015747,absent,False,structurally unjoinable,same_global_pair_absent_from_offline_universe
303,cohort_gap,MOT17-10-SDP,MOT17-10-SDP|523|528,523,528,True,True,True,0.2320420295,63.842502594,63.5656471252,absent,False,structurally unjoinable,same_global_pair_absent_from_offline_universe
304,cohort_gap,MOT17-10-SDP,MOT17-10-SDP|523|534,523,534,True,True,True,5.6178917885,65.2646484375,46.0457344055,absent,False,structurally unjoinable,same_global_pair_absent_from_offline_universe
305,cohort_gap,MOT17-10-SDP,MOT17-10-SDP|523|539,523,539,True,True,True,0.5311563611,65.7586212158,64.5198822021,absent,False,structurally unjoinable,same_global_pair_absent_from_offline_universe
306,cohort_gap,MOT17-10-SDP,MOT17-10-SDP|523|540,523,540,True,True,True,0.4797972739,65.7586212158,62.2307128906,absent,False,structurally unjoinable,same_global_pair_absent_from_offline_universe
307,cohort_gap,MOT17-10-SDP,MOT17-10-SDP|523|541,523,541,True,True,True,5.0170660019,65.7586212158,46.4464225769,absent,False,structurally unjoinable,same_global_pair_absent_from_offline_universe
308,cohort_gap,MOT17-10-SDP,MOT17-10-SDP|523|550,523,550,True,True,True,0.0937215388,62.6395301819,61.9603347778,absent,False,structurally unjoinable,same_global_pair_absent_from_offline_universe
309,cohort_gap,MOT17-10-SDP,MOT17-10-SDP|523|551,523,551,True,True,True,1.3606234789,62.6395301819,37.0589141846,absent,False,structurally unjoinable,same_global_pair_absent_from_offline_universe
310,cohort_gap,MOT17-10-SDP,MOT17-10-SDP|523|552,523,552,True,True,True,1.6214483976,62.6395301819,45.8517990112,absent,False,structurally unjoinable,same_global_pair_absent_from_offline_universe
311,cohort_gap,MOT17-10-SDP,MOT17-10-SDP|523|554,523,554,True,True,True,6.2901902199,62.4431838989,97.3563690186,absent,False,structurally unjoinable,same_global_pair_absent_from_offline_universe
312,cohort_gap,MOT17-10-SDP,MOT17-10-SDP|523|555,523,555,True,True,True,1.9167684317,62.4431838989,41.2953262329,absent,False,structurally unjoinable,same_global_pair_absent_from_offline_universe
313,cohort_gap,MOT17-10-SDP,MOT17-10-SDP|523|556,523,556,True,True,True,2.3332657814,62.4431838989,53.0537834167,absent,False,structurally unjoinable,same_global_pair_absent_from_offline_universe
314,cohort_gap,MOT17-10-SDP,MOT17-10-SDP|523|557,523,557,True,True,True,2.2433693409,62.4431838989,46.8014335632,absent,False,structurally unjoinable,same_global_pair_absent_from_offline_universe
315,cohort_gap,MOT17-10-SDP,MOT17-10-SDP|523|558,523,558,True,True,True,7.2828407288,62.0633621216,102.8683547974,absent,False,structurally unjoinable,same_global_pair_absent_from_offline_universe
316,cohort_gap,MOT17-10-SDP,MOT17-10-SDP|529|542,529,542,True,True,True,0.1272919923,64.5242614746,62.6982040405,absent,False,structurally unjoinable,same_global_pair_absent_from_offline_universe
317,cohort_gap,MOT17-10-SDP,MOT17-10-SDP|529|544,529,544,True,True,True,0.0852976814,63.4367675781,50.1891174316,absent,False,structurally unjoinable,same_global_pair_absent_from_offline_universe
318,cohort_gap,MOT17-10-SDP,MOT17-10-SDP|532|550,532,550,True,True,True,5.867562294,48.583404541,61.9603347778,absent,False,structurally unjoinable,same_global_pair_absent_from_offline_universe
319,cohort_gap,MOT17-10-SDP,MOT17-10-SDP|532|551,532,551,True,True,True,8.9495220184,48.583404541,37.0589141846,absent,False,structurally unjoinable,same_global_pair_absent_from_offline_universe
320,cohort_gap,MOT17-10-SDP,MOT17-10-SDP|532|552,532,552,True,True,True,8.5029067993,48.583404541,45.8517990112,absent,False,structurally unjoinable,same_global_pair_absent_from_offline_universe
321,cohort_gap,MOT17-10-SDP,MOT17-10-SDP|534|540,534,540,True,True,True,5.4457359314,49.3234596252,62.2307128906,absent,False,structurally unjoinable,same_global_pair_absent_from_offline_universe
322,cohort_gap,MOT17-10-SDP,MOT17-10-SDP|539|541,539,541,True,True,True,5.7065067291,64.5198822021,46.4464225769,absent,False,structurally unjoinable,same_global_pair_absent_from_offline_universe
323,cohort_gap,MOT17-10-SDP,MOT17-10-SDP|541|542,541,542,True,True,True,0.3376590312,46.4464225769,62.6982040405,absent,False,structurally unjoinable,same_global_pair_absent_from_offline_universe
324,cohort_gap,MOT17-10-SDP,MOT17-10-SDP|547|553,547,553,True,True,True,8.3973865509,51.4201049805,46.1742706299,absent,False,structurally unjoinable,same_global_pair_absent_from_offline_universe
325,cohort_gap,MOT17-10-SDP,MOT17-10-SDP|549|550,549,550,True,True,True,0.0586084127,65.5557861328,61.9603347778,absent,False,structurally unjoinable,same_global_pair_absent_from_offline_universe
326,cohort_gap,MOT17-10-SDP,MOT17-10-SDP|549|552,549,552,True,True,True,1.5291470289,65.5557861328,45.8517990112,absent,False,structurally unjoinable,same_global_pair_absent_from_offline_universe
327,cohort_gap,MOT17-10-SDP,MOT17-10-SDP|549|553,549,553,True,True,True,1.6350774765,65.5557861328,46.1742706299,absent,False,structurally unjoinable,same_global_pair_absent_from_offline_universe
328,cohort_gap,MOT17-10-SDP,MOT17-10-SDP|549|554,549,554,True,True,True,6.1500763893,65.5557861328,97.3563690186,absent,False,structurally unjoinable,same_global_pair_absent_from_offline_universe
329,cohort_gap,MOT17-10-SDP,MOT17-10-SDP|549|555,549,555,True,True,True,1.9306364059,65.5557861328,41.2953262329,absent,False,structurally unjoinable,same_global_pair_absent_from_offline_universe
330,cohort_gap,MOT17-10-SDP,MOT17-10-SDP|549|556,549,556,True,True,True,2.2965629101,65.5557861328,53.0537834167,absent,False,structurally unjoinable,same_global_pair_absent_from_offline_universe
331,cohort_gap,MOT17-10-SDP,MOT17-10-SDP|549|557,549,557,True,True,True,2.1875653267,65.5557861328,46.8014335632,absent,False,structurally unjoinable,same_global_pair_absent_from_offline_universe
332,cohort_gap,MOT17-10-SDP,MOT17-10-SDP|559|563,559,563,True,True,True,0.4784053564,41.9221115112,40.4459266663,absent,False,structurally unjoinable,same_global_pair_absent_from_offline_universe
333,cohort_gap,MOT17-10-SDP,MOT17-10-SDP|559|564,559,564,True,True,True,0.5621990561,41.9221115112,62.7294540405,absent,False,structurally unjoinable,same_global_pair_absent_from_offline_universe
334,cohort_gap,MOT17-10-SDP,MOT17-10-SDP|559|565,559,565,True,True,True,0.8721875548,41.9221115112,48.940196991,absent,False,structurally unjoinable,same_global_pair_absent_from_offline_universe
335,cohort_gap,MOT17-10-SDP,MOT17-10-SDP|559|566,559,566,True,True,True,0.1009923294,41.9221115112,42.197177887,absent,False,structurally unjoinable,same_global_pair_absent_from_offline_universe
336,cohort_gap,MOT17-10-SDP,MOT17-10-SDP|559|567,559,567,True,True,True,1.2214694023,41.9221115112,46.7029914856,absent,False,structurally unjoinable,same_global_pair_absent_from_offline_universe
337,cohort_gap,MOT17-10-SDP,MOT17-10-SDP|562|568,562,568,True,True,True,0.1211665273,117.1950531006,115.3199996948,absent,False,structurally unjoinable,same_global_pair_absent_from_offline_universe
338,cohort_gap,MOT17-10-SDP,MOT17-10-SDP|563|570,563,570,True,True,True,0.1713509113,41.637008667,41.5934867859,absent,False,structurally unjoinable,same_global_pair_absent_from_offline_universe
339,cohort_gap,MOT17-10-SDP,MOT17-10-SDP|563|572,563,572,True,True,True,0.3256193697,41.8870544434,42.2431335449,absent,False,structurally unjoinable,same_global_pair_absent_from_offline_universe
340,cohort_gap,MOT17-10-SDP,MOT17-10-SDP|563|573,563,573,True,True,True,0.6389191151,41.8870544434,53.0066261292,absent,False,structurally unjoinable,same_global_pair_absent_from_offline_universe
341,cohort_gap,MOT17-10-SDP,MOT17-10-SDP|566|571,566,571,True,True,True,0.3418711424,42.3970756531,41.0116653442,absent,False,structurally unjoinable,same_global_pair_absent_from_offline_universe
342,cohort_gap,MOT17-10-SDP,MOT17-10-SDP|569|570,569,570,True,True,True,0.9981727004,48.7466316223,41.5934867859,absent,False,structurally unjoinable,same_global_pair_absent_from_offline_universe
343,cohort_gap,MOT17-10-SDP,MOT17-10-SDP|569|571,569,571,True,True,True,1.1743172407,48.9944763184,41.0116653442,absent,False,structurally unjoinable,same_global_pair_absent_from_offline_universe
344,cohort_gap,MOT17-11-SDP,MOT17-11-SDP|576|639,576,639,True,True,True,0.7020381689,435.0120544434,700.912902832,absent,False,structurally unjoinable,same_global_pair_absent_from_offline_universe
345,cohort_gap,MOT17-11-SDP,MOT17-11-SDP|576|642,576,642,True,True,True,0.5699729323,438.140838623,312.3457336426,absent,False,structurally unjoinable,same_global_pair_absent_from_offline_universe
346,cohort_gap,MOT17-11-SDP,MOT17-11-SDP|584|592,584,592,True,True,True,7.3961510658,82.8018569946,50.922088623,absent,False,structurally unjoinable,same_global_pair_absent_from_offline_universe
347,cohort_gap,MOT17-11-SDP,MOT17-11-SDP|584|593,584,593,True,True,True,0.4333515167,82.8018569946,86.3234329224,absent,False,structurally unjoinable,same_global_pair_absent_from_offline_universe
348,cohort_gap,MOT17-11-SDP,MOT17-11-SDP|584|594,584,594,True,True,True,0.2789854407,82.8018569946,90.517074585,absent,False,structurally unjoinable,same_global_pair_absent_from_offline_universe
349,cohort_gap,MOT17-11-SDP,MOT17-11-SDP|584|595,584,595,True,True,True,8.718298912,82.8018569946,112.1914367676,absent,False,structurally unjoinable,same_global_pair_absent_from_offline_universe
350,cohort_gap,MOT17-11-SDP,MOT17-11-SDP|585|600,585,600,True,True,True,0.1358638704,110.4480209351,115.6483230591,absent,False,structurally unjoinable,same_global_pair_absent_from_offline_universe
351,cohort_gap,MOT17-11-SDP,MOT17-11-SDP|586|591,586,591,True,True,True,3.1058952808,83.471824646,111.732383728,absent,False,structurally unjoinable,same_global_pair_absent_from_offline_universe
352,cohort_gap,MOT17-11-SDP,MOT17-11-SDP|586|592,586,592,True,True,True,6.522875309,83.471824646,50.922088623,absent,False,structurally unjoinable,same_global_pair_absent_from_offline_universe
353,cohort_gap,MOT17-11-SDP,MOT17-11-SDP|586|593,586,593,True,True,True,0.5599383116,83.471824646,86.3234329224,absent,False,structurally unjoinable,same_global_pair_absent_from_offline_universe
354,cohort_gap,MOT17-11-SDP,MOT17-11-SDP|608|641,608,641,True,True,True,0.2831161916,507.9825744629,300.0418701172,absent,False,structurally unjoinable,same_global_pair_absent_from_offline_universe
355,cohort_gap,MOT17-11-SDP,MOT17-11-SDP|608|642,608,642,True,True,True,0.0649032667,507.9825744629,312.3457336426,absent,False,structurally unjoinable,same_global_pair_absent_from_offline_universe
356,cohort_gap,MOT17-11-SDP,MOT17-11-SDP|635|643,635,643,True,True,True,0.469043076,473.790435791,346.6577148438,absent,False,structurally unjoinable,same_global_pair_absent_from_offline_universe
357,cohort_gap,MOT17-11-SDP,MOT17-11-SDP|641|648,641,648,True,True,True,0.3972656131,877.2975463867,664.4599609375,absent,False,structurally unjoinable,same_global_pair_absent_from_offline_universe
358,cohort_gap,MOT17-11-SDP,MOT17-11-SDP|649|661,649,661,True,True,True,0.2927031517,92.6080856323,100.5149230957,absent,False,structurally unjoinable,same_global_pair_absent_from_offline_universe
359,cohort_gap,MOT17-11-SDP,MOT17-11-SDP|652|654,652,654,True,True,True,4.8245873451,81.161895752,71.2690582275,absent,False,structurally unjoinable,same_global_pair_absent_from_offline_universe
360,cohort_gap,MOT17-11-SDP,MOT17-11-SDP|652|655,652,655,True,True,True,2.2093589306,81.161895752,103.0060882568,absent,False,structurally unjoinable,same_global_pair_absent_from_offline_universe
361,cohort_gap,MOT17-13-SDP,MOT17-13-SDP|676|706,676,706,True,True,True,0.1345800459,85.577911377,88.5931854248,absent,False,structurally unjoinable,same_global_pair_absent_from_offline_universe
362,cohort_gap,MOT17-13-SDP,MOT17-13-SDP|681|689,681,689,True,True,True,2.455116272,44.5378913879,47.4277954102,absent,False,structurally unjoinable,same_global_pair_absent_from_offline_universe
363,cohort_gap,MOT17-13-SDP,MOT17-13-SDP|685|698,685,698,True,True,True,15.5689926147,88.4452896118,52.1398620605,absent,False,structurally unjoinable,same_global_pair_absent_from_offline_universe
364,cohort_gap,MOT17-13-SDP,MOT17-13-SDP|686|695,686,695,True,True,True,17.322265625,45.6700401306,73.0520401001,absent,False,structurally unjoinable,same_global_pair_absent_from_offline_universe
365,cohort_gap,MOT17-13-SDP,MOT17-13-SDP|686|710,686,710,True,True,True,0.3059863746,56.2622299194,56.3635673523,absent,False,structurally unjoinable,same_global_pair_absent_from_offline_universe
366,cohort_gap,MOT17-13-SDP,MOT17-13-SDP|686|713,686,713,True,True,True,0.3000688851,56.2292633057,60.0078735352,absent,False,structurally unjoinable,same_global_pair_absent_from_offline_universe
367,cohort_gap,MOT17-13-SDP,MOT17-13-SDP|686|714,686,714,True,True,True,0.4541462064,56.2292633057,60.6047401428,absent,False,structurally unjoinable,same_global_pair_absent_from_offline_universe
368,cohort_gap,MOT17-13-SDP,MOT17-13-SDP|686|715,686,715,True,True,True,4.4042234421,56.2292633057,45.2735137939,absent,False,structurally unjoinable,same_global_pair_absent_from_offline_universe
369,cohort_gap,MOT17-13-SDP,MOT17-13-SDP|686|722,686,722,True,True,True,14.2781991959,57.4275856018,66.468460083,absent,False,structurally unjoinable,same_global_pair_absent_from_offline_universe
370,cohort_gap,MOT17-13-SDP,MOT17-13-SDP|686|723,686,723,True,True,True,0.5968234539,57.4275856018,70.0626068115,absent,False,structurally unjoinable,same_global_pair_absent_from_offline_universe
371,cohort_gap,MOT17-13-SDP,MOT17-13-SDP|686|724,686,724,True,True,True,0.3672386706,57.4275856018,65.4395751953,absent,False,structurally unjoinable,same_global_pair_absent_from_offline_universe
372,cohort_gap,MOT17-13-SDP,MOT17-13-SDP|686|727,686,727,True,True,True,0.9944821,57.669002533,65.9275283813,absent,False,structurally unjoinable,same_global_pair_absent_from_offline_universe
373,cohort_gap,MOT17-13-SDP,MOT17-13-SDP|686|728,686,728,True,True,True,14.6185693741,57.669002533,69.9862594604,absent,False,structurally unjoinable,same_global_pair_absent_from_offline_universe
374,cohort_gap,MOT17-13-SDP,MOT17-13-SDP|688|689,688,689,True,True,True,0.3368807137,43.7893791199,47.4277954102,absent,False,structurally unjoinable,same_global_pair_absent_from_offline_universe
375,cohort_gap,MOT17-13-SDP,MOT17-13-SDP|690|691,690,691,True,True,True,2.1873040199,49.478805542,42.5443916321,absent,False,structurally unjoinable,same_global_pair_absent_from_offline_universe
376,cohort_gap,MOT17-13-SDP,MOT17-13-SDP|690|692,690,692,True,True,True,2.1032524109,49.478805542,43.7983131409,absent,False,structurally unjoinable,same_global_pair_absent_from_offline_universe
377,cohort_gap,MOT17-13-SDP,MOT17-13-SDP|690|693,690,693,True,True,True,3.4724702835,49.478805542,56.8036308289,absent,False,structurally unjoinable,same_global_pair_absent_from_offline_universe
378,cohort_gap,MOT17-13-SDP,MOT17-13-SDP|690|695,690,695,True,True,True,15.3063879013,49.478805542,73.0520401001,absent,False,structurally unjoinable,same_global_pair_absent_from_offline_universe
379,cohort_gap,MOT17-13-SDP,MOT17-13-SDP|690|696,690,696,True,True,True,3.7432966232,49.478805542,52.3607444763,absent,False,structurally unjoinable,same_global_pair_absent_from_offline_universe
380,cohort_gap,MOT17-13-SDP,MOT17-13-SDP|690|697,690,697,True,True,True,4.3104162216,49.478805542,48.5251617432,absent,False,structurally unjoinable,same_global_pair_absent_from_offline_universe
381,cohort_gap,MOT17-13-SDP,MOT17-13-SDP|691|696,691,696,True,True,True,6.2553877831,43.5048294067,52.3607444763,absent,False,structurally unjoinable,same_global_pair_absent_from_offline_universe
382,cohort_gap,MOT17-13-SDP,MOT17-13-SDP|691|697,691,697,True,True,True,6.9682164192,43.5048294067,48.5251617432,absent,False,structurally unjoinable,same_global_pair_absent_from_offline_universe
383,cohort_gap,MOT17-13-SDP,MOT17-13-SDP|691|702,691,702,True,True,True,0.2427310348,49.2230873108,54.5821151733,absent,False,structurally unjoinable,same_global_pair_absent_from_offline_universe
384,cohort_gap,MOT17-13-SDP,MOT17-13-SDP|691|703,691,703,True,True,True,2.3679130077,49.3568649292,53.2232894897,absent,False,structurally unjoinable,same_global_pair_absent_from_offline_universe
385,cohort_gap,MOT17-13-SDP,MOT17-13-SDP|691|708,691,708,True,True,True,0.1451407075,53.1209068298,56.8765792847,absent,False,structurally unjoinable,same_global_pair_absent_from_offline_universe
386,cohort_gap,MOT17-13-SDP,MOT17-13-SDP|692|708,692,708,True,True,True,4.1731238365,49.6088752747,56.8765792847,absent,False,structurally unjoinable,same_global_pair_absent_from_offline_universe
387,cohort_gap,MOT17-13-SDP,MOT17-13-SDP|692|710,692,710,True,True,True,3.3745884895,49.6480712891,56.3635673523,absent,False,structurally unjoinable,same_global_pair_absent_from_offline_universe
388,cohort_gap,MOT17-13-SDP,MOT17-13-SDP|692|711,692,711,True,True,True,3.3149671555,49.6480712891,61.9334564209,absent,False,structurally unjoinable,same_global_pair_absent_from_offline_universe
389,cohort_gap,MOT17-13-SDP,MOT17-13-SDP|692|712,692,712,True,True,True,1.1367491484,49.6480712891,51.2615814209,absent,False,structurally unjoinable,same_global_pair_absent_from_offline_universe
390,cohort_gap,MOT17-13-SDP,MOT17-13-SDP|692|717,692,717,True,True,True,3.8720428944,49.1385116577,67.9990615845,absent,False,structurally unjoinable,same_global_pair_absent_from_offline_universe
391,cohort_gap,MOT17-13-SDP,MOT17-13-SDP|692|718,692,718,True,True,True,11.5317354202,49.2377853394,63.8590621948,absent,False,structurally unjoinable,same_global_pair_absent_from_offline_universe
392,cohort_gap,MOT17-13-SDP,MOT17-13-SDP|692|720,692,720,True,True,True,3.3945171833,49.2322502136,60.8260002136,absent,False,structurally unjoinable,same_global_pair_absent_from_offline_universe
393,cohort_gap,MOT17-13-SDP,MOT17-13-SDP|692|721,692,721,True,True,True,13.7814331055,49.2322502136,62.5588951111,absent,False,structurally unjoinable,same_global_pair_absent_from_offline_universe
394,cohort_gap,MOT17-13-SDP,MOT17-13-SDP|692|722,692,722,True,True,True,12.2329502106,49.2322502136,66.468460083,absent,False,structurally unjoinable,same_global_pair_absent_from_offline_universe
395,cohort_gap,MOT17-13-SDP,MOT17-13-SDP|692|723,692,723,True,True,True,3.610272646,49.2322502136,70.0626068115,absent,False,structurally unjoinable,same_global_pair_absent_from_offline_universe
396,cohort_gap,MOT17-13-SDP,MOT17-13-SDP|692|724,692,724,True,True,True,3.441423893,49.2322502136,65.4395751953,absent,False,structurally unjoinable,same_global_pair_absent_from_offline_universe
397,cohort_gap,MOT17-13-SDP,MOT17-13-SDP|692|727,692,727,True,True,True,2.706641674,49.2812843323,65.9275283813,absent,False,structurally unjoinable,same_global_pair_absent_from_offline_universe
398,cohort_gap,MOT17-13-SDP,MOT17-13-SDP|692|728,692,728,True,True,True,12.0202827454,49.2812843323,69.9862594604,absent,False,structurally unjoinable,same_global_pair_absent_from_offline_universe
399,cohort_gap,MOT17-13-SDP,MOT17-13-SDP|692|729,692,729,True,True,True,12.3328418732,49.2812843323,37.145160675,absent,False,structurally unjoinable,same_global_pair_absent_from_offline_universe
400,cohort_gap,MOT17-13-SDP,MOT17-13-SDP|693|698,693,698,True,True,True,1.0461676121,57.0126190186,52.1398620605,absent,False,structurally unjoinable,same_global_pair_absent_from_offline_universe
401,cohort_gap,MOT17-13-SDP,MOT17-13-SDP|693|699,693,699,True,True,True,4.6202287674,57.0126190186,49.4725341797,absent,False,structurally unjoinable,same_global_pair_absent_from_offline_universe
402,cohort_gap,MOT17-13-SDP,MOT17-13-SDP|696|734,696,734,True,True,True,2.6298391819,63.4707717896,86.552192688,absent,False,structurally unjoinable,same_global_pair_absent_from_offline_universe
403,cohort_gap,MOT17-13-SDP,MOT17-13-SDP|699|721,699,721,True,True,True,13.1957950592,57.9693145752,62.5588951111,absent,False,structurally unjoinable,same_global_pair_absent_from_offline_universe
404,cohort_gap,MOT17-13-SDP,MOT17-13-SDP|699|722,699,722,True,True,True,11.774271965,57.9693145752,66.468460083,absent,False,structurally unjoinable,same_global_pair_absent_from_offline_universe
405,cohort_gap,MOT17-13-SDP,MOT17-13-SDP|699|723,699,723,True,True,True,2.9707288742,57.9693145752,70.0626068115,absent,False,structurally unjoinable,same_global_pair_absent_from_offline_universe
406,cohort_gap,MOT17-13-SDP,MOT17-13-SDP|699|724,699,724,True,True,True,2.7917385101,57.9693145752,65.4395751953,absent,False,structurally unjoinable,same_global_pair_absent_from_offline_universe
407,cohort_gap,MOT17-13-SDP,MOT17-13-SDP|699|725,699,725,True,True,True,0.0068940227,57.9693145752,59.4138946533,absent,False,structurally unjoinable,same_global_pair_absent_from_offline_universe
408,cohort_gap,MOT17-13-SDP,MOT17-13-SDP|699|726,699,726,True,True,True,1.1433594227,57.9693145752,62.0318717957,absent,False,structurally unjoinable,same_global_pair_absent_from_offline_universe
409,cohort_gap,MOT17-13-SDP,MOT17-13-SDP|699|727,699,727,True,True,True,1.2244408131,57.9693145752,65.9275283813,absent,False,structurally unjoinable,same_global_pair_absent_from_offline_universe
410,cohort_gap,MOT17-13-SDP,MOT17-13-SDP|699|729,699,729,True,True,True,11.7058115005,58.2139167786,37.145160675,absent,False,structurally unjoinable,same_global_pair_absent_from_offline_universe
411,cohort_gap,MOT17-13-SDP,MOT17-13-SDP|700|712,700,712,True,True,True,0.104800567,53.2536239624,51.2615814209,absent,False,structurally unjoinable,same_global_pair_absent_from_offline_universe
412,cohort_gap,MOT17-13-SDP,MOT17-13-SDP|700|713,700,713,True,True,True,1.8274364471,53.2536239624,60.0078735352,absent,False,structurally unjoinable,same_global_pair_absent_from_offline_universe
413,cohort_gap,MOT17-13-SDP,MOT17-13-SDP|700|714,700,714,True,True,True,1.6677470207,53.2536239624,60.6047401428,absent,False,structurally unjoinable,same_global_pair_absent_from_offline_universe
414,cohort_gap,MOT17-13-SDP,MOT17-13-SDP|700|715,700,715,True,True,True,2.0882396698,53.2536239624,45.2735137939,absent,False,structurally unjoinable,same_global_pair_absent_from_offline_universe
415,cohort_gap,MOT17-13-SDP,MOT17-13-SDP|702|706,702,706,True,True,True,16.4172973633,55.043182373,88.5931854248,absent,False,structurally unjoinable,same_global_pair_absent_from_offline_universe
416,cohort_gap,MOT17-13-SDP,MOT17-13-SDP|702|707,702,707,True,True,True,15.1966285706,55.043182373,59.4815101624,absent,False,structurally unjoinable,same_global_pair_absent_from_offline_universe
417,cohort_gap,MOT17-13-SDP,MOT17-13-SDP|702|709,702,709,True,True,True,16.7400627136,55.043182373,89.5186843872,absent,False,structurally unjoinable,same_global_pair_absent_from_offline_universe
418,cohort_gap,MOT17-13-SDP,MOT17-13-SDP|703|720,703,720,True,True,True,2.1693694592,54.0953178406,60.8260002136,absent,False,structurally unjoinable,same_global_pair_absent_from_offline_universe
419,cohort_gap,MOT17-13-SDP,MOT17-13-SDP|703|721,703,721,True,True,True,14.2749414444,54.0953178406,62.5588951111,absent,False,structurally unjoinable,same_global_pair_absent_from_offline_universe
420,cohort_gap,MOT17-13-SDP,MOT17-13-SDP|703|722,703,722,True,True,True,12.772851944,54.0953178406,66.468460083,absent,False,structurally unjoinable,same_global_pair_absent_from_offline_universe
421,cohort_gap,MOT17-13-SDP,MOT17-13-SDP|703|723,703,723,True,True,True,2.4670605659,54.0953178406,70.0626068115,absent,False,structurally unjoinable,same_global_pair_absent_from_offline_universe
422,cohort_gap,MOT17-13-SDP,MOT17-13-SDP|703|724,703,724,True,True,True,2.2591290474,54.0953178406,65.4395751953,absent,False,structurally unjoinable,same_global_pair_absent_from_offline_universe
423,cohort_gap,MOT17-13-SDP,MOT17-13-SDP|703|725,703,725,True,True,True,0.6542471647,54.0953178406,59.4138946533,absent,False,structurally unjoinable,same_global_pair_absent_from_offline_universe
424,cohort_gap,MOT17-13-SDP,MOT17-13-SDP|703|726,703,726,True,True,True,0.5422698855,54.0953178406,62.0318717957,absent,False,structurally unjoinable,same_global_pair_absent_from_offline_universe
425,cohort_gap,MOT17-13-SDP,MOT17-13-SDP|703|727,703,727,True,True,True,1.593362093,54.5918083191,65.9275283813,absent,False,structurally unjoinable,same_global_pair_absent_from_offline_universe
426,cohort_gap,MOT17-13-SDP,MOT17-13-SDP|703|728,703,728,True,True,True,12.2232751846,54.8012924194,69.9862594604,absent,False,structurally unjoinable,same_global_pair_absent_from_offline_universe
427,cohort_gap,MOT17-13-SDP,MOT17-13-SDP|703|730,703,730,True,True,True,2.255764246,56.3688049316,71.0615692139,absent,False,structurally unjoinable,same_global_pair_absent_from_offline_universe
428,cohort_gap,MOT17-13-SDP,MOT17-13-SDP|703|731,703,731,True,True,True,11.9206342697,56.3688049316,38.2633285522,absent,False,structurally unjoinable,same_global_pair_absent_from_offline_universe
429,cohort_gap,MOT17-13-SDP,MOT17-13-SDP|703|732,703,732,True,True,True,1.9002270699,56.7107849121,69.6080474854,absent,False,structurally unjoinable,same_global_pair_absent_from_offline_universe
430,cohort_gap,MOT17-13-SDP,MOT17-13-SDP|704|712,704,712,True,True,True,2.180644989,58.4709854126,51.2615814209,absent,False,structurally unjoinable,same_global_pair_absent_from_offline_universe
431,cohort_gap,MOT17-13-SDP,MOT17-13-SDP|704|713,704,713,True,True,True,0.3707676232,58.4709854126,60.0078735352,absent,False,structurally unjoinable,same_global_pair_absent_from_offline_universe
432,cohort_gap,MOT17-13-SDP,MOT17-13-SDP|704|714,704,714,True,True,True,0.5219564438,58.4709854126,60.6047401428,absent,False,structurally unjoinable,same_global_pair_absent_from_offline_universe
433,cohort_gap,MOT17-13-SDP,MOT17-13-SDP|704|718,704,718,True,True,True,13.642996788,58.7564849854,63.8590621948,absent,False,structurally unjoinable,same_global_pair_absent_from_offline_universe
434,cohort_gap,MOT17-13-SDP,MOT17-13-SDP|705|707,705,707,True,True,True,14.6727209091,57.4138755798,59.4815101624,absent,False,structurally unjoinable,same_global_pair_absent_from_offline_universe
435,cohort_gap,MOT17-13-SDP,MOT17-13-SDP|705|708,705,708,True,True,True,0.6995066404,57.4138755798,56.8765792847,absent,False,structurally unjoinable,same_global_pair_absent_from_offline_universe
436,cohort_gap,MOT17-13-SDP,MOT17-13-SDP|705|709,705,709,True,True,True,16.2970657349,57.4138755798,89.5186843872,absent,False,structurally unjoinable,same_global_pair_absent_from_offline_universe
437,cohort_gap,MOT17-13-SDP,MOT17-13-SDP|705|710,705,710,True,True,True,1.9163595438,57.4138755798,56.3635673523,absent,False,structurally unjoinable,same_global_pair_absent_from_offline_universe
438,cohort_gap,MOT17-13-SDP,MOT17-13-SDP|705|711,705,711,True,True,True,1.723913312,57.4138755798,61.9334564209,absent,False,structurally unjoinable,same_global_pair_absent_from_offline_universe
439,cohort_gap,MOT17-13-SDP,MOT17-13-SDP|705|712,705,712,True,True,True,4.2417616844,57.4138755798,51.2615814209,absent,False,structurally unjoinable,same_global_pair_absent_from_offline_universe
440,cohort_gap,MOT17-13-SDP,MOT17-13-SDP|705|713,705,713,True,True,True,2.2562770844,57.4138755798,60.0078735352,absent,False,structurally unjoinable,same_global_pair_absent_from_offline_universe
441,cohort_gap,MOT17-13-SDP,MOT17-13-SDP|705|714,705,714,True,True,True,2.3912746906,57.4138755798,60.6047401428,absent,False,structurally unjoinable,same_global_pair_absent_from_offline_universe
442,cohort_gap,MOT17-13-SDP,MOT17-13-SDP|705|715,705,715,True,True,True,6.5989055634,57.4138755798,45.2735137939,absent,False,structurally unjoinable,same_global_pair_absent_from_offline_universe
443,cohort_gap,MOT17-13-SDP,MOT17-13-SDP|705|716,705,716,True,True,True,17.594587326,57.4138755798,58.3278770447,absent,False,structurally unjoinable,same_global_pair_absent_from_offline_universe
444,cohort_gap,MOT17-13-SDP,MOT17-13-SDP|706|707,706,707,True,True,True,4.5951910019,88.5931854248,59.4815101624,absent,False,structurally unjoinable,same_global_pair_absent_from_offline_universe
445,cohort_gap,MOT17-13-SDP,MOT17-13-SDP|706|708,706,708,True,True,True,15.885225296,88.5931854248,56.8765792847,absent,False,structurally unjoinable,same_global_pair_absent_from_offline_universe
446,cohort_gap,MOT17-13-SDP,MOT17-13-SDP|706|709,706,709,True,True,True,0.0815621912,88.5931854248,89.5186843872,absent,False,structurally unjoinable,same_global_pair_absent_from_offline_universe
447,cohort_gap,MOT17-13-SDP,MOT17-13-SDP|706|710,706,710,True,True,True,14.9897565842,88.5931854248,56.3635673523,absent,False,structurally unjoinable,same_global_pair_absent_from_offline_universe
448,cohort_gap,MOT17-13-SDP,MOT17-13-SDP|706|711,706,711,True,True,True,14.5202817917,88.5931854248,61.9334564209,absent,False,structurally unjoinable,same_global_pair_absent_from_offline_universe
449,cohort_gap,MOT17-13-SDP,MOT17-13-SDP|706|713,706,713,True,True,True,14.3094873428,88.5931854248,60.0078735352,absent,False,structurally unjoinable,same_global_pair_absent_from_offline_universe
450,cohort_gap,MOT17-13-SDP,MOT17-13-SDP|706|714,706,714,True,True,True,14.1407413483,88.5931854248,60.6047401428,absent,False,structurally unjoinable,same_global_pair_absent_from_offline_universe
451,cohort_gap,MOT17-13-SDP,MOT17-13-SDP|706|716,706,716,True,True,True,2.4485604763,88.5931854248,58.3278770447,absent,False,structurally unjoinable,same_global_pair_absent_from_offline_universe
452,cohort_gap,MOT17-13-SDP,MOT17-13-SDP|708|713,708,713,True,True,True,0.471321404,56.3476219177,60.0078735352,absent,False,structurally unjoinable,same_global_pair_absent_from_offline_universe
453,cohort_gap,MOT17-13-SDP,MOT17-13-SDP|708|714,708,714,True,True,True,0.6257920265,56.3476219177,60.6047401428,absent,False,structurally unjoinable,same_global_pair_absent_from_offline_universe
454,cohort_gap,MOT17-13-SDP,MOT17-13-SDP|708|715,708,715,True,True,True,4.5814204216,56.3476219177,45.2735137939,absent,False,structurally unjoinable,same_global_pair_absent_from_offline_universe
455,cohort_gap,MOT17-13-SDP,MOT17-13-SDP|708|721,708,721,True,True,True,15.4822425842,58.654083252,62.5588951111,absent,False,structurally unjoinable,same_global_pair_absent_from_offline_universe
456,cohort_gap,MOT17-13-SDP,MOT17-13-SDP|708|727,708,727,True,True,True,0.4906663895,59.6984138489,65.9275283813,absent,False,structurally unjoinable,same_global_pair_absent_from_offline_universe
457,cohort_gap,MOT17-13-SDP,MOT17-13-SDP|708|728,708,728,True,True,True,13.8660440445,59.6984138489,69.9862594604,absent,False,structurally unjoinable,same_global_pair_absent_from_offline_universe
458,cohort_gap,MOT17-13-SDP,MOT17-13-SDP|711|717,711,717,True,True,True,0.0090227146,59.9431877136,67.9990615845,absent,False,structurally unjoinable,same_global_pair_absent_from_offline_universe
459,cohort_gap,MOT17-13-SDP,MOT17-13-SDP|714|726,714,726,True,True,True,0.5063149929,62.5495605469,62.0318717957,absent,False,structurally unjoinable,same_global_pair_absent_from_offline_universe
460,cohort_gap,MOT17-13-SDP,MOT17-13-SDP|714|727,714,727,True,True,True,0.3824403584,62.5495605469,65.9275283813,absent,False,structurally unjoinable,same_global_pair_absent_from_offline_universe
461,cohort_gap,MOT17-13-SDP,MOT17-13-SDP|714|728,714,728,True,True,True,13.5354633331,62.5495605469,69.9862594604,absent,False,structurally unjoinable,same_global_pair_absent_from_offline_universe
462,cohort_gap,MOT17-13-SDP,MOT17-13-SDP|714|729,714,729,True,True,True,14.3092069626,62.5495605469,37.145160675,absent,False,structurally unjoinable,same_global_pair_absent_from_offline_universe
463,cohort_gap,MOT17-13-SDP,MOT17-13-SDP|715|728,715,728,True,True,True,11.1370725632,50.5344009399,69.9862594604,absent,False,structurally unjoinable,same_global_pair_absent_from_offline_universe
464,cohort_gap,MOT17-13-SDP,MOT17-13-SDP|715|729,715,729,True,True,True,11.1152429581,50.5344009399,37.145160675,absent,False,structurally unjoinable,same_global_pair_absent_from_offline_universe
465,cohort_gap,MOT17-13-SDP,MOT17-13-SDP|715|730,715,730,True,True,True,3.7181634903,51.1297683716,71.0615692139,absent,False,structurally unjoinable,same_global_pair_absent_from_offline_universe
466,cohort_gap,MOT17-13-SDP,MOT17-13-SDP|715|731,715,731,True,True,True,10.7543678284,51.1297683716,38.2633285522,absent,False,structurally unjoinable,same_global_pair_absent_from_offline_universe
467,cohort_gap,MOT17-13-SDP,MOT17-13-SDP|715|733,715,733,True,True,True,3.0918564796,53.40625,72.8325271606,absent,False,structurally unjoinable,same_global_pair_absent_from_offline_universe
468,cohort_gap,MOT17-13-SDP,MOT17-13-SDP|716|722,716,722,True,True,True,1.1092735529,60.4490280151,66.468460083,absent,False,structurally unjoinable,same_global_pair_absent_from_offline_universe
469,cohort_gap,MOT17-13-SDP,MOT17-13-SDP|716|723,716,723,True,True,True,15.2134904861,60.4490280151,70.0626068115,absent,False,structurally unjoinable,same_global_pair_absent_from_offline_universe
470,cohort_gap,MOT17-13-SDP,MOT17-13-SDP|716|724,716,724,True,True,True,15.4910640717,60.4490280151,65.4395751953,absent,False,structurally unjoinable,same_global_pair_absent_from_offline_universe
471,cohort_gap,MOT17-13-SDP,MOT17-13-SDP|716|727,716,727,True,True,True,14.1805868149,61.0160598755,65.9275283813,absent,False,structurally unjoinable,same_global_pair_absent_from_offline_universe
472,cohort_gap,MOT17-13-SDP,MOT17-13-SDP|716|728,716,728,True,True,True,0.4221940637,61.0160598755,69.9862594604,absent,False,structurally unjoinable,same_global_pair_absent_from_offline_universe
473,cohort_gap,MOT17-13-SDP,MOT17-13-SDP|719|720,719,720,True,True,True,0.1952732354,61.289516449,60.8260002136,absent,False,structurally unjoinable,same_global_pair_absent_from_offline_universe
474,cohort_gap,MOT17-13-SDP,MOT17-13-SDP|719|721,719,721,True,True,True,15.3055915833,61.289516449,62.5588951111,absent,False,structurally unjoinable,same_global_pair_absent_from_offline_universe
475,cohort_gap,MOT17-13-SDP,MOT17-13-SDP|719|722,719,722,True,True,True,13.8563890457,61.289516449,66.468460083,absent,False,structurally unjoinable,same_global_pair_absent_from_offline_universe
476,cohort_gap,MOT17-13-SDP,MOT17-13-SDP|719|723,719,723,True,True,True,0.5835866928,61.289516449,70.0626068115,absent,False,structurally unjoinable,same_global_pair_absent_from_offline_universe
477,cohort_gap,MOT17-13-SDP,MOT17-13-SDP|719|724,719,724,True,True,True,0.3110566437,61.289516449,65.4395751953,absent,False,structurally unjoinable,same_global_pair_absent_from_offline_universe
478,cohort_gap,MOT17-13-SDP,MOT17-13-SDP|719|725,719,725,True,True,True,2.5214676857,61.289516449,59.4138946533,absent,False,structurally unjoinable,same_global_pair_absent_from_offline_universe
479,cohort_gap,MOT17-13-SDP,MOT17-13-SDP|719|726,719,726,True,True,True,1.361790061,61.289516449,62.0318717957,absent,False,structurally unjoinable,same_global_pair_absent_from_offline_universe
480,cohort_gap,MOT17-13-SDP,MOT17-13-SDP|719|727,719,727,True,True,True,1.2107741833,61.289516449,65.9275283813,absent,False,structurally unjoinable,same_global_pair_absent_from_offline_universe
481,cohort_gap,MOT17-13-SDP,MOT17-13-SDP|722|732,722,732,True,True,True,12.6464672089,72.3034667969,69.6080474854,absent,False,structurally unjoinable,same_global_pair_absent_from_offline_universe
482,cohort_gap,MOT17-13-SDP,MOT17-13-SDP|723|730,723,730,True,True,True,0.5798549056,71.7787628174,71.0615692139,absent,False,structurally unjoinable,same_global_pair_absent_from_offline_universe
483,cohort_gap,MOT17-13-SDP,MOT17-13-SDP|723|732,723,732,True,True,True,1.1496204138,71.7787628174,69.6080474854,absent,False,structurally unjoinable,same_global_pair_absent_from_offline_universe
484,cohort_gap,MOT17-13-SDP,MOT17-13-SDP|723|734,723,734,True,True,True,0.1596542597,76.534942627,86.552192688,absent,False,structurally unjoinable,same_global_pair_absent_from_offline_universe
485,cohort_gap,MOT17-13-SDP,MOT17-13-SDP|726|736,726,736,True,True,True,0.4771163464,70.21068573,75.7361602783,absent,False,structurally unjoinable,same_global_pair_absent_from_offline_universe
486,cohort_gap,MOT17-13-SDP,MOT17-13-SDP|726|737,726,737,True,True,True,0.4207674861,70.21068573,72.4141540527,absent,False,structurally unjoinable,same_global_pair_absent_from_offline_universe
487,cohort_gap,MOT17-13-SDP,MOT17-13-SDP|726|738,726,738,True,True,True,12.5962924957,70.21068573,101.2679977417,absent,False,structurally unjoinable,same_global_pair_absent_from_offline_universe
488,cohort_gap,MOT17-13-SDP,MOT17-13-SDP|726|739,726,739,True,True,True,0.1052488163,71.0446929932,73.1237487793,absent,False,structurally unjoinable,same_global_pair_absent_from_offline_universe
489,cohort_gap,MOT17-13-SDP,MOT17-13-SDP|726|740,726,740,True,True,True,1.8347417116,71.0446929932,113.3421783447,absent,False,structurally unjoinable,same_global_pair_absent_from_offline_universe
490,cohort_gap,MOT17-13-SDP,MOT17-13-SDP|726|741,726,741,True,True,True,3.0455474854,72.7033691406,103.1880569458,absent,False,structurally unjoinable,same_global_pair_absent_from_offline_universe
491,cohort_gap,MOT17-13-SDP,MOT17-13-SDP|726|742,726,742,True,True,True,0.3920455277,72.7033691406,91.1925506592,absent,False,structurally unjoinable,same_global_pair_absent_from_offline_universe
492,cohort_gap,MOT17-13-SDP,MOT17-13-SDP|726|743,726,743,True,True,True,0.2163028568,73.7698440552,77.6838607788,absent,False,structurally unjoinable,same_global_pair_absent_from_offline_universe
493,cohort_gap,MOT17-13-SDP,MOT17-13-SDP|730|732,730,732,True,True,True,0.4021688104,71.2862548828,69.6080474854,absent,False,structurally unjoinable,same_global_pair_absent_from_offline_universe
494,cohort_gap,MOT17-13-SDP,MOT17-13-SDP|732|737,732,737,True,True,True,1.2697200775,89.6318283081,72.4141540527,absent,False,structurally unjoinable,same_global_pair_absent_from_offline_universe
495,cohort_gap,MOT17-13-SDP,MOT17-13-SDP|732|742,732,742,True,True,True,0.6324279904,102.9442520142,91.1925506592,absent,False,structurally unjoinable,same_global_pair_absent_from_offline_universe
496,cohort_gap,MOT17-13-SDP,MOT17-13-SDP|732|743,732,743,True,True,True,0.7914715409,102.9442520142,77.6838607788,absent,False,structurally unjoinable,same_global_pair_absent_from_offline_universe
497,cohort_gap,MOT17-13-SDP,MOT17-13-SDP|732|754,732,754,True,True,True,0.9754990339,127.9895401001,77.6158599854,absent,False,structurally unjoinable,same_global_pair_absent_from_offline_universe
498,cohort_gap,MOT17-13-SDP,MOT17-13-SDP|732|758,732,758,True,True,True,1.1518958807,127.9895401001,78.5927810669,absent,False,structurally unjoinable,same_global_pair_absent_from_offline_universe
499,cohort_gap,MOT17-13-SDP,MOT17-13-SDP|733|737,733,737,True,True,True,1.0340321064,95.2802047729,72.4141540527,absent,False,structurally unjoinable,same_global_pair_absent_from_offline_universe
500,cohort_gap,MOT17-13-SDP,MOT17-13-SDP|733|741,733,741,True,True,True,2.0665707588,103.7151870728,103.1880569458,absent,False,structurally unjoinable,same_global_pair_absent_from_offline_universe
501,cohort_gap,MOT17-13-SDP,MOT17-13-SDP|733|759,733,759,True,True,True,0.0793841854,139.4644775391,171.3585357666,absent,False,structurally unjoinable,same_global_pair_absent_from_offline_universe
502,cohort_gap,MOT17-13-SDP,MOT17-13-SDP|734|737,734,737,True,True,True,1.7761620283,100.0896759033,72.4141540527,absent,False,structurally unjoinable,same_global_pair_absent_from_offline_universe
503,cohort_gap,MOT17-13-SDP,MOT17-13-SDP|734|754,734,754,True,True,True,0.6803811193,130.9201660156,77.6158599854,absent,False,structurally unjoinable,same_global_pair_absent_from_offline_universe
504,cohort_gap,MOT17-13-SDP,MOT17-13-SDP|737|747,737,747,True,True,True,1.827147603,68.7823944092,51.4759483337,absent,False,structurally unjoinable,same_global_pair_absent_from_offline_universe
505,cohort_gap,MOT17-13-SDP,MOT17-13-SDP|737|756,737,756,True,True,True,0.2881488502,67.0138931274,62.918838501,absent,False,structurally unjoinable,same_global_pair_absent_from_offline_universe
506,cohort_gap,MOT17-13-SDP,MOT17-13-SDP|737|757,737,757,True,True,True,1.092118144,67.0138931274,80.414680481,absent,False,structurally unjoinable,same_global_pair_absent_from_offline_universe
507,cohort_gap,MOT17-13-SDP,MOT17-13-SDP|739|748,739,748,True,True,True,1.6716865301,74.4254684448,93.9941482544,absent,False,structurally unjoinable,same_global_pair_absent_from_offline_universe
508,cohort_gap,MOT17-13-SDP,MOT17-13-SDP|739|749,739,749,True,True,True,0.9260863066,74.4254684448,50.1002883911,absent,False,structurally unjoinable,same_global_pair_absent_from_offline_universe
509,cohort_gap,MOT17-13-SDP,MOT17-13-SDP|739|750,739,750,True,True,True,0.2280547768,74.4254684448,65.3579864502,absent,False,structurally unjoinable,same_global_pair_absent_from_offline_universe
510,cohort_gap,MOT17-13-SDP,MOT17-13-SDP|739|751,739,751,True,True,True,1.8613535166,74.4254684448,120.503074646,absent,False,structurally unjoinable,same_global_pair_absent_from_offline_universe
511,cohort_gap,MOT17-13-SDP,MOT17-13-SDP|739|752,739,752,True,True,True,1.0140351057,74.1189346313,114.6932067871,absent,False,structurally unjoinable,same_global_pair_absent_from_offline_universe
512,cohort_gap,MOT17-13-SDP,MOT17-13-SDP|740|765,740,765,True,True,True,0.0558822639,200.695602417,235.8560333252,absent,False,structurally unjoinable,same_global_pair_absent_from_offline_universe
513,cohort_gap,MOT17-13-SDP,MOT17-13-SDP|742|744,742,744,True,True,True,0.5011549592,89.7224273682,108.4097900391,absent,False,structurally unjoinable,same_global_pair_absent_from_offline_universe
514,cohort_gap,MOT17-13-SDP,MOT17-13-SDP|742|746,742,746,True,True,True,1.5632088184,89.2666091919,55.9168586731,absent,False,structurally unjoinable,same_global_pair_absent_from_offline_universe
515,cohort_gap,MOT17-13-SDP,MOT17-13-SDP|742|748,742,748,True,True,True,1.2260905504,89.2666091919,93.9941482544,absent,False,structurally unjoinable,same_global_pair_absent_from_offline_universe
516,cohort_gap,MOT17-13-SDP,MOT17-13-SDP|742|750,742,750,True,True,True,0.1665724665,89.2666091919,65.3579864502,absent,False,structurally unjoinable,same_global_pair_absent_from_offline_universe
517,cohort_gap,MOT17-13-SDP,MOT17-13-SDP|742|751,742,751,True,True,True,1.4777513742,89.2666091919,120.503074646,absent,False,structurally unjoinable,same_global_pair_absent_from_offline_universe
518,cohort_gap,MOT17-13-SDP,MOT17-13-SDP|742|752,742,752,True,True,True,0.9281546474,89.2666091919,114.6932067871,absent,False,structurally unjoinable,same_global_pair_absent_from_offline_universe
519,cohort_gap,MOT17-13-SDP,MOT17-13-SDP|742|753,742,753,True,True,True,0.8827877045,89.2666091919,83.5555343628,absent,False,structurally unjoinable,same_global_pair_absent_from_offline_universe
520,cohort_gap,MOT17-13-SDP,MOT17-13-SDP|744|745,744,745,True,True,True,0.5622748137,108.8403167725,75.5336303711,absent,False,structurally unjoinable,same_global_pair_absent_from_offline_universe
521,cohort_gap,MOT17-13-SDP,MOT17-13-SDP|744|748,744,748,True,True,True,1.0544105768,108.8403167725,93.9941482544,absent,False,structurally unjoinable,same_global_pair_absent_from_offline_universe
522,cohort_gap,MOT17-13-SDP,MOT17-13-SDP|744|750,744,750,True,True,True,0.6105743647,108.8403167725,65.3579864502,absent,False,structurally unjoinable,same_global_pair_absent_from_offline_universe
523,cohort_gap,MOT17-13-SDP,MOT17-13-SDP|744|753,744,753,True,True,True,0.556673646,112.0944824219,83.5555343628,absent,False,structurally unjoinable,same_global_pair_absent_from_offline_universe
524,cohort_gap,MOT17-13-SDP,MOT17-13-SDP|750|758,750,758,True,True,True,1.3331383467,65.3694915771,78.5927810669,absent,False,structurally unjoinable,same_global_pair_absent_from_offline_universe
525,cohort_gap,MOT17-13-SDP,MOT17-13-SDP|751|765,751,765,True,True,True,0.0834259018,189.6362304688,235.8560333252,absent,False,structurally unjoinable,same_global_pair_absent_from_offline_universe
526,cohort_gap,MOT17-13-SDP,MOT17-13-SDP|751|769,751,769,True,True,True,1.2878400087,189.6362304688,138.5280761719,absent,False,structurally unjoinable,same_global_pair_absent_from_offline_universe
527,cohort_gap,MOT17-13-SDP,MOT17-13-SDP|753|767,753,767,True,True,True,0.0527992696,99.1998901367,104.0917205811,absent,False,structurally unjoinable,same_global_pair_absent_from_offline_universe
528,cohort_gap,MOT17-13-SDP,MOT17-13-SDP|753|768,753,768,True,True,True,2.4254159927,100.2727508545,157.3761901855,absent,False,structurally unjoinable,same_global_pair_absent_from_offline_universe
529,cohort_gap,MOT17-13-SDP,MOT17-13-SDP|757|775,757,775,True,True,True,0.4172225595,124.1209640503,159.0845489502,absent,False,structurally unjoinable,same_global_pair_absent_from_offline_universe
530,cohort_gap,MOT17-13-SDP,MOT17-13-SDP|757|776,757,776,True,True,True,1.9288117886,124.1209640503,121.7391586304,absent,False,structurally unjoinable,same_global_pair_absent_from_offline_universe
531,cohort_gap,MOT17-13-SDP,MOT17-13-SDP|763|775,763,775,True,True,True,0.2020575106,133.5825042725,159.0845489502,absent,False,structurally unjoinable,same_global_pair_absent_from_offline_universe
532,cohort_gap,MOT17-13-SDP,MOT17-13-SDP|764|772,764,772,True,True,True,3.1069822311,106.196723938,67.7627182007,absent,False,structurally unjoinable,same_global_pair_absent_from_offline_universe
533,cohort_gap,MOT17-13-SDP,MOT17-13-SDP|764|774,764,774,True,True,True,0.3522851169,106.196723938,112.685295105,absent,False,structurally unjoinable,same_global_pair_absent_from_offline_universe
534,cohort_gap,MOT17-13-SDP,MOT17-13-SDP|764|775,764,775,True,True,True,0.9519129395,112.4821777344,159.0845489502,absent,False,structurally unjoinable,same_global_pair_absent_from_offline_universe
535,cohort_gap,MOT17-13-SDP,MOT17-13-SDP|764|776,764,776,True,True,True,2.5867564678,112.4821777344,121.7391586304,absent,False,structurally unjoinable,same_global_pair_absent_from_offline_universe
536,cohort_gap,MOT17-13-SDP,MOT17-13-SDP|764|779,764,779,True,True,True,1.1045645475,114.725112915,132.2170410156,absent,False,structurally unjoinable,same_global_pair_absent_from_offline_universe
537,cohort_gap,MOT17-13-SDP,MOT17-13-SDP|767|778,767,778,True,True,True,1.4711476564,127.1891403198,125.6496200562,absent,False,structurally unjoinable,same_global_pair_absent_from_offline_universe
538,cohort_gap,MOT17-13-SDP,MOT17-13-SDP|767|779,767,779,True,True,True,2.1463525295,127.1891403198,132.2170410156,absent,False,structurally unjoinable,same_global_pair_absent_from_offline_universe
539,cohort_gap,MOT17-13-SDP,MOT17-13-SDP|796|797,796,797,True,True,True,11.6313924789,43.8828544617,53.0886154175,absent,False,structurally unjoinable,same_global_pair_absent_from_offline_universe
2224,unemitted,MOT17-02-SDP,,-1,-1,True,True,True,1.4491539001,111.0145645142,101.9381103516,absent,False,structurally unjoinable,unresolved_global_identity_no_local_id_fallback
2225,unemitted,MOT17-02-SDP,,-1,-1,True,True,True,1.4836844206,44.0342979431,53.2349052429,absent,False,structurally unjoinable,unresolved_global_identity_no_local_id_fallback
2226,unemitted,MOT17-02-SDP,,-1,-1,True,True,True,3.3274166584,92.0995025635,101.9381103516,absent,False,structurally unjoinable,unresolved_global_identity_no_local_id_fallback
2227,unemitted,MOT17-02-SDP,,-1,-1,True,True,True,2.2179925442,85.2696151733,101.9381103516,absent,False,structurally unjoinable,unresolved_global_identity_no_local_id_fallback
2228,unemitted,MOT17-02-SDP,,-1,-1,True,True,True,0.0808321759,70.0297775269,77.2881774902,absent,False,structurally unjoinable,unresolved_global_identity_no_local_id_fallback
2229,unemitted,MOT17-02-SDP,,-1,-1,True,True,True,7.5830287933,105.2901535034,77.2881774902,absent,False,structurally unjoinable,unresolved_global_identity_no_local_id_fallback
2230,unemitted,MOT17-02-SDP,,-1,-1,True,True,True,0.7770910859,85.6669692993,101.9381103516,absent,False,structurally unjoinable,unresolved_global_identity_no_local_id_fallback
2231,unemitted,MOT17-02-SDP,,-1,-1,True,True,True,6.192882061,85.6669692993,77.2881774902,absent,False,structurally unjoinable,unresolved_global_identity_no_local_id_fallback
2232,unemitted,MOT17-02-SDP,,-1,-1,True,True,True,5.5351681709,118.6987686157,77.2881774902,absent,False,structurally unjoinable,unresolved_global_identity_no_local_id_fallback
2233,unemitted,MOT17-02-SDP,,-1,-1,True,True,True,0.3978558481,62.262046814,77.2881774902,absent,False,structurally unjoinable,unresolved_global_identity_no_local_id_fallback
2234,unemitted,MOT17-02-SDP,,-1,-1,True,True,True,4.020409584,105.0317306519,77.2881774902,absent,False,structurally unjoinable,unresolved_global_identity_no_local_id_fallback
2235,unemitted,MOT17-02-SDP,,-1,-1,True,True,True,3.5725011826,92.9127655029,68.5625686646,absent,False,structurally unjoinable,unresolved_global_identity_no_local_id_fallback
2236,unemitted,MOT17-02-SDP,,-1,-1,True,True,True,8.1288499832,98.0096359253,103.2419662476,absent,False,structurally unjoinable,unresolved_global_identity_no_local_id_fallback
2237,unemitted,MOT17-02-SDP,,-1,-1,True,True,True,5.3697524071,110.6316375732,103.2419662476,absent,False,structurally unjoinable,unresolved_global_identity_no_local_id_fallback
2238,unemitted,MOT17-02-SDP,,-1,-1,True,True,True,0.5539581776,59.5928573608,53.2349052429,absent,False,structurally unjoinable,unresolved_global_identity_no_local_id_fallback
2239,unemitted,MOT17-02-SDP,,-1,-1,True,True,True,5.6553297043,101.2962493896,103.2419662476,absent,False,structurally unjoinable,unresolved_global_identity_no_local_id_fallback
2240,unemitted,MOT17-02-SDP,,-1,-1,True,True,True,0.414853245,81.1895217896,53.2349052429,absent,False,structurally unjoinable,unresolved_global_identity_no_local_id_fallback
2241,unemitted,MOT17-02-SDP,,-1,-1,True,True,True,10.4866514206,109.6608505249,107.974357605,absent,False,structurally unjoinable,unresolved_global_identity_no_local_id_fallback
2242,unemitted,MOT17-02-SDP,,-1,-1,True,True,True,5.529047966,70.2538833618,53.2349052429,absent,False,structurally unjoinable,unresolved_global_identity_no_local_id_fallback
2243,unemitted,MOT17-02-SDP,,-1,-1,True,True,True,5.8448944092,107.0358428955,107.974357605,absent,False,structurally unjoinable,unresolved_global_identity_no_local_id_fallback
2244,unemitted,MOT17-02-SDP,,-1,-1,True,True,True,0.7583398223,82.5518035889,107.974357605,absent,False,structurally unjoinable,unresolved_global_identity_no_local_id_fallback
2245,unemitted,MOT17-04-SDP,,-1,-1,True,True,True,0.4241725504,172.6764221191,171.6009979248,absent,False,structurally unjoinable,unresolved_global_identity_no_local_id_fallback
2246,unemitted,MOT17-04-SDP,,-1,-1,True,True,True,0.6725903749,167.2627868652,171.6009979248,absent,False,structurally unjoinable,unresolved_global_identity_no_local_id_fallback
2247,unemitted,MOT17-04-SDP,,-1,-1,True,True,True,9.5394620895,188.9275512695,172.8322296143,absent,False,structurally unjoinable,unresolved_global_identity_no_local_id_fallback
2248,unemitted,MOT17-04-SDP,,-1,-1,True,True,True,0.1194064468,173.6979217529,173.2492370605,absent,False,structurally unjoinable,unresolved_global_identity_no_local_id_fallback
2249,unemitted,MOT17-04-SDP,,-1,-1,True,True,True,6.8033766747,173.8283996582,128.9792022705,absent,False,structurally unjoinable,unresolved_global_identity_no_local_id_fallback
2250,unemitted,MOT17-04-SDP,,-1,-1,True,True,True,6.9207158089,173.8618927002,127.6387252808,absent,False,structurally unjoinable,unresolved_global_identity_no_local_id_fallback
2251,unemitted,MOT17-04-SDP,,-1,-1,True,True,True,5.0569376945,197.3174438477,173.2492370605,absent,False,structurally unjoinable,unresolved_global_identity_no_local_id_fallback
2252,unemitted,MOT17-04-SDP,,-1,-1,True,True,True,7.43060112,187.6008300781,128.9792022705,absent,False,structurally unjoinable,unresolved_global_identity_no_local_id_fallback
2253,unemitted,MOT17-04-SDP,,-1,-1,True,True,True,7.4519529343,187.6008300781,127.6387252808,absent,False,structurally unjoinable,unresolved_global_identity_no_local_id_fallback
2254,unemitted,MOT17-04-SDP,,-1,-1,True,True,True,5.8714976311,122.0982055664,172.8322296143,absent,False,structurally unjoinable,unresolved_global_identity_no_local_id_fallback
2255,unemitted,MOT17-04-SDP,,-1,-1,True,True,True,3.2897851467,134.4944000244,128.9792022705,absent,False,structurally unjoinable,unresolved_global_identity_no_local_id_fallback
2256,unemitted,MOT17-04-SDP,,-1,-1,True,True,True,3.4235899448,134.4944000244,127.6387252808,absent,False,structurally unjoinable,unresolved_global_identity_no_local_id_fallback
2257,unemitted,MOT17-04-SDP,,-1,-1,True,True,True,5.6653137207,120.4952468872,172.8322296143,absent,False,structurally unjoinable,unresolved_global_identity_no_local_id_fallback
2258,unemitted,MOT17-04-SDP,,-1,-1,True,True,True,7.5010762215,180.5125579834,128.9792022705,absent,False,structurally unjoinable,unresolved_global_identity_no_local_id_fallback
2259,unemitted,MOT17-04-SDP,,-1,-1,True,True,True,7.5152835846,180.5125579834,127.6387252808,absent,False,structurally unjoinable,unresolved_global_identity_no_local_id_fallback
2260,unemitted,MOT17-04-SDP,,-1,-1,True,True,True,3.6690030098,145.6230316162,173.2492370605,absent,False,structurally unjoinable,unresolved_global_identity_no_local_id_fallback
2261,unemitted,MOT17-04-SDP,,-1,-1,True,True,True,1.1729652882,183.807434082,173.2492370605,absent,False,structurally unjoinable,unresolved_global_identity_no_local_id_fallback
2262,unemitted,MOT17-04-SDP,,-1,-1,True,True,True,2.0695552826,130.9374389648,171.6009979248,absent,False,structurally unjoinable,unresolved_global_identity_no_local_id_fallback
2263,unemitted,MOT17-04-SDP,,-1,-1,True,True,True,2.0944714546,129.5599060059,172.5984191895,absent,False,structurally unjoinable,unresolved_global_identity_no_local_id_fallback
2264,unemitted,MOT17-04-SDP,,-1,-1,True,True,True,1.7049547434,133.6831970215,172.9569702148,absent,False,structurally unjoinable,unresolved_global_identity_no_local_id_fallback
2265,unemitted,MOT17-04-SDP,,-1,-1,True,True,True,5.2581677437,185.0357971191,173.2492370605,absent,False,structurally unjoinable,unresolved_global_identity_no_local_id_fallback
2266,unemitted,MOT17-04-SDP,,-1,-1,True,True,True,5.2550449371,199.8472747803,167.7816925049,absent,False,structurally unjoinable,unresolved_global_identity_no_local_id_fallback
2267,unemitted,MOT17-04-SDP,,-1,-1,True,True,True,6.9549641609,160.2788696289,173.2492370605,absent,False,structurally unjoinable,unresolved_global_identity_no_local_id_fallback
2268,unemitted,MOT17-04-SDP,,-1,-1,True,True,True,1.0957629681,148.774887085,127.6387252808,absent,False,structurally unjoinable,unresolved_global_identity_no_local_id_fallback
2269,unemitted,MOT17-05-SDP,,-1,-1,True,True,True,3.4207782745,140.7149047852,195.7911529541,absent,False,structurally unjoinable,unresolved_global_identity_no_local_id_fallback
2270,unemitted,MOT17-05-SDP,,-1,-1,True,True,True,0.0548178256,254.1425170898,195.7911529541,absent,False,structurally unjoinable,unresolved_global_identity_no_local_id_fallback
2271,unemitted,MOT17-05-SDP,,-1,-1,True,True,True,2.8744678497,161.7899169922,195.7911529541,absent,False,structurally unjoinable,unresolved_global_identity_no_local_id_fallback
2272,unemitted,MOT17-05-SDP,,-1,-1,True,True,True,2.2878098488,302.2675170898,290.1097412109,absent,False,structurally unjoinable,unresolved_global_identity_no_local_id_fallback
2273,unemitted,MOT17-05-SDP,,-1,-1,True,True,True,1.8472182751,401.2618408203,290.1097412109,absent,False,structurally unjoinable,unresolved_global_identity_no_local_id_fallback
2274,unemitted,MOT17-05-SDP,,-1,-1,True,True,True,0.4697425961,331.2398376465,224.590713501,absent,False,structurally unjoinable,unresolved_global_identity_no_local_id_fallback
2275,unemitted,MOT17-05-SDP,,-1,-1,True,True,True,0.4925174415,333.3141174316,224.590713501,absent,False,structurally unjoinable,unresolved_global_identity_no_local_id_fallback
2276,unemitted,MOT17-05-SDP,,-1,-1,True,True,True,0.9688623548,346.4638671875,224.590713501,absent,False,structurally unjoinable,unresolved_global_identity_no_local_id_fallback
2277,unemitted,MOT17-05-SDP,,-1,-1,True,True,True,1.7554223537,226.5506591797,224.590713501,absent,False,structurally unjoinable,unresolved_global_identity_no_local_id_fallback
2278,unemitted,MOT17-05-SDP,,-1,-1,True,True,True,0.0732942745,321.0190429688,224.590713501,absent,False,structurally unjoinable,unresolved_global_identity_no_local_id_fallback
2279,unemitted,MOT17-05-SDP,,-1,-1,True,True,True,0.8745936751,309.5774536133,224.590713501,absent,False,structurally unjoinable,unresolved_global_identity_no_local_id_fallback
2280,unemitted,MOT17-05-SDP,,-1,-1,True,True,True,0.4018901289,343.846862793,224.590713501,absent,False,structurally unjoinable,unresolved_global_identity_no_local_id_fallback
2281,unemitted,MOT17-05-SDP,,-1,-1,True,True,True,2.2313809395,208.3972167969,157.7786560059,absent,False,structurally unjoinable,unresolved_global_identity_no_local_id_fallback
2282,unemitted,MOT17-05-SDP,,-1,-1,True,True,True,1.7891435623,208.3972167969,234.5716552734,absent,False,structurally unjoinable,unresolved_global_identity_no_local_id_fallback
2283,unemitted,MOT17-05-SDP,,-1,-1,True,True,True,2.5777027607,135.0077972412,105.7729568481,absent,False,structurally unjoinable,unresolved_global_identity_no_local_id_fallback
2284,unemitted,MOT17-05-SDP,,-1,-1,True,True,True,1.9525575638,141.0292205811,105.7729568481,absent,False,structurally unjoinable,unresolved_global_identity_no_local_id_fallback
2285,unemitted,MOT17-05-SDP,,-1,-1,True,True,True,0.6155267954,64.1073989868,105.7729568481,absent,False,structurally unjoinable,unresolved_global_identity_no_local_id_fallback
2286,unemitted,MOT17-05-SDP,,-1,-1,True,True,True,0.1223463267,98.667137146,105.7729568481,absent,False,structurally unjoinable,unresolved_global_identity_no_local_id_fallback
2287,unemitted,MOT17-05-SDP,,-1,-1,True,True,True,0.0636350289,99.5011825562,142.4055786133,absent,False,structurally unjoinable,unresolved_global_identity_no_local_id_fallback
2288,unemitted,MOT17-05-SDP,,-1,-1,True,True,True,0.4839485884,120.6424560547,105.7729568481,absent,False,structurally unjoinable,unresolved_global_identity_no_local_id_fallback
2289,unemitted,MOT17-05-SDP,,-1,-1,True,True,True,0.5283284187,76.9802932739,105.7729568481,absent,False,structurally unjoinable,unresolved_global_identity_no_local_id_fallback
2290,unemitted,MOT17-05-SDP,,-1,-1,True,True,True,0.4890298545,79.6253509521,105.7729568481,absent,False,structurally unjoinable,unresolved_global_identity_no_local_id_fallback
2291,unemitted,MOT17-05-SDP,,-1,-1,True,True,True,0.3128734827,194.6416015625,142.4055786133,absent,False,structurally unjoinable,unresolved_global_identity_no_local_id_fallback
2292,unemitted,MOT17-05-SDP,,-1,-1,True,True,True,0.5084220767,100.0995864868,142.4055786133,absent,False,structurally unjoinable,unresolved_global_identity_no_local_id_fallback
2293,unemitted,MOT17-05-SDP,,-1,-1,True,True,True,0.3563984334,108.240272522,142.4055786133,absent,False,structurally unjoinable,unresolved_global_identity_no_local_id_fallback
2294,unemitted,MOT17-05-SDP,,-1,-1,True,True,True,0.2822120786,126.6056671143,142.4055786133,absent,False,structurally unjoinable,unresolved_global_identity_no_local_id_fallback
2295,unemitted,MOT17-05-SDP,,-1,-1,True,True,True,2.3514459133,148.0345153809,234.5716552734,absent,False,structurally unjoinable,unresolved_global_identity_no_local_id_fallback
2296,unemitted,MOT17-05-SDP,,-1,-1,True,True,True,2.0016191006,320.9834289551,234.5716552734,absent,False,structurally unjoinable,unresolved_global_identity_no_local_id_fallback
2297,unemitted,MOT17-05-SDP,,-1,-1,True,True,True,0.6656207442,206.7104644775,234.5716552734,absent,False,structurally unjoinable,unresolved_global_identity_no_local_id_fallback
2298,unemitted,MOT17-05-SDP,,-1,-1,True,True,True,0.8305529952,165.3935699463,234.5716552734,absent,False,structurally unjoinable,unresolved_global_identity_no_local_id_fallback
2299,unemitted,MOT17-05-SDP,,-1,-1,True,True,True,3.0993440151,178.679977417,157.7786560059,absent,False,structurally unjoinable,unresolved_global_identity_no_local_id_fallback
2300,unemitted,MOT17-05-SDP,,-1,-1,True,True,True,2.7964224815,178.679977417,195.7911529541,absent,False,structurally unjoinable,unresolved_global_identity_no_local_id_fallback
2301,unemitted,MOT17-05-SDP,,-1,-1,True,True,True,3.5521793365,153.2985534668,195.7911529541,absent,False,structurally unjoinable,unresolved_global_identity_no_local_id_fallback
2302,unemitted,MOT17-05-SDP,,-1,-1,True,True,True,3.0697293282,114.5636062622,157.7786560059,absent,False,structurally unjoinable,unresolved_global_identity_no_local_id_fallback
2303,unemitted,MOT17-05-SDP,,-1,-1,True,True,True,2.3704357147,325.1513061523,195.7911529541,absent,False,structurally unjoinable,unresolved_global_identity_no_local_id_fallback
2304,unemitted,MOT17-05-SDP,,-1,-1,True,True,True,2.5721085072,196.6898803711,290.1097412109,absent,False,structurally unjoinable,unresolved_global_identity_no_local_id_fallback
2305,unemitted,MOT17-05-SDP,,-1,-1,True,True,True,3.2641963959,120.0501327515,157.7786560059,absent,False,structurally unjoinable,unresolved_global_identity_no_local_id_fallback
2306,unemitted,MOT17-05-SDP,,-1,-1,True,True,True,2.8849434853,120.0501327515,195.7911529541,absent,False,structurally unjoinable,unresolved_global_identity_no_local_id_fallback
2307,unemitted,MOT17-05-SDP,,-1,-1,True,True,True,0.2249608785,321.4468078613,195.7911529541,absent,False,structurally unjoinable,unresolved_global_identity_no_local_id_fallback
2308,unemitted,MOT17-05-SDP,,-1,-1,True,True,True,3.5203435421,116.6898651123,157.7786560059,absent,False,structurally unjoinable,unresolved_global_identity_no_local_id_fallback
2309,unemitted,MOT17-09-SDP,,-1,-1,True,True,True,1.3396459818,602.3648681641,746.6246948242,absent,False,structurally unjoinable,unresolved_global_identity_no_local_id_fallback
2310,unemitted,MOT17-09-SDP,,-1,-1,True,True,True,1.8724313974,190.690612793,310.2606201172,absent,False,structurally unjoinable,unresolved_global_identity_no_local_id_fallback
2311,unemitted,MOT17-09-SDP,,-1,-1,True,True,True,0.6732878089,849.0610351562,746.6246948242,absent,False,structurally unjoinable,unresolved_global_identity_no_local_id_fallback
2312,unemitted,MOT17-09-SDP,,-1,-1,True,True,True,0.6279839277,669.4577636719,746.6246948242,absent,False,structurally unjoinable,unresolved_global_identity_no_local_id_fallback
2313,unemitted,MOT17-09-SDP,,-1,-1,True,True,True,0.0398099348,330.9265136719,310.2606201172,absent,False,structurally unjoinable,unresolved_global_identity_no_local_id_fallback
2314,unemitted,MOT17-09-SDP,,-1,-1,True,True,True,0.0239688866,1128.8492431641,746.6246948242,absent,False,structurally unjoinable,unresolved_global_identity_no_local_id_fallback
2315,unemitted,MOT17-10-SDP,,-1,-1,True,True,True,5.4602475166,190.2449645996,114.9896011353,absent,False,structurally unjoinable,unresolved_global_identity_no_local_id_fallback
2316,unemitted,MOT17-10-SDP,,-1,-1,True,True,True,3.3053841591,70.96434021,62.7808265686,absent,False,structurally unjoinable,unresolved_global_identity_no_local_id_fallback
2317,unemitted,MOT17-10-SDP,,-1,-1,True,True,True,4.6237478256,120.4173049927,91.5031738281,absent,False,structurally unjoinable,unresolved_global_identity_no_local_id_fallback
2318,unemitted,MOT17-10-SDP,,-1,-1,True,True,True,0.6584546566,120.4173049927,114.9896011353,absent,False,structurally unjoinable,unresolved_global_identity_no_local_id_fallback
2319,unemitted,MOT17-10-SDP,,-1,-1,True,True,True,2.1366932392,64.7926177979,91.5031738281,absent,False,structurally unjoinable,unresolved_global_identity_no_local_id_fallback
2320,unemitted,MOT17-10-SDP,,-1,-1,True,True,True,2.6434190273,70.7169113159,91.5031738281,absent,False,structurally unjoinable,unresolved_global_identity_no_local_id_fallback
2321,unemitted,MOT17-10-SDP,,-1,-1,True,True,True,6.7547783852,70.7169113159,114.9896011353,absent,False,structurally unjoinable,unresolved_global_identity_no_local_id_fallback
2322,unemitted,MOT17-10-SDP,,-1,-1,True,True,True,1.2615764141,66.2509536743,91.5031738281,absent,False,structurally unjoinable,unresolved_global_identity_no_local_id_fallback
2323,unemitted,MOT17-10-SDP,,-1,-1,True,True,True,0.0393627658,61.6298179626,62.7808265686,absent,False,structurally unjoinable,unresolved_global_identity_no_local_id_fallback
2324,unemitted,MOT17-10-SDP,,-1,-1,True,True,True,0.4776614606,62.3538627625,57.5374145508,absent,False,structurally unjoinable,unresolved_global_identity_no_local_id_fallback
2325,unemitted,MOT17-10-SDP,,-1,-1,True,True,True,0.1676425338,62.2321014404,65.5236282349,absent,False,structurally unjoinable,unresolved_global_identity_no_local_id_fallback
2326,unemitted,MOT17-10-SDP,,-1,-1,True,True,True,0.5537365675,62.6589164734,57.5374145508,absent,False,structurally unjoinable,unresolved_global_identity_no_local_id_fallback
2327,unemitted,MOT17-10-SDP,,-1,-1,True,True,True,6.8448572159,120.4166488647,129.007598877,absent,False,structurally unjoinable,unresolved_global_identity_no_local_id_fallback
2328,unemitted,MOT17-10-SDP,,-1,-1,True,True,True,8.3438673019,78.1339645386,129.007598877,absent,False,structurally unjoinable,unresolved_global_identity_no_local_id_fallback
2329,unemitted,MOT17-10-SDP,,-1,-1,True,True,True,6.0053677559,110.0551757812,91.5031738281,absent,False,structurally unjoinable,unresolved_global_identity_no_local_id_fallback
2330,unemitted,MOT17-10-SDP,,-1,-1,True,True,True,1.7105442286,110.0551757812,114.9896011353,absent,False,structurally unjoinable,unresolved_global_identity_no_local_id_fallback
2331,unemitted,MOT17-10-SDP,,-1,-1,True,True,True,0.2274844646,61.4471321106,57.9099082947,absent,False,structurally unjoinable,unresolved_global_identity_no_local_id_fallback
2332,unemitted,MOT17-10-SDP,,-1,-1,True,True,True,0.2566297352,55.0748405457,57.9099082947,absent,False,structurally unjoinable,unresolved_global_identity_no_local_id_fallback
2333,unemitted,MOT17-10-SDP,,-1,-1,True,True,True,0.4692854583,51.5655174255,57.9099082947,absent,False,structurally unjoinable,unresolved_global_identity_no_local_id_fallback
2334,unemitted,MOT17-10-SDP,,-1,-1,True,True,True,2.8240311146,114.6574401855,129.007598877,absent,False,structurally unjoinable,unresolved_global_identity_no_local_id_fallback
2335,unemitted,MOT17-10-SDP,,-1,-1,True,True,True,4.925675869,171.0986328125,129.007598877,absent,False,structurally unjoinable,unresolved_global_identity_no_local_id_fallback
2336,unemitted,MOT17-10-SDP,,-1,-1,True,True,True,0.4016972482,61.2885971069,62.7808265686,absent,False,structurally unjoinable,unresolved_global_identity_no_local_id_fallback
2337,unemitted,MOT17-10-SDP,,-1,-1,True,True,True,0.8649600148,61.2885971069,65.5236282349,absent,False,structurally unjoinable,unresolved_global_identity_no_local_id_fallback
2338,unemitted,MOT17-10-SDP,,-1,-1,True,True,True,2.2714707851,61.2885971069,57.5374145508,absent,False,structurally unjoinable,unresolved_global_identity_no_local_id_fallback
2339,unemitted,MOT17-10-SDP,,-1,-1,True,True,True,0.0484949313,59.1542778015,57.9099082947,absent,False,structurally unjoinable,unresolved_global_identity_no_local_id_fallback
2340,unemitted,MOT17-10-SDP,,-1,-1,True,True,True,0.0275331233,130.1208190918,129.007598877,absent,False,structurally unjoinable,unresolved_global_identity_no_local_id_fallback
2341,unemitted,MOT17-10-SDP,,-1,-1,True,True,True,8.8699073792,78.8204345703,129.007598877,absent,False,structurally unjoinable,unresolved_global_identity_no_local_id_fallback
2342,unemitted,MOT17-10-SDP,,-1,-1,True,True,True,1.3112213612,62.2446899414,44.4290466309,absent,False,structurally unjoinable,unresolved_global_identity_no_local_id_fallback
2343,unemitted,MOT17-10-SDP,,-1,-1,True,True,True,1.5789289474,57.0452194214,62.7808265686,absent,False,structurally unjoinable,unresolved_global_identity_no_local_id_fallback
2344,unemitted,MOT17-10-SDP,,-1,-1,True,True,True,1.9995728731,57.0452194214,65.5236282349,absent,False,structurally unjoinable,unresolved_global_identity_no_local_id_fallback
2345,unemitted,MOT17-10-SDP,,-1,-1,True,True,True,8.3499403,52.4930992126,44.4290466309,absent,False,structurally unjoinable,unresolved_global_identity_no_local_id_fallback
2346,unemitted,MOT17-10-SDP,,-1,-1,True,True,True,1.4011814594,62.0852584839,44.4290466309,absent,False,structurally unjoinable,unresolved_global_identity_no_local_id_fallback
2347,unemitted,MOT17-10-SDP,,-1,-1,True,True,True,1.3075108528,40.4207458496,42.1645278931,absent,False,structurally unjoinable,unresolved_global_identity_no_local_id_fallback
2348,unemitted,MOT17-10-SDP,,-1,-1,True,True,True,0.4633663893,45.8517990112,44.4290466309,absent,False,structurally unjoinable,unresolved_global_identity_no_local_id_fallback
2349,unemitted,MOT17-10-SDP,,-1,-1,True,True,True,0.6434345245,46.0087623596,44.4290466309,absent,False,structurally unjoinable,unresolved_global_identity_no_local_id_fallback
2350,unemitted,MOT17-10-SDP,,-1,-1,True,True,True,1.6277096272,46.8590927124,42.1645278931,absent,False,structurally unjoinable,unresolved_global_identity_no_local_id_fallback
2351,unemitted,MOT17-10-SDP,,-1,-1,True,True,True,0.5942102075,59.2177467346,42.1645278931,absent,False,structurally unjoinable,unresolved_global_identity_no_local_id_fallback
2352,unemitted,MOT17-10-SDP,,-1,-1,True,True,True,0.9328230619,47.5600242615,42.1645278931,absent,False,structurally unjoinable,unresolved_global_identity_no_local_id_fallback
2353,unemitted,MOT17-10-SDP,,-1,-1,True,True,True,3.9342975616,67.5017318726,62.7808265686,absent,False,structurally unjoinable,unresolved_global_identity_no_local_id_fallback
2354,unemitted,MOT17-10-SDP,,-1,-1,True,True,True,1.4773855209,72.7253570557,62.7808265686,absent,False,structurally unjoinable,unresolved_global_identity_no_local_id_fallback
2355,unemitted,MOT17-10-SDP,,-1,-1,True,True,True,1.880371809,72.7253570557,65.5236282349,absent,False,structurally unjoinable,unresolved_global_identity_no_local_id_fallback
2356,unemitted,MOT17-10-SDP,,-1,-1,True,True,True,3.2262969017,72.7253570557,57.5374145508,absent,False,structurally unjoinable,unresolved_global_identity_no_local_id_fallback
2357,unemitted,MOT17-10-SDP,,-1,-1,True,True,True,0.0801207125,68.207359314,65.5236282349,absent,False,structurally unjoinable,unresolved_global_identity_no_local_id_fallback
2358,unemitted,MOT17-10-SDP,,-1,-1,True,True,True,0.8718878627,68.4419174194,57.5374145508,absent,False,structurally unjoinable,unresolved_global_identity_no_local_id_fallback
2359,unemitted,MOT17-10-SDP,,-1,-1,True,True,True,4.6174154282,69.2785720825,62.7808265686,absent,False,structurally unjoinable,unresolved_global_identity_no_local_id_fallback
2360,unemitted,MOT17-10-SDP,,-1,-1,True,True,True,4.7127137184,117.3679046631,91.5031738281,absent,False,structurally unjoinable,unresolved_global_identity_no_local_id_fallback
2361,unemitted,MOT17-10-SDP,,-1,-1,True,True,True,0.6923293471,117.3679046631,114.9896011353,absent,False,structurally unjoinable,unresolved_global_identity_no_local_id_fallback
2362,unemitted,MOT17-10-SDP,,-1,-1,True,True,True,6.4466590881,75.5406188965,62.7808265686,absent,False,structurally unjoinable,unresolved_global_identity_no_local_id_fallback
2363,unemitted,MOT17-10-SDP,,-1,-1,True,True,True,5.9147024155,75.5406188965,65.5236282349,absent,False,structurally unjoinable,unresolved_global_identity_no_local_id_fallback
2364,unemitted,MOT17-10-SDP,,-1,-1,True,True,True,5.0594043732,75.5406188965,57.5374145508,absent,False,structurally unjoinable,unresolved_global_identity_no_local_id_fallback
2365,unemitted,MOT17-10-SDP,,-1,-1,True,True,True,0.8418227434,74.4131546021,62.7808265686,absent,False,structurally unjoinable,unresolved_global_identity_no_local_id_fallback
2366,unemitted,MOT17-10-SDP,,-1,-1,True,True,True,1.2562992573,74.4131546021,65.5236282349,absent,False,structurally unjoinable,unresolved_global_identity_no_local_id_fallback
2367,unemitted,MOT17-10-SDP,,-1,-1,True,True,True,2.5412697792,74.4131546021,57.5374145508,absent,False,structurally unjoinable,unresolved_global_identity_no_local_id_fallback
2368,unemitted,MOT17-10-SDP,,-1,-1,True,True,True,0.9379881024,72.3284912109,57.5374145508,absent,False,structurally unjoinable,unresolved_global_identity_no_local_id_fallback
2369,unemitted,MOT17-10-SDP,,-1,-1,True,True,True,1.3195767403,77.1809234619,57.5374145508,absent,False,structurally unjoinable,unresolved_global_identity_no_local_id_fallback
2370,unemitted,MOT17-10-SDP,,-1,-1,True,True,True,0.2285481393,88.1656951904,91.5031738281,absent,False,structurally unjoinable,unresolved_global_identity_no_local_id_fallback
2371,unemitted,MOT17-11-SDP,,-1,-1,True,True,True,5.5082211494,92.6080856323,118.9783401489,absent,False,structurally unjoinable,unresolved_global_identity_no_local_id_fallback
2372,unemitted,MOT17-11-SDP,,-1,-1,True,True,True,4.6237878799,113.4230194092,105.1722717285,absent,False,structurally unjoinable,unresolved_global_identity_no_local_id_fallback
2373,unemitted,MOT17-13-SDP,,-1,-1,True,True,True,17.647600174,51.6022262573,48.0587272644,absent,False,structurally unjoinable,unresolved_global_identity_no_local_id_fallback
2374,unemitted,MOT17-13-SDP,,-1,-1,True,True,True,15.0187530518,53.1239242554,61.5072593689,absent,False,structurally unjoinable,unresolved_global_identity_no_local_id_fallback
2375,unemitted,MOT17-13-SDP,,-1,-1,True,True,True,6.3343238831,53.1239242554,49.0032806396,absent,False,structurally unjoinable,unresolved_global_identity_no_local_id_fallback
2376,unemitted,MOT17-13-SDP,,-1,-1,True,True,True,17.6601257324,53.1239242554,51.4266548157,absent,False,structurally unjoinable,unresolved_global_identity_no_local_id_fallback
2377,unemitted,MOT17-13-SDP,,-1,-1,True,True,True,17.5683860779,53.1239242554,54.4804420471,absent,False,structurally unjoinable,unresolved_global_identity_no_local_id_fallback
2378,unemitted,MOT17-13-SDP,,-1,-1,True,True,True,17.5345287323,53.1239242554,57.3426780701,absent,False,structurally unjoinable,unresolved_global_identity_no_local_id_fallback
2379,unemitted,MOT17-13-SDP,,-1,-1,True,True,True,1.6708228588,53.1239242554,55.1335296631,absent,False,structurally unjoinable,unresolved_global_identity_no_local_id_fallback
2380,unemitted,MOT17-13-SDP,,-1,-1,True,True,True,3.1973276138,53.1239242554,73.974861145,absent,False,structurally unjoinable,unresolved_global_identity_no_local_id_fallback
2381,unemitted,MOT17-13-SDP,,-1,-1,True,True,True,18.2403621674,53.1239242554,55.3372573853,absent,False,structurally unjoinable,unresolved_global_identity_no_local_id_fallback
2382,unemitted,MOT17-13-SDP,,-1,-1,True,True,True,15.8725986481,55.043182373,54.2969017029,absent,False,structurally unjoinable,unresolved_global_identity_no_local_id_fallback
2383,unemitted,MOT17-13-SDP,,-1,-1,True,True,True,1.0888249874,55.043182373,59.4358291626,absent,False,structurally unjoinable,unresolved_global_identity_no_local_id_fallback
2384,unemitted,MOT17-13-SDP,,-1,-1,True,True,True,15.2274827957,55.043182373,61.5072593689,absent,False,structurally unjoinable,unresolved_global_identity_no_local_id_fallback
2385,unemitted,MOT17-13-SDP,,-1,-1,True,True,True,16.9511966705,56.9102249146,54.4804420471,absent,False,structurally unjoinable,unresolved_global_identity_no_local_id_fallback
2386,unemitted,MOT17-13-SDP,,-1,-1,True,True,True,16.9341468811,56.9102249146,57.3426780701,absent,False,structurally unjoinable,unresolved_global_identity_no_local_id_fallback
2387,unemitted,MOT17-13-SDP,,-1,-1,True,True,True,1.594935894,56.9102249146,55.1335296631,absent,False,structurally unjoinable,unresolved_global_identity_no_local_id_fallback
2388,unemitted,MOT17-13-SDP,,-1,-1,True,True,True,3.087826252,56.9102249146,73.974861145,absent,False,structurally unjoinable,unresolved_global_identity_no_local_id_fallback
2389,unemitted,MOT17-13-SDP,,-1,-1,True,True,True,17.6055145264,56.9102249146,55.3372573853,absent,False,structurally unjoinable,unresolved_global_identity_no_local_id_fallback
2390,unemitted,MOT17-13-SDP,,-1,-1,True,True,True,3.3473653793,56.9102249146,63.8640022278,absent,False,structurally unjoinable,unresolved_global_identity_no_local_id_fallback
2391,unemitted,MOT17-13-SDP,,-1,-1,True,True,True,3.5934298038,56.9102249146,60.8290214539,absent,False,structurally unjoinable,unresolved_global_identity_no_local_id_fallback
2392,unemitted,MOT17-13-SDP,,-1,-1,True,True,True,0.1266066134,83.9323577881,84.939453125,absent,False,structurally unjoinable,unresolved_global_identity_no_local_id_fallback
2393,unemitted,MOT17-13-SDP,,-1,-1,True,True,True,14.0856256485,83.9323577881,75.0574111938,absent,False,structurally unjoinable,unresolved_global_identity_no_local_id_fallback
2394,unemitted,MOT17-13-SDP,,-1,-1,True,True,True,12.2204341888,56.075958252,69.2054367065,absent,False,structurally unjoinable,unresolved_global_identity_no_local_id_fallback
2395,unemitted,MOT17-13-SDP,,-1,-1,True,True,True,11.8212299347,56.7107849121,76.6354751587,absent,False,structurally unjoinable,unresolved_global_identity_no_local_id_fallback
2396,unemitted,MOT17-13-SDP,,-1,-1,True,True,True,1.5132402182,63.862865448,75.0574111938,absent,False,structurally unjoinable,unresolved_global_identity_no_local_id_fallback
2397,unemitted,MOT17-13-SDP,,-1,-1,True,True,True,15.6602725983,59.0843009949,51.4266548157,absent,False,structurally unjoinable,unresolved_global_identity_no_local_id_fallback
2398,unemitted,MOT17-13-SDP,,-1,-1,True,True,True,15.0486965179,58.4709854126,57.3426780701,absent,False,structurally unjoinable,unresolved_global_identity_no_local_id_fallback
2399,unemitted,MOT17-13-SDP,,-1,-1,True,True,True,0.1193571612,58.4709854126,55.1335296631,absent,False,structurally unjoinable,unresolved_global_identity_no_local_id_fallback
2400,unemitted,MOT17-13-SDP,,-1,-1,True,True,True,1.6032384634,58.4709854126,73.974861145,absent,False,structurally unjoinable,unresolved_global_identity_no_local_id_fallback
2401,unemitted,MOT17-13-SDP,,-1,-1,True,True,True,15.6774892807,58.4709854126,55.3372573853,absent,False,structurally unjoinable,unresolved_global_identity_no_local_id_fallback
2402,unemitted,MOT17-13-SDP,,-1,-1,True,True,True,0.531532228,58.7564849854,60.8290214539,absent,False,structurally unjoinable,unresolved_global_identity_no_local_id_fallback
2403,unemitted,MOT17-13-SDP,,-1,-1,True,True,True,16.4749755859,58.8728599548,65.7234420776,absent,False,structurally unjoinable,unresolved_global_identity_no_local_id_fallback
2404,unemitted,MOT17-13-SDP,,-1,-1,True,True,True,15.4835710526,88.5931854248,59.4358291626,absent,False,structurally unjoinable,unresolved_global_identity_no_local_id_fallback
2405,unemitted,MOT17-13-SDP,,-1,-1,True,True,True,4.2970862389,88.5931854248,61.5072593689,absent,False,structurally unjoinable,unresolved_global_identity_no_local_id_fallback
2406,unemitted,MOT17-13-SDP,,-1,-1,True,True,True,3.3520686626,88.5931854248,54.4804420471,absent,False,structurally unjoinable,unresolved_global_identity_no_local_id_fallback
2407,unemitted,MOT17-13-SDP,,-1,-1,True,True,True,2.9524674416,88.5931854248,57.3426780701,absent,False,structurally unjoinable,unresolved_global_identity_no_local_id_fallback
2408,unemitted,MOT17-13-SDP,,-1,-1,True,True,True,15.1820240021,88.5931854248,55.1335296631,absent,False,structurally unjoinable,unresolved_global_identity_no_local_id_fallback
2409,unemitted,MOT17-13-SDP,,-1,-1,True,True,True,12.0373630524,88.5931854248,73.974861145,absent,False,structurally unjoinable,unresolved_global_identity_no_local_id_fallback
2410,unemitted,MOT17-13-SDP,,-1,-1,True,True,True,2.7041563988,88.5931854248,55.3372573853,absent,False,structurally unjoinable,unresolved_global_identity_no_local_id_fallback
2411,unemitted,MOT17-13-SDP,,-1,-1,True,True,True,0.8552666306,57.4138755798,59.4358291626,absent,False,structurally unjoinable,unresolved_global_identity_no_local_id_fallback
2412,unemitted,MOT17-13-SDP,,-1,-1,True,True,True,14.7116537094,57.4138755798,61.5072593689,absent,False,structurally unjoinable,unresolved_global_identity_no_local_id_fallback
2413,unemitted,MOT17-13-SDP,,-1,-1,True,True,True,6.3419055939,57.4138755798,49.0032806396,absent,False,structurally unjoinable,unresolved_global_identity_no_local_id_fallback
2414,unemitted,MOT17-13-SDP,,-1,-1,True,True,True,17.2206382751,57.4138755798,51.4266548157,absent,False,structurally unjoinable,unresolved_global_identity_no_local_id_fallback
2415,unemitted,MOT17-13-SDP,,-1,-1,True,True,True,17.1443767548,57.4138755798,54.4804420471,absent,False,structurally unjoinable,unresolved_global_identity_no_local_id_fallback
2416,unemitted,MOT17-13-SDP,,-1,-1,True,True,True,17.1221237183,57.4138755798,57.3426780701,absent,False,structurally unjoinable,unresolved_global_identity_no_local_id_fallback
2417,unemitted,MOT17-13-SDP,,-1,-1,True,True,True,1.8551646471,57.4138755798,55.1335296631,absent,False,structurally unjoinable,unresolved_global_identity_no_local_id_fallback
2418,unemitted,MOT17-13-SDP,,-1,-1,True,True,True,3.3055562973,57.4138755798,73.974861145,absent,False,structurally unjoinable,unresolved_global_identity_no_local_id_fallback
2419,unemitted,MOT17-13-SDP,,-1,-1,True,True,True,17.7936916351,57.4138755798,55.3372573853,absent,False,structurally unjoinable,unresolved_global_identity_no_local_id_fallback
2420,unemitted,MOT17-13-SDP,,-1,-1,True,True,True,13.9896669388,84.9599914551,75.0574111938,absent,False,structurally unjoinable,unresolved_global_identity_no_local_id_fallback
2421,unemitted,MOT17-13-SDP,,-1,-1,True,True,True,3.1315636635,107.5423202515,65.7234420776,absent,False,structurally unjoinable,unresolved_global_identity_no_local_id_fallback
2422,unemitted,MOT17-13-SDP,,-1,-1,True,True,True,16.0602989197,56.3476219177,55.3372573853,absent,False,structurally unjoinable,unresolved_global_identity_no_local_id_fallback
2423,unemitted,MOT17-13-SDP,,-1,-1,True,True,True,14.061920166,59.8413848877,69.2054367065,absent,False,structurally unjoinable,unresolved_global_identity_no_local_id_fallback
2424,unemitted,MOT17-13-SDP,,-1,-1,True,True,True,13.9593229294,59.8413848877,76.6354751587,absent,False,structurally unjoinable,unresolved_global_identity_no_local_id_fallback
2425,unemitted,MOT17-13-SDP,,-1,-1,True,True,True,16.0896320343,59.8413848877,78.4233551025,absent,False,structurally unjoinable,unresolved_global_identity_no_local_id_fallback
2426,unemitted,MOT17-13-SDP,,-1,-1,True,True,True,11.0652513504,179.3320770264,121.9281768799,absent,False,structurally unjoinable,unresolved_global_identity_no_local_id_fallback
2427,unemitted,MOT17-13-SDP,,-1,-1,True,True,True,15.0320920944,57.2606163025,57.3426780701,absent,False,structurally unjoinable,unresolved_global_identity_no_local_id_fallback
2428,unemitted,MOT17-13-SDP,,-1,-1,True,True,True,0.2987581789,57.2606163025,55.1335296631,absent,False,structurally unjoinable,unresolved_global_identity_no_local_id_fallback
2429,unemitted,MOT17-13-SDP,,-1,-1,True,True,True,1.4637904167,57.2606163025,73.974861145,absent,False,structurally unjoinable,unresolved_global_identity_no_local_id_fallback
2430,unemitted,MOT17-13-SDP,,-1,-1,True,True,True,15.6675186157,57.2606163025,55.3372573853,absent,False,structurally unjoinable,unresolved_global_identity_no_local_id_fallback
2431,unemitted,MOT17-13-SDP,,-1,-1,True,True,True,1.5873205662,57.2606163025,63.8640022278,absent,False,structurally unjoinable,unresolved_global_identity_no_local_id_fallback
2432,unemitted,MOT17-13-SDP,,-1,-1,True,True,True,1.7885389328,57.2606163025,60.8290214539,absent,False,structurally unjoinable,unresolved_global_identity_no_local_id_fallback
2433,unemitted,MOT17-13-SDP,,-1,-1,True,True,True,3.660027504,57.2606163025,59.2093582153,absent,False,structurally unjoinable,unresolved_global_identity_no_local_id_fallback
2434,unemitted,MOT17-13-SDP,,-1,-1,True,True,True,1.4319649935,59.9431877136,63.8640022278,absent,False,structurally unjoinable,unresolved_global_identity_no_local_id_fallback
2435,unemitted,MOT17-13-SDP,,-1,-1,True,True,True,16.200881958,63.9117126465,65.7234420776,absent,False,structurally unjoinable,unresolved_global_identity_no_local_id_fallback
2436,unemitted,MOT17-13-SDP,,-1,-1,True,True,True,14.0154008865,56.775592804,65.7234420776,absent,False,structurally unjoinable,unresolved_global_identity_no_local_id_fallback
2437,unemitted,MOT17-13-SDP,,-1,-1,True,True,True,13.4773492813,56.775592804,69.2054367065,absent,False,structurally unjoinable,unresolved_global_identity_no_local_id_fallback
2438,unemitted,MOT17-13-SDP,,-1,-1,True,True,True,4.504629612,85.577911377,54.2969017029,absent,False,structurally unjoinable,unresolved_global_identity_no_local_id_fallback
2439,unemitted,MOT17-13-SDP,,-1,-1,True,True,True,15.4087562561,85.577911377,59.4358291626,absent,False,structurally unjoinable,unresolved_global_identity_no_local_id_fallback
2440,unemitted,MOT17-13-SDP,,-1,-1,True,True,True,4.0123109818,85.577911377,61.5072593689,absent,False,structurally unjoinable,unresolved_global_identity_no_local_id_fallback
2441,unemitted,MOT17-13-SDP,,-1,-1,True,True,True,3.4325742722,85.577911377,51.4266548157,absent,False,structurally unjoinable,unresolved_global_identity_no_local_id_fallback
2442,unemitted,MOT17-13-SDP,,-1,-1,True,True,True,3.0490894318,85.577911377,54.4804420471,absent,False,structurally unjoinable,unresolved_global_identity_no_local_id_fallback
2443,unemitted,MOT17-13-SDP,,-1,-1,True,True,True,2.6440551281,85.577911377,57.3426780701,absent,False,structurally unjoinable,unresolved_global_identity_no_local_id_fallback
2444,unemitted,MOT17-13-SDP,,-1,-1,True,True,True,15.0980491638,85.577911377,55.1335296631,absent,False,structurally unjoinable,unresolved_global_identity_no_local_id_fallback
2445,unemitted,MOT17-13-SDP,,-1,-1,True,True,True,11.9048452377,85.577911377,73.974861145,absent,False,structurally unjoinable,unresolved_global_identity_no_local_id_fallback
2446,unemitted,MOT17-13-SDP,,-1,-1,True,True,True,2.3882539272,85.577911377,55.3372573853,absent,False,structurally unjoinable,unresolved_global_identity_no_local_id_fallback
2447,unemitted,MOT17-13-SDP,,-1,-1,True,True,True,1.1577507257,60.0078735352,63.8640022278,absent,False,structurally unjoinable,unresolved_global_identity_no_local_id_fallback
2448,unemitted,MOT17-13-SDP,,-1,-1,True,True,True,1.3466718197,60.0078735352,60.8290214539,absent,False,structurally unjoinable,unresolved_global_identity_no_local_id_fallback
2449,unemitted,MOT17-13-SDP,,-1,-1,True,True,True,3.1644170284,60.0078735352,59.2093582153,absent,False,structurally unjoinable,unresolved_global_identity_no_local_id_fallback
2450,unemitted,MOT17-13-SDP,,-1,-1,True,True,True,14.8043069839,62.5495605469,65.7234420776,absent,False,structurally unjoinable,unresolved_global_identity_no_local_id_fallback
2451,unemitted,MOT17-13-SDP,,-1,-1,True,True,True,14.2669391632,62.5495605469,69.2054367065,absent,False,structurally unjoinable,unresolved_global_identity_no_local_id_fallback
2452,unemitted,MOT17-13-SDP,,-1,-1,True,True,True,12.9883136749,63.4839515686,76.6354751587,absent,False,structurally unjoinable,unresolved_global_identity_no_local_id_fallback
2453,unemitted,MOT17-13-SDP,,-1,-1,True,True,True,15.0768537521,63.4839515686,78.4233551025,absent,False,structurally unjoinable,unresolved_global_identity_no_local_id_fallback
2454,unemitted,MOT17-13-SDP,,-1,-1,True,True,True,15.4747781754,63.4839515686,82.389251709,absent,False,structurally unjoinable,unresolved_global_identity_no_local_id_fallback
2455,unemitted,MOT17-13-SDP,,-1,-1,True,True,True,11.558259964,63.0698013306,59.2093582153,absent,False,structurally unjoinable,unresolved_global_identity_no_local_id_fallback
2456,unemitted,MOT17-13-SDP,,-1,-1,True,True,True,2.0992288589,63.7685813904,65.7234420776,absent,False,structurally unjoinable,unresolved_global_identity_no_local_id_fallback
2457,unemitted,MOT17-13-SDP,,-1,-1,True,True,True,1.8985905647,63.7685813904,69.2054367065,absent,False,structurally unjoinable,unresolved_global_identity_no_local_id_fallback
2458,unemitted,MOT17-13-SDP,,-1,-1,True,True,True,11.9300746918,50.5344009399,69.2054367065,absent,False,structurally unjoinable,unresolved_global_identity_no_local_id_fallback
2459,unemitted,MOT17-13-SDP,,-1,-1,True,True,True,11.0661678314,52.5050811768,76.6354751587,absent,False,structurally unjoinable,unresolved_global_identity_no_local_id_fallback
2460,unemitted,MOT17-13-SDP,,-1,-1,True,True,True,13.3515977859,52.5050811768,78.4233551025,absent,False,structurally unjoinable,unresolved_global_identity_no_local_id_fallback
2461,unemitted,MOT17-13-SDP,,-1,-1,True,True,True,12.5547895432,63.4322738647,84.939453125,absent,False,structurally unjoinable,unresolved_global_identity_no_local_id_fallback
2462,unemitted,MOT17-13-SDP,,-1,-1,True,True,True,0.395930469,61.0160598755,65.7234420776,absent,False,structurally unjoinable,unresolved_global_identity_no_local_id_fallback
2463,unemitted,MOT17-13-SDP,,-1,-1,True,True,True,1.1833937168,62.6115951538,69.2054367065,absent,False,structurally unjoinable,unresolved_global_identity_no_local_id_fallback
2464,unemitted,MOT17-13-SDP,,-1,-1,True,True,True,0.6007860303,62.6115951538,76.6354751587,absent,False,structurally unjoinable,unresolved_global_identity_no_local_id_fallback
2465,unemitted,MOT17-13-SDP,,-1,-1,True,True,True,1.8722429276,62.6115951538,78.4233551025,absent,False,structurally unjoinable,unresolved_global_identity_no_local_id_fallback
2466,unemitted,MOT17-13-SDP,,-1,-1,True,True,True,1.6346099377,67.9990615845,60.8290214539,absent,False,structurally unjoinable,unresolved_global_identity_no_local_id_fallback
2467,unemitted,MOT17-13-SDP,,-1,-1,True,True,True,3.3451426029,67.9990615845,59.2093582153,absent,False,structurally unjoinable,unresolved_global_identity_no_local_id_fallback
2468,unemitted,MOT17-13-SDP,,-1,-1,True,True,True,16.8319854736,67.9990615845,65.7234420776,absent,False,structurally unjoinable,unresolved_global_identity_no_local_id_fallback
2469,unemitted,MOT17-13-SDP,,-1,-1,True,True,True,0.6624472737,67.6000366211,69.2054367065,absent,False,structurally unjoinable,unresolved_global_identity_no_local_id_fallback
2470,unemitted,MOT17-13-SDP,,-1,-1,True,True,True,1.264968276,67.6000366211,76.6354751587,absent,False,structurally unjoinable,unresolved_global_identity_no_local_id_fallback
2471,unemitted,MOT17-13-SDP,,-1,-1,True,True,True,1.078843236,68.5802993774,69.2054367065,absent,False,structurally unjoinable,unresolved_global_identity_no_local_id_fallback
2472,unemitted,MOT17-13-SDP,,-1,-1,True,True,True,1.6581165791,68.5802993774,76.6354751587,absent,False,structurally unjoinable,unresolved_global_identity_no_local_id_fallback
2473,unemitted,MOT17-13-SDP,,-1,-1,True,True,True,1.4756686687,61.289516449,59.2093582153,absent,False,structurally unjoinable,unresolved_global_identity_no_local_id_fallback
2474,unemitted,MOT17-13-SDP,,-1,-1,True,True,True,15.7769012451,61.289516449,65.7234420776,absent,False,structurally unjoinable,unresolved_global_identity_no_local_id_fallback
2475,unemitted,MOT17-13-SDP,,-1,-1,True,True,True,1.7762538195,44.5378913879,41.746421814,absent,False,structurally unjoinable,unresolved_global_identity_no_local_id_fallback
2476,unemitted,MOT17-13-SDP,,-1,-1,True,True,True,1.9546633959,50.4893608093,55.5015106201,absent,False,structurally unjoinable,unresolved_global_identity_no_local_id_fallback
2477,unemitted,MOT17-13-SDP,,-1,-1,True,True,True,6.7342967987,42.5657234192,41.746421814,absent,False,structurally unjoinable,unresolved_global_identity_no_local_id_fallback
2478,unemitted,MOT17-13-SDP,,-1,-1,True,True,True,15.7501487732,60.8530158997,65.7234420776,absent,False,structurally unjoinable,unresolved_global_identity_no_local_id_fallback
2479,unemitted,MOT17-13-SDP,,-1,-1,True,True,True,15.1769247055,60.8530158997,69.2054367065,absent,False,structurally unjoinable,unresolved_global_identity_no_local_id_fallback
2480,unemitted,MOT17-13-SDP,,-1,-1,True,True,True,0.3582401276,68.6911392212,78.4233551025,absent,False,structurally unjoinable,unresolved_global_identity_no_local_id_fallback
2481,unemitted,MOT17-13-SDP,,-1,-1,True,True,True,1.1319813728,68.6911392212,82.389251709,absent,False,structurally unjoinable,unresolved_global_identity_no_local_id_fallback
2482,unemitted,MOT17-13-SDP,,-1,-1,True,True,True,13.3690290451,71.7787628174,69.2054367065,absent,False,structurally unjoinable,unresolved_global_identity_no_local_id_fallback
2483,unemitted,MOT17-13-SDP,,-1,-1,True,True,True,13.3099136353,71.7787628174,76.6354751587,absent,False,structurally unjoinable,unresolved_global_identity_no_local_id_fallback
2484,unemitted,MOT17-13-SDP,,-1,-1,True,True,True,14.2876472473,76.534942627,82.389251709,absent,False,structurally unjoinable,unresolved_global_identity_no_local_id_fallback
2485,unemitted,MOT17-13-SDP,,-1,-1,True,True,True,14.0881328583,76.534942627,84.939453125,absent,False,structurally unjoinable,unresolved_global_identity_no_local_id_fallback
2486,unemitted,MOT17-13-SDP,,-1,-1,True,True,True,12.2976636887,83.3115005493,110.6607284546,absent,False,structurally unjoinable,unresolved_global_identity_no_local_id_fallback
2487,unemitted,MOT17-13-SDP,,-1,-1,True,True,True,15.4437742233,65.4395751953,65.7234420776,absent,False,structurally unjoinable,unresolved_global_identity_no_local_id_fallback
2488,unemitted,MOT17-13-SDP,,-1,-1,True,True,True,14.9004964828,65.4395751953,69.2054367065,absent,False,structurally unjoinable,unresolved_global_identity_no_local_id_fallback
2489,unemitted,MOT17-13-SDP,,-1,-1,True,True,True,11.9568595886,60.6269187927,69.2054367065,absent,False,structurally unjoinable,unresolved_global_identity_no_local_id_fallback
2490,unemitted,MOT17-13-SDP,,-1,-1,True,True,True,11.9715452194,60.6269187927,76.6354751587,absent,False,structurally unjoinable,unresolved_global_identity_no_local_id_fallback
2491,unemitted,MOT17-13-SDP,,-1,-1,True,True,True,14.1135482788,60.6269187927,78.4233551025,absent,False,structurally unjoinable,unresolved_global_identity_no_local_id_fallback
2492,unemitted,MOT17-13-SDP,,-1,-1,True,True,True,0.6601519585,70.21068573,75.0574111938,absent,False,structurally unjoinable,unresolved_global_identity_no_local_id_fallback
2493,unemitted,MOT17-13-SDP,,-1,-1,True,True,True,10.6411352158,71.0446929932,110.6607284546,absent,False,structurally unjoinable,unresolved_global_identity_no_local_id_fallback
2494,unemitted,MOT17-13-SDP,,-1,-1,True,True,True,2.2750353813,72.7083053589,82.3236312866,absent,False,structurally unjoinable,unresolved_global_identity_no_local_id_fallback
2495,unemitted,MOT17-13-SDP,,-1,-1,True,True,True,12.6296291351,71.2862548828,76.6354751587,absent,False,structurally unjoinable,unresolved_global_identity_no_local_id_fallback
2496,unemitted,MOT17-13-SDP,,-1,-1,True,True,True,14.1139736176,73.6832122803,78.4233551025,absent,False,structurally unjoinable,unresolved_global_identity_no_local_id_fallback
2497,unemitted,MOT17-13-SDP,,-1,-1,True,True,True,14.5112628937,73.6832122803,82.389251709,absent,False,structurally unjoinable,unresolved_global_identity_no_local_id_fallback
2498,unemitted,MOT17-13-SDP,,-1,-1,True,True,True,14.3057165146,73.6832122803,84.939453125,absent,False,structurally unjoinable,unresolved_global_identity_no_local_id_fallback
2499,unemitted,MOT17-13-SDP,,-1,-1,True,True,True,0.852089107,107.2065429688,90.2744216919,absent,False,structurally unjoinable,unresolved_global_identity_no_local_id_fallback
2500,unemitted,MOT17-13-SDP,,-1,-1,True,True,True,8.9146327972,127.9895401001,135.0530548096,absent,False,structurally unjoinable,unresolved_global_identity_no_local_id_fallback
2501,unemitted,MOT17-13-SDP,,-1,-1,True,True,True,8.5714893341,144.0059204102,147.0523529053,absent,False,structurally unjoinable,unresolved_global_identity_no_local_id_fallback
2502,unemitted,MOT17-13-SDP,,-1,-1,True,True,True,8.7273769379,144.0059204102,156.093460083,absent,False,structurally unjoinable,unresolved_global_identity_no_local_id_fallback
2503,unemitted,MOT17-13-SDP,,-1,-1,True,True,True,9.2415962219,130.9201660156,135.0530548096,absent,False,structurally unjoinable,unresolved_global_identity_no_local_id_fallback
2504,unemitted,MOT17-13-SDP,,-1,-1,True,True,True,9.1992111206,137.554397583,147.0523529053,absent,False,structurally unjoinable,unresolved_global_identity_no_local_id_fallback
2505,unemitted,MOT17-13-SDP,,-1,-1,True,True,True,9.3432979584,137.554397583,156.093460083,absent,False,structurally unjoinable,unresolved_global_identity_no_local_id_fallback
2506,unemitted,MOT17-13-SDP,,-1,-1,True,True,True,1.117788434,130.6684570312,147.0523529053,absent,False,structurally unjoinable,unresolved_global_identity_no_local_id_fallback
2507,unemitted,MOT17-13-SDP,,-1,-1,True,True,True,0.6005795598,130.6684570312,156.093460083,absent,False,structurally unjoinable,unresolved_global_identity_no_local_id_fallback
2508,unemitted,MOT17-13-SDP,,-1,-1,True,True,True,1.4952977896,72.6971588135,82.3236312866,absent,False,structurally unjoinable,unresolved_global_identity_no_local_id_fallback
2509,unemitted,MOT17-13-SDP,,-1,-1,True,True,True,1.3776773214,203.4060974121,325.202545166,absent,False,structurally unjoinable,unresolved_global_identity_no_local_id_fallback
2510,unemitted,MOT17-13-SDP,,-1,-1,True,True,True,13.1424846649,123.9952316284,156.093460083,absent,False,structurally unjoinable,unresolved_global_identity_no_local_id_fallback
2511,unemitted,MOT17-13-SDP,,-1,-1,True,True,True,1.2364391088,89.7224273682,90.2744216919,absent,False,structurally unjoinable,unresolved_global_identity_no_local_id_fallback
2512,unemitted,MOT17-13-SDP,,-1,-1,True,True,True,10.6435070038,89.2666091919,121.9281768799,absent,False,structurally unjoinable,unresolved_global_identity_no_local_id_fallback
2513,unemitted,MOT17-13-SDP,,-1,-1,True,True,True,10.5844593048,88.7156600952,135.0530548096,absent,False,structurally unjoinable,unresolved_global_identity_no_local_id_fallback
2514,unemitted,MOT17-13-SDP,,-1,-1,True,True,True,10.5435504913,88.7156600952,137.6940002441,absent,False,structurally unjoinable,unresolved_global_identity_no_local_id_fallback
2515,unemitted,MOT17-13-SDP,,-1,-1,True,True,True,1.0695952177,88.7156600952,82.3236312866,absent,False,structurally unjoinable,unresolved_global_identity_no_local_id_fallback
2516,unemitted,MOT17-13-SDP,,-1,-1,True,True,True,10.7587032318,88.7156600952,147.0523529053,absent,False,structurally unjoinable,unresolved_global_identity_no_local_id_fallback
2517,unemitted,MOT17-13-SDP,,-1,-1,True,True,True,9.7933797836,108.8403167725,121.9281768799,absent,False,structurally unjoinable,unresolved_global_identity_no_local_id_fallback
2518,unemitted,MOT17-13-SDP,,-1,-1,True,True,True,9.1304149628,120.4840393066,137.6940002441,absent,False,structurally unjoinable,unresolved_global_identity_no_local_id_fallback
2519,unemitted,MOT17-13-SDP,,-1,-1,True,True,True,1.2461342812,120.4840393066,82.3236312866,absent,False,structurally unjoinable,unresolved_global_identity_no_local_id_fallback
2520,unemitted,MOT17-13-SDP,,-1,-1,True,True,True,9.3419294357,120.4840393066,147.0523529053,absent,False,structurally unjoinable,unresolved_global_identity_no_local_id_fallback
2521,unemitted,MOT17-13-SDP,,-1,-1,True,True,True,9.7230634689,151.5612335205,147.0523529053,absent,False,structurally unjoinable,unresolved_global_identity_no_local_id_fallback
2522,unemitted,MOT17-13-SDP,,-1,-1,True,True,True,0.3001255691,244.4071044922,325.202545166,absent,False,structurally unjoinable,unresolved_global_identity_no_local_id_fallback
2523,unemitted,MOT17-13-SDP,,-1,-1,True,True,True,10.1494626999,112.4939346313,135.0530548096,absent,False,structurally unjoinable,unresolved_global_identity_no_local_id_fallback
2524,unemitted,MOT17-13-SDP,,-1,-1,True,True,True,10.1172580719,112.4939346313,137.6940002441,absent,False,structurally unjoinable,unresolved_global_identity_no_local_id_fallback
2525,unemitted,MOT17-13-SDP,,-1,-1,True,True,True,0.2004062086,112.4939346313,82.3236312866,absent,False,structurally unjoinable,unresolved_global_identity_no_local_id_fallback
2526,unemitted,MOT17-13-SDP,,-1,-1,True,True,True,10.3207092285,112.4939346313,147.0523529053,absent,False,structurally unjoinable,unresolved_global_identity_no_local_id_fallback
2527,unemitted,MOT17-13-SDP,,-1,-1,True,True,True,8.2956829071,171.7999420166,147.0523529053,absent,False,structurally unjoinable,unresolved_global_identity_no_local_id_fallback
2528,unemitted,MOT17-13-SDP,,-1,-1,True,True,True,8.4543828964,171.7999420166,156.093460083,absent,False,structurally unjoinable,unresolved_global_identity_no_local_id_fallback
2529,unemitted,MOT17-13-SDP,,-1,-1,True,True,True,1.0342880487,229.8866882324,325.202545166,absent,False,structurally unjoinable,unresolved_global_identity_no_local_id_fallback
2530,unemitted,MOT17-13-SDP,,-1,-1,True,True,True,0.1794981658,88.4452896118,104.315246582,absent,False,structurally unjoinable,unresolved_global_identity_no_local_id_fallback
2531,unemitted,MOT17-13-SDP,,-1,-1,True,True,True,15.6591415405,56.2622299194,54.4804420471,absent,False,structurally unjoinable,unresolved_global_identity_no_local_id_fallback
2532,unemitted,MOT17-13-SDP,,-1,-1,True,True,True,15.9155435562,56.2292633057,55.3372573853,absent,False,structurally unjoinable,unresolved_global_identity_no_local_id_fallback
2533,unemitted,MOT17-13-SDP,,-1,-1,True,True,True,15.9754810333,57.669002533,65.7234420776,absent,False,structurally unjoinable,unresolved_global_identity_no_local_id_fallback
2534,unemitted,MOT17-13-SDP,,-1,-1,True,True,True,14.4577693939,58.9804840088,69.2054367065,absent,False,structurally unjoinable,unresolved_global_identity_no_local_id_fallback
2535,unemitted,MOT17-13-SDP,,-1,-1,True,True,True,14.3339118958,58.9804840088,76.6354751587,absent,False,structurally unjoinable,unresolved_global_identity_no_local_id_fallback
2536,unemitted,MOT17-13-SDP,,-1,-1,True,True,True,16.4721221924,58.9804840088,78.4233551025,absent,False,structurally unjoinable,unresolved_global_identity_no_local_id_fallback
2537,unemitted,MOT17-13-SDP,,-1,-1,True,True,True,10.5332298279,197.9666290283,121.9281768799,absent,False,structurally unjoinable,unresolved_global_identity_no_local_id_fallback
2538,unemitted,MOT17-13-SDP,,-1,-1,True,True,True,0.6348419189,49.5635452271,55.5015106201,absent,False,structurally unjoinable,unresolved_global_identity_no_local_id_fallback
2539,unemitted,MOT17-13-SDP,,-1,-1,True,True,True,16.4090461731,61.6821975708,51.4266548157,absent,False,structurally unjoinable,unresolved_global_identity_no_local_id_fallback
2540,unemitted,MOT17-13-SDP,,-1,-1,True,True,True,15.4585704803,69.0907669067,65.7234420776,absent,False,structurally unjoinable,unresolved_global_identity_no_local_id_fallback
2541,unemitted,MOT17-13-SDP,,-1,-1,True,True,True,14.9263925552,69.0907669067,69.2054367065,absent,False,structurally unjoinable,unresolved_global_identity_no_local_id_fallback
2542,unemitted,MOT17-13-SDP,,-1,-1,True,True,True,1.458573699,57.0126190186,55.5015106201,absent,False,structurally unjoinable,unresolved_global_identity_no_local_id_fallback
2543,unemitted,MOT17-13-SDP,,-1,-1,True,True,True,15.798666954,63.1219749451,65.7234420776,absent,False,structurally unjoinable,unresolved_global_identity_no_local_id_fallback
2544,unemitted,MOT17-13-SDP,,-1,-1,True,True,True,15.2340316772,63.1219749451,69.2054367065,absent,False,structurally unjoinable,unresolved_global_identity_no_local_id_fallback
2545,unemitted,MOT17-13-SDP,,-1,-1,True,True,True,1.5387334824,49.6088752747,49.0032806396,absent,False,structurally unjoinable,unresolved_global_identity_no_local_id_fallback
2546,unemitted,MOT17-13-SDP,,-1,-1,True,True,True,12.9006185532,49.6480712891,54.4804420471,absent,False,structurally unjoinable,unresolved_global_identity_no_local_id_fallback
2547,unemitted,MOT17-13-SDP,,-1,-1,True,True,True,12.9929256439,49.6480712891,57.3426780701,absent,False,structurally unjoinable,unresolved_global_identity_no_local_id_fallback
2548,unemitted,MOT17-13-SDP,,-1,-1,True,True,True,3.5026779175,49.6480712891,55.1335296631,absent,False,structurally unjoinable,unresolved_global_identity_no_local_id_fallback
2549,unemitted,MOT17-13-SDP,,-1,-1,True,True,True,1.1498773098,49.6480712891,73.974861145,absent,False,structurally unjoinable,unresolved_global_identity_no_local_id_fallback
2550,unemitted,MOT17-13-SDP,,-1,-1,True,True,True,2.4358482361,49.1385116577,63.8640022278,absent,False,structurally unjoinable,unresolved_global_identity_no_local_id_fallback
2551,unemitted,MOT17-13-SDP,,-1,-1,True,True,True,2.7738702297,49.2377853394,60.8290214539,absent,False,structurally unjoinable,unresolved_global_identity_no_local_id_fallback
2552,unemitted,MOT17-13-SDP,,-1,-1,True,True,True,0.8307911754,49.2377853394,59.2093582153,absent,False,structurally unjoinable,unresolved_global_identity_no_local_id_fallback
2553,unemitted,MOT17-13-SDP,,-1,-1,True,True,True,12.8269319534,49.2812843323,69.2054367065,absent,False,structurally unjoinable,unresolved_global_identity_no_local_id_fallback
2554,unemitted,MOT17-13-SDP,,-1,-1,True,True,True,13.8986978531,52.740814209,82.389251709,absent,False,structurally unjoinable,unresolved_global_identity_no_local_id_fallback
2555,unemitted,MOT17-13-SDP,,-1,-1,True,True,True,13.6790132523,52.740814209,84.939453125,absent,False,structurally unjoinable,unresolved_global_identity_no_local_id_fallback
2556,unemitted,MOT17-13-SDP,,-1,-1,True,True,True,15.4261789322,104.3758544922,63.8640022278,absent,False,structurally unjoinable,unresolved_global_identity_no_local_id_fallback
2557,unemitted,MOT17-13-SDP,,-1,-1,True,True,True,12.6928710938,63.4707717896,82.389251709,absent,False,structurally unjoinable,unresolved_global_identity_no_local_id_fallback
2558,unemitted,MOT17-13-SDP,,-1,-1,True,True,True,12.5722084045,64.2481994629,84.939453125,absent,False,structurally unjoinable,unresolved_global_identity_no_local_id_fallback
2559,unemitted,MOT17-13-SDP,,-1,-1,True,True,True,2.7264790535,57.955291748,90.2744216919,absent,False,structurally unjoinable,unresolved_global_identity_no_local_id_fallback
2560,unemitted,MOT17-13-SDP,,-1,-1,True,True,True,3.778949976,57.955291748,82.3236312866,absent,False,structurally unjoinable,unresolved_global_identity_no_local_id_fallback
2561,unemitted,MOT17-13-SDP,,-1,-1,True,True,True,17.8300189972,52.285320282,48.0587272644,absent,False,structurally unjoinable,unresolved_global_identity_no_local_id_fallback
2562,unemitted,MOT17-13-SDP,,-1,-1,True,True,True,16.6860141754,52.285320282,54.2969017029,absent,False,structurally unjoinable,unresolved_global_identity_no_local_id_fallback
2563,unemitted,MOT17-13-SDP,,-1,-1,True,True,True,1.4982703924,52.285320282,59.4358291626,absent,False,structurally unjoinable,unresolved_global_identity_no_local_id_fallback
2564,unemitted,MOT17-13-SDP,,-1,-1,True,True,True,15.9741897583,52.285320282,61.5072593689,absent,False,structurally unjoinable,unresolved_global_identity_no_local_id_fallback
2565,unemitted,MOT17-13-SDP,,-1,-1,True,True,True,7.333337307,52.285320282,49.0032806396,absent,False,structurally unjoinable,unresolved_global_identity_no_local_id_fallback
2566,unemitted,MOT17-13-SDP,,-1,-1,True,True,True,18.728937149,52.285320282,51.4266548157,absent,False,structurally unjoinable,unresolved_global_identity_no_local_id_fallback
2567,unemitted,MOT17-13-SDP,,-1,-1,True,True,True,18.6060676575,52.285320282,54.4804420471,absent,False,structurally unjoinable,unresolved_global_identity_no_local_id_fallback
2568,unemitted,MOT17-13-SDP,,-1,-1,True,True,True,0.2308558375,56.5774688721,59.2093582153,absent,False,structurally unjoinable,unresolved_global_identity_no_local_id_fallback
2569,unemitted,MOT17-13-SDP,,-1,-1,True,True,True,13.7337198257,57.9693145752,65.7234420776,absent,False,structurally unjoinable,unresolved_global_identity_no_local_id_fallback
2570,unemitted,MOT17-13-SDP,,-1,-1,True,True,True,13.5353651047,59.4742889404,78.4233551025,absent,False,structurally unjoinable,unresolved_global_identity_no_local_id_fallback
2571,unemitted,MOT17-13-SDP,,-1,-1,True,True,True,13.9908761978,59.4742889404,82.389251709,absent,False,structurally unjoinable,unresolved_global_identity_no_local_id_fallback
2572,unemitted,MOT17-13-SDP,,-1,-1,True,True,True,13.7812175751,59.4742889404,84.939453125,absent,False,structurally unjoinable,unresolved_global_identity_no_local_id_fallback
2573,unemitted,MOT17-13-SDP,,-1,-1,True,True,True,13.5032510757,53.2536239624,57.3426780701,absent,False,structurally unjoinable,unresolved_global_identity_no_local_id_fallback
2574,unemitted,MOT17-13-SDP,,-1,-1,True,True,True,2.4286961555,53.2536239624,55.1335296631,absent,False,structurally unjoinable,unresolved_global_identity_no_local_id_fallback
2575,unemitted,MOT17-13-SDP,,-1,-1,True,True,True,0.3061956465,53.2536239624,73.974861145,absent,False,structurally unjoinable,unresolved_global_identity_no_local_id_fallback
2576,unemitted,MOT17-13-SDP,,-1,-1,True,True,True,14.1342668533,53.2536239624,55.3372573853,absent,False,structurally unjoinable,unresolved_global_identity_no_local_id_fallback
2577,unemitted,MOT17-13-SDP,,-1,-1,True,True,True,2.0725672245,65.7482528687,75.0574111938,absent,False,structurally unjoinable,unresolved_global_identity_no_local_id_fallback
